query_id,family,length,method,retrieval_type,use_guidance,guidance_mode,use_dsr,k,neighbor_families,family_purity,top1_family_match,avg_similarity,sensitivity,ppv,f1,embed_query_time,retrieval_time,folding_time,total_time,heldout_family
16S_rRNA-Actinobacteria-X53202,16S_rRNA,1356,rnafm_faiss_guided_k14_lofo,faiss,1,consensus,0,14,tRNA|group_I_intron|tmRNA|tRNA|group_I_intron|RfamFamily|tRNA|tmRNA|RNaseP|group_I_intron|group_I_intron|SRP|tRNA|SRP,0.0,0,0.04157177668630076,0.3273657289002558,0.3076923076923077,0.3172242874845105,1.1092892469996514,0.0006858489996375283,0.0,1.109975095999289,16S_rRNA
16S_rRNA-Actinobacteria-AB184670,16S_rRNA,1455,rnafm_faiss_guided_k14_lofo,faiss,1,consensus,0,14,RfamFamily|tRNA|tRNA|tRNA|5S_rRNA|5S_rRNA|tRNA|tRNA|5S_rRNA|tRNA|5S_rRNA|5S_rRNA|5S_rRNA|5S_rRNA,0.0,0,0.04119232347724492,0.36926605504587157,0.3522975929978118,0.3605823068309071,1.1031500939998296,0.0006570919995283475,0.0,1.103807185999358,16S_rRNA
16S_rRNA-Bacilli-AY576706,16S_rRNA,538,rnafm_faiss_guided_k14_lofo,faiss,1,consensus,0,14,tRNA|tRNA|tRNA|5S_rRNA|tRNA|tRNA|tRNA|5S_rRNA|5S_rRNA|tRNA|5S_rRNA|tRNA|tRNA|RfamFamily,0.0,0,0.04521195116898672,0.5733333333333334,0.5512820512820513,0.5620915032679739,1.6973305009996693,0.0007023779999144608,0.0,1.6980328789995838,16S_rRNA
16S_rRNA-Bacilli-AJ315064,16S_rRNA,1310,rnafm_faiss_guided_k14_lofo,faiss,1,consensus,0,14,RfamFamily|tRNA|tRNA|5S_rRNA|5S_rRNA|5S_rRNA|5S_rRNA|5S_rRNA|5S_rRNA|5S_rRNA|tRNA|5S_rRNA|tRNA|5S_rRNA,0.0,0,0.04617459810033606,0.3951612903225806,0.3798449612403101,0.38735177865612647,1.788978732999567,0.0007154360000640736,0.0,1.789694168999631,16S_rRNA
16S_rRNA-Aquifcae-DQ834093,16S_rRNA,1376,rnafm_faiss_guided_k14_lofo,faiss,1,consensus,0,14,RfamFamily|group_I_intron|tmRNA|SRP|RNaseP|SRP|RNaseP|RNaseP|SRP|group_I_intron|RfamFamily|group_I_intron|RNaseP|SRP,0.0,0,0.06868818289518584,0.42789598108747046,0.40492170022371365,0.4160919540229886,1.3708797239996784,0.0006078810001781676,0.0,1.3714876049998566,16S_rRNA
16S_rRNA-Alphaproteobacteria-AF007254,16S_rRNA,400,rnafm_faiss_guided_k14_lofo,faiss,1,consensus,0,14,tRNA|RfamFamily|tRNA|tRNA|tRNA|tRNA|tRNA|5S_rRNA|5S_rRNA|group_I_intron|tRNA|group_I_intron|tRNA|tRNA,0.0,0,0.040314493139391165,0.5242718446601942,0.45,0.484304932735426,1.1804189799995584,0.0005757540002377937,0.0,1.1809947339997962,16S_rRNA
16S_rRNA-Actinobacteria-D45060,16S_rRNA,1486,rnafm_faiss_guided_k14_lofo,faiss,1,consensus,0,14,tRNA|tRNA|tRNA|RfamFamily|tRNA|tRNA|tRNA|tRNA|tRNA|tRNA|tRNA|5S_rRNA|tRNA|5S_rRNA,0.0,0,0.06120352444603116,0.3142857142857143,0.29065040650406504,0.3020063357972545,1.5353361480001695,0.0007799329996487359,0.0,1.5361160809998182,16S_rRNA
16S_rRNA-Actinobacteria-DQ180958,16S_rRNA,1356,rnafm_faiss_guided_k14_lofo,faiss,1,consensus,0,14,RfamFamily|tRNA|SRP|SRP|SRP|SRP|SRP|SRP|SRP|SRP|SRP|tRNA|tRNA|tRNA,0.0,0,0.0472755910872819,0.23486682808716708,0.26430517711171664,0.24871794871794875,1.1833308919995034,0.0006044100000508479,0.0,1.1839353019995542,16S_rRNA
16S_rRNA-Actinobacteria-AY707843,16S_rRNA,547,rnafm_faiss_guided_k14_lofo,faiss,1,consensus,0,14,tRNA|tRNA|5S_rRNA|5S_rRNA|5S_rRNA|tRNA|tRNA|RfamFamily|tRNA|tRNA|tRNA|5S_rRNA|tRNA|tRNA,0.0,0,0.042582468443619445,0.3643410852713178,0.2640449438202247,0.3061889250814332,1.1868993519992728,0.0005849839999427786,0.0,1.1874843359992155,16S_rRNA
16S_rRNA-Actinobacteria-AB196711,16S_rRNA,1437,rnafm_faiss_guided_k14_lofo,faiss,1,consensus,0,14,RfamFamily|tRNA|tRNA|tRNA|tRNA|tRNA|tRNA|tRNA|tRNA|tRNA|tRNA|tRNA|tRNA|5S_rRNA,0.0,0,0.05776769169515218,0.3190045248868778,0.3019271948608137,0.3102310231023102,1.1967759069993917,0.00060989800022071,0.0,1.1973858049996124,16S_rRNA
16S_rRNA-Actinobacteria-AB184838,16S_rRNA,1480,rnafm_faiss_guided_k14_lofo,faiss,1,consensus,0,14,RfamFamily|tRNA|tRNA|SRP|SRP|SRP|SRP|SRP|SRP|SRP|SRP|5S_rRNA|5S_rRNA|tRNA,0.0,0,0.04087072789400344,0.28,0.3050847457627119,0.29200463499420626,1.2261910560000615,0.0005940510000073118,0.0,1.2267851070000688,16S_rRNA
16S_rRNA-Actinobacteria-DQ419520,16S_rRNA,1454,rnafm_faiss_guided_k14_lofo,faiss,1,consensus,0,14,RfamFamily|tRNA|tRNA|RfamFamily|tRNA|tRNA|tRNA|tRNA|tRNA|tRNA|SRP|SRP|tRNA|tRNA,0.0,0,0.04857631477130275,0.232662192393736,0.22857142857142856,0.23059866962305983,1.2294076320004024,0.0005993750000925502,0.0,1.230007007000495,16S_rRNA
16S_rRNA-Aquifcae-AB267428,16S_rRNA,1075,rnafm_faiss_guided_k14_lofo,faiss,1,consensus,0,14,RfamFamily|RNaseP|SRP|group_I_intron|RNaseP|group_I_intron|group_I_intron|RfamFamily|group_I_intron|tRNA|group_I_intron|RNaseP|SRP|group_I_intron,0.0,0,0.07810778432155367,0.5337620578778135,0.46629213483146065,0.4977511244377811,1.9717347139994672,0.0007037280001895851,0.0,1.9724384419996568,16S_rRNA
16S_rRNA-Bacilli-AB186306,16S_rRNA,779,rnafm_faiss_guided_k14_lofo,faiss,1,consensus,0,14,RfamFamily|RfamFamily|RNaseP|tmRNA|tmRNA|group_I_intron|RfamFamily|5S_rRNA|5S_rRNA|RNaseP|group_I_intron|RfamFamily|RfamFamily|SRP,0.0,0,0.04096503628927389,0.576271186440678,0.5619834710743802,0.5690376569037656,1.2181325370002014,0.0005936100005783373,0.0,1.2187261470007797,16S_rRNA
16S_rRNA-Bacilli-DQ401243,16S_rRNA,503,rnafm_faiss_guided_k14_lofo,faiss,1,consensus,0,14,tRNA|5S_rRNA|RfamFamily|5S_rRNA|tRNA|5S_rRNA|5S_rRNA|5S_rRNA|tRNA|5S_rRNA|tRNA|tRNA|RfamFamily|tRNA,0.0,0,0.03049866886388781,0.4899328859060403,0.6239316239316239,0.5488721804511278,1.2499922819997664,0.000581834999138664,0.0,1.250574116998905,16S_rRNA
16S_rRNA-Actinobacteria-AB184724,16S_rRNA,1473,rnafm_faiss_guided_k14_lofo,faiss,1,consensus,0,14,RfamFamily|tRNA|5S_rRNA|tRNA|5S_rRNA|tRNA|5S_rRNA|tRNA|tRNA|tRNA|SRP|group_I_intron|tRNA|SRP,0.0,0,0.04254035668602454,0.3400900900900901,0.31524008350730687,0.3271939328277357,1.2081743010003265,0.0006510269995487761,0.0,1.2088253279998753,16S_rRNA
16S_rRNA-Alphaproteobacteria-D14513,16S_rRNA,1475,rnafm_faiss_guided_k14_lofo,faiss,1,consensus,0,14,RfamFamily|tRNA|tRNA|tRNA|tRNA|tRNA|group_I_intron|5S_rRNA|RNaseP|group_I_intron|group_I_intron|tRNA|tRNA|tRNA,0.0,0,0.04728302858207003,0.5188470066518847,0.5176991150442478,0.5182724252491695,1.8230280329999005,0.0006535989996336866,0.0,1.8236816319995341,16S_rRNA
16S_rRNA-Actinobacteria-AJ746069,16S_rRNA,815,rnafm_faiss_guided_k14_lofo,faiss,1,consensus,0,14,RfamFamily|tRNA|tRNA|SRP|SRP|SRP|SRP|SRP|tRNA|SRP|SRP|tRNA|SRP|tRNA,0.0,0,0.042194959531828856,0.11428571428571428,0.13270142180094788,0.12280701754385964,1.2249511700001676,0.0005945720004092436,0.0,1.2255457420005769,16S_rRNA
16S_rRNA-Aquifcae-DQ398785,16S_rRNA,424,rnafm_faiss_guided_k14_lofo,faiss,1,consensus,0,14,RfamFamily|RfamFamily|tmRNA|tmRNA|tmRNA|tmRNA|tmRNA|RNaseP|group_I_intron|tRNA|SRP|tmRNA|tmRNA|tmRNA,0.0,0,0.05216672309020416,0.61,0.46564885496183206,0.528138528138528,1.2491682139998375,0.0005753790001108428,0.0,1.2497435929999483,16S_rRNA
16S_rRNA-Aquifcae-AY193014,16S_rRNA,501,rnafm_faiss_guided_k14_lofo,faiss,1,consensus,0,14,RfamFamily|tRNA|tRNA|RfamFamily|tRNA|tRNA|tRNA|tRNA|tRNA|tRNA|tRNA|tRNA|tRNA|tRNA,0.0,0,0.05297440321906636,0.6046511627906976,0.527027027027027,0.5631768953068591,1.228796517999399,0.0005632250004055095,0.0,1.2293597429998044,16S_rRNA
16S_rRNA-Bacilli-AY640306,16S_rRNA,847,rnafm_faiss_guided_k14_lofo,faiss,1,consensus,0,14,tRNA|tRNA|tRNA|tRNA|tRNA|5S_rRNA|tRNA|RfamFamily|5S_rRNA|5S_rRNA|tRNA|5S_rRNA|tRNA|tRNA,0.0,0,0.028495322274226027,0.54,0.5113636363636364,0.5252918287937743,1.237809016999563,0.0006101010003476404,0.0,1.2384191179999107,16S_rRNA
16S_rRNA-Actinobacteria-AB167246,16S_rRNA,1417,rnafm_faiss_guided_k14_lofo,faiss,1,consensus,0,14,tRNA|tRNA|tRNA|tRNA|RfamFamily|5S_rRNA|tRNA|5S_rRNA|tRNA|5S_rRNA|5S_rRNA|5S_rRNA|5S_rRNA|RfamFamily,0.0,0,0.038143866023327054,0.28537735849056606,0.28741092636579574,0.28639053254437874,1.8756721119998474,0.0006414370000129566,0.0,1.8763135489998604,16S_rRNA
16S_rRNA-Alphaproteobacteria-AY225395,16S_rRNA,1344,rnafm_faiss_guided_k14_lofo,faiss,1,consensus,0,14,RfamFamily|tRNA|group_I_intron|tRNA|tRNA|5S_rRNA|5S_rRNA|tRNA|5S_rRNA|tRNA|5S_rRNA|group_I_intron|group_I_intron|group_I_intron,0.0,0,0.04773115540139518,0.5555555555555556,0.48498845265588914,0.5178791615289766,1.2388266490006572,0.0005716559999200399,0.0,1.2393983050005772,16S_rRNA
16S_rRNA-Actinobacteria-AY900245,16S_rRNA,502,rnafm_faiss_guided_k14_lofo,faiss,1,consensus,0,14,SRP|tRNA|tRNA|5S_rRNA|SRP|5S_rRNA|SRP|SRP|SRP|SRP|RfamFamily|RfamFamily|tRNA|5S_rRNA,0.0,0,0.04595520385722729,0.28225806451612906,0.3645833333333333,0.3181818181818182,1.224413506000019,0.0006178829999043955,0.0,1.2250313889999234,16S_rRNA
16S_rRNA-Bacilli-DQ486946,16S_rRNA,979,rnafm_faiss_guided_k14_lofo,faiss,1,consensus,0,14,tRNA|tRNA|tRNA|tRNA|tRNA|5S_rRNA|5S_rRNA|RfamFamily|RfamFamily|tRNA|5S_rRNA|5S_rRNA|5S_rRNA|tRNA,0.0,0,0.028704674567834845,0.43846153846153846,0.41304347826086957,0.4253731343283582,1.5254632330006643,0.0006303509999270318,0.0,1.5260935840005914,16S_rRNA
16S_rRNA-Bacilli-AY631056,16S_rRNA,1372,rnafm_faiss_guided_k14_lofo,faiss,1,consensus,0,14,tRNA|5S_rRNA|5S_rRNA|tRNA|5S_rRNA|5S_rRNA|tRNA|5S_rRNA|5S_rRNA|RfamFamily|5S_rRNA|tRNA|5S_rRNA|tRNA,0.0,0,0.04580458526121488,0.4206730769230769,0.42475728155339804,0.4227053140096618,1.8089158650000172,0.0005647839998346171,0.0,1.8094806489998518,16S_rRNA
16S_rRNA-Alphaproteobacteria-AM114404,16S_rRNA,1388,rnafm_faiss_guided_k14_lofo,faiss,1,consensus,0,14,RfamFamily|tRNA|tRNA|5S_rRNA|5S_rRNA|5S_rRNA|5S_rRNA|5S_rRNA|tRNA|5S_rRNA|tRNA|5S_rRNA|5S_rRNA|RfamFamily,0.0,0,0.050233693727079524,0.4033816425120773,0.3938679245283019,0.39856801909307876,1.2107126800001424,0.0006046910002623918,0.0,1.2113173710004048,16S_rRNA
16S_rRNA-Alphaproteobacteria-X79726,16S_rRNA,1385,rnafm_faiss_guided_k14_lofo,faiss,1,consensus,0,14,SRP|group_I_intron|RfamFamily|tmRNA|group_I_intron|group_I_intron|group_I_intron|RNaseP|RNaseP|tmRNA|group_I_intron|RNaseP|group_I_intron|group_I_intron,0.0,0,0.05715489117033771,0.2725060827250608,0.27053140096618356,0.2715151515151515,1.2261668929995722,0.0006209410003066296,0.0,1.2267878339998788,16S_rRNA
16S_rRNA-Bacilli-DQ401214,16S_rRNA,569,rnafm_faiss_guided_k14_lofo,faiss,1,consensus,0,14,5S_rRNA|RfamFamily|tRNA|tRNA|5S_rRNA|5S_rRNA|5S_rRNA|tRNA|5S_rRNA|tRNA|5S_rRNA|tRNA|5S_rRNA|5S_rRNA,0.0,0,0.032120112866095535,0.3793103448275862,0.35714285714285715,0.3678929765886288,1.2525979950005421,0.0006428879996747128,0.0,1.2532408830002169,16S_rRNA
16S_rRNA-Actinobacteria-D45051,16S_rRNA,1462,rnafm_faiss_guided_k14_lofo,faiss,1,consensus,0,14,RfamFamily|tRNA|tRNA|tRNA|tRNA|tRNA|tRNA|tRNA|tRNA|tRNA|tRNA|tRNA|tRNA|tRNA,0.0,0,0.060635229593751915,0.3722466960352423,0.3730684326710817,0.37265711135611906,1.2029088129993397,0.00061740799992549,0.0,1.2035262209992652,16S_rRNA
16S_rRNA-Actinobacteria-DQ375800,16S_rRNA,1313,rnafm_faiss_guided_k14_lofo,faiss,1,consensus,0,14,5S_rRNA|RfamFamily|tRNA|SRP|5S_rRNA|5S_rRNA|RfamFamily|5S_rRNA|tRNA|SRP|tRNA|SRP|SRP|SRP,0.0,0,0.04876901236112745,0.23433242506811988,0.2369146005509642,0.23561643835616441,1.2230296569996426,0.0005885769996893941,0.0,1.223618233999332,16S_rRNA
16S_rRNA-Mollicutes-L33735,16S_rRNA,1435,rnafm_faiss_guided_k14_lofo,faiss,1,consensus,0,14,RNaseP|group_I_intron|group_I_intron|tmRNA|group_I_intron|group_I_intron|group_I_intron|group_I_intron|group_I_intron|group_I_intron|group_I_intron|group_I_intron|tmRNA|RfamFamily,0.0,0,0.08410060770805738,0.32304038004750596,0.3076923076923077,0.31517960602549255,1.8380561240001043,0.0006911500004207483,0.0,1.838747274000525,16S_rRNA
16S_rRNA-Actinobacteria-DQ521381,16S_rRNA,1436,rnafm_faiss_guided_k14_lofo,faiss,1,consensus,0,14,RfamFamily|group_I_intron|group_I_intron|group_I_intron|tRNA|group_I_intron|group_I_intron|tRNA|group_I_intron|group_I_intron|RNaseP|group_I_intron|SRP|tRNA,0.0,0,0.04761795997928956,0.4676258992805755,0.42207792207792205,0.44368600682593856,1.2302209449999282,0.0006769249994249549,0.0,1.2308978699993531,16S_rRNA
16S_rRNA-Bacilli-L37596,16S_rRNA,1498,rnafm_faiss_guided_k14_lofo,faiss,1,consensus,0,14,RfamFamily|tRNA|5S_rRNA|5S_rRNA|5S_rRNA|tRNA|5S_rRNA|5S_rRNA|5S_rRNA|tRNA|tRNA|5S_rRNA|tRNA|tRNA,0.0,0,0.03198632843430797,0.3646288209606987,0.36784140969163,0.3662280701754386,1.238077281999722,0.0006135720004749601,0.0,1.2386908540001969,16S_rRNA
16S_rRNA-Bacilli-DQ643113,16S_rRNA,600,rnafm_faiss_guided_k14_lofo,faiss,1,consensus,0,14,5S_rRNA|5S_rRNA|5S_rRNA|tRNA|5S_rRNA|5S_rRNA|5S_rRNA|5S_rRNA|RfamFamily|tRNA|5S_rRNA|5S_rRNA|5S_rRNA|5S_rRNA,0.0,0,0.04182433939285841,0.3548387096774194,0.3353658536585366,0.34482758620689663,1.225055333000455,0.0006121489996075979,0.0,1.2256674820000626,16S_rRNA
16S_rRNA-Bacilli-AY278609,16S_rRNA,1504,rnafm_faiss_guided_k14_lofo,faiss,1,consensus,0,14,5S_rRNA|5S_rRNA|5S_rRNA|5S_rRNA|5S_rRNA|5S_rRNA|5S_rRNA|5S_rRNA|5S_rRNA|5S_rRNA|5S_rRNA|5S_rRNA|5S_rRNA|tRNA,0.0,0,0.046912568426785574,0.43231441048034935,0.42950108459869846,0.43090315560391734,1.256562744999428,0.0007746520004729973,0.0,1.257337396999901,16S_rRNA
16S_rRNA-Actinobacteria-AJ488565,16S_rRNA,1461,rnafm_faiss_guided_k14_lofo,faiss,1,consensus,0,14,RfamFamily|tRNA|tRNA|tRNA|tRNA|tRNA|tRNA|tRNA|tRNA|tRNA|tRNA|tRNA|tRNA|tRNA,0.0,0,0.0493633436618079,0.32666666666666666,0.3068893528183716,0.31646932185145316,1.293283590000101,0.0009317519998148782,0.0,1.2942153419999158,16S_rRNA
16S_rRNA-Bacilli-AJ841849,16S_rRNA,411,rnafm_faiss_guided_k14_lofo,faiss,1,consensus,0,14,tRNA|tRNA|5S_rRNA|5S_rRNA|5S_rRNA|5S_rRNA|tRNA|tRNA|5S_rRNA|5S_rRNA|tRNA|5S_rRNA|tRNA|5S_rRNA,0.0,0,0.037091588646347,0.5340909090909091,0.5662650602409639,0.5497076023391813,1.4246003680000285,0.0009734189998198417,0.0,1.4255737869998484,16S_rRNA
16S_rRNA-Actinobacteria-X92618,16S_rRNA,1474,rnafm_faiss_guided_k14_lofo,faiss,1,consensus,0,14,RfamFamily|tRNA|RfamFamily|tRNA|tRNA|tRNA|tRNA|5S_rRNA|tRNA|tRNA|tRNA|tRNA|tRNA|tRNA,0.0,0,0.05131479322837552,0.31788079470198677,0.3018867924528302,0.3096774193548387,1.2971190930002194,0.0007500499996240251,0.0,1.2978691429998435,16S_rRNA
16S_rRNA-Mollicutes-DQ411470,16S_rRNA,583,rnafm_faiss_guided_k14_lofo,faiss,1,consensus,0,14,group_I_intron|group_I_intron|tmRNA|group_I_intron|group_I_intron|RfamFamily|RfamFamily|tmRNA|group_I_intron|group_I_intron|group_I_intron|RfamFamily|group_I_intron|RfamFamily,0.0,0,0.08781218171575408,0.6242424242424243,0.569060773480663,0.5953757225433526,1.3336712229993282,0.0009581750000506872,0.0,1.3346293979993789,16S_rRNA
16S_rRNA-Actinobacteria-AY999850,16S_rRNA,1421,rnafm_faiss_guided_k14_lofo,faiss,1,consensus,0,14,RfamFamily|tRNA|5S_rRNA|5S_rRNA|tRNA|5S_rRNA|tRNA|5S_rRNA|tRNA|5S_rRNA|5S_rRNA|5S_rRNA|tRNA|tRNA,0.0,0,0.034991508750219065,0.3381294964028777,0.3078602620087336,0.3222857142857143,1.9762249199993676,0.0008438509994448395,0.0,1.9770687709988124,16S_rRNA
16S_rRNA-Bacilli-AY986507,16S_rRNA,1540,rnafm_faiss_guided_k14_lofo,faiss,1,consensus,0,14,RfamFamily|tRNA|tRNA|RfamFamily|tRNA|group_I_intron|tRNA|tRNA|group_I_intron|5S_rRNA|tRNA|group_I_intron|RfamFamily|5S_rRNA,0.0,0,0.03462538783498158,0.4050632911392405,0.3942505133470226,0.3995837669094693,1.3335695280002255,0.0008192160003090976,0.0,1.3343887440005346,16S_rRNA
16S_rRNA-Bacilli-U02923,16S_rRNA,319,rnafm_faiss_guided_k14_lofo,faiss,1,consensus,0,14,5S_rRNA|tRNA|group_I_intron|5S_rRNA|5S_rRNA|5S_rRNA|5S_rRNA|5S_rRNA|5S_rRNA|5S_rRNA|RfamFamily|group_I_intron|5S_rRNA|tRNA,0.0,0,0.04051757734735172,0.5441176470588235,0.5967741935483871,0.5692307692307692,1.9387147010002082,0.0010969049999403069,0.0,1.9398116060001485,16S_rRNA
16S_rRNA-Alphaproteobacteria-DQ377753,16S_rRNA,1351,rnafm_faiss_guided_k14_lofo,faiss,1,consensus,0,14,tRNA|tRNA|RfamFamily|tRNA|5S_rRNA|tRNA|5S_rRNA|5S_rRNA|tRNA|tRNA|5S_rRNA|SRP|5S_rRNA|tRNA,0.0,0,0.04130464303222635,0.5116883116883116,0.4613583138173302,0.4852216748768473,1.97137210100027,0.0009705420006866916,0.0,1.9723426430009567,16S_rRNA
16S_rRNA-Actinobacteria-AY741363,16S_rRNA,1402,rnafm_faiss_guided_k14_lofo,faiss,1,consensus,0,14,RfamFamily|tRNA|5S_rRNA|5S_rRNA|5S_rRNA|tRNA|tRNA|tRNA|5S_rRNA|group_I_intron|tRNA|group_I_intron|SRP|group_I_intron,0.0,0,0.04071890941553725,0.43564356435643564,0.3876651982378855,0.41025641025641024,1.3032494969993422,0.0008341189995917375,0.0,1.304083615998934,16S_rRNA
16S_rRNA-Actinobacteria-AJ620368,16S_rRNA,1514,rnafm_faiss_guided_k14_lofo,faiss,1,consensus,0,14,RfamFamily|tRNA|tRNA|tRNA|tRNA|5S_rRNA|tRNA|tRNA|tRNA|5S_rRNA|tRNA|tRNA|tRNA|5S_rRNA,0.0,0,0.03925357517764212,0.5197368421052632,0.488659793814433,0.5037194473963869,1.8820123049999893,0.0009030010005517397,0.0,1.882915306000541,16S_rRNA
16S_rRNA-Bacilli-AB064841,16S_rRNA,531,rnafm_faiss_guided_k14_lofo,faiss,1,consensus,0,14,RfamFamily|5S_rRNA|5S_rRNA|RfamFamily|RNaseP|5S_rRNA|5S_rRNA|RfamFamily|SRP|5S_rRNA|SRP|5S_rRNA|tmRNA|5S_rRNA,0.0,0,0.033843084576229955,0.3157894736842105,0.3779527559055118,0.3440860215053763,1.3359515160000228,0.0007992299997567898,0.0,1.3367507459997796,16S_rRNA
16S_rRNA-Bacilli-AY871103,16S_rRNA,1503,rnafm_faiss_guided_k14_lofo,faiss,1,consensus,0,14,RfamFamily|group_I_intron|tRNA|group_I_intron|tRNA|5S_rRNA|group_I_intron|group_I_intron|group_I_intron|RfamFamily|group_I_intron|group_I_intron|RfamFamily|group_I_intron,0.0,0,0.0381851800045766,0.551948051948052,0.5172413793103449,0.5340314136125655,1.3079337580002175,0.0008357599999726517,0.0,1.3087695180001901,16S_rRNA
16S_rRNA-Actinobacteria-AY999885,16S_rRNA,1407,rnafm_faiss_guided_k14_lofo,faiss,1,consensus,0,14,RfamFamily|tRNA|tRNA|tRNA|tRNA|tRNA|5S_rRNA|5S_rRNA|5S_rRNA|tRNA|5S_rRNA|SRP|SRP|SRP,0.0,0,0.04057920667231898,0.40786240786240785,0.3577586206896552,0.3811710677382319,1.93943078600023,0.0009119529995587072,0.0,1.9403427389997887,16S_rRNA
16S_rRNA-Bacilli-AB188210,16S_rRNA,1545,rnafm_faiss_guided_k14_lofo,faiss,1,consensus,0,14,RfamFamily|tRNA|tRNA|5S_rRNA|5S_rRNA|5S_rRNA|5S_rRNA|tRNA|tRNA|5S_rRNA|tRNA|tRNA|5S_rRNA|tRNA,0.0,0,0.03545186405761469,0.4117647058823529,0.4336283185840708,0.42241379310344823,1.3198257980002381,0.0008061089993134374,0.0,1.3206319069995516,16S_rRNA
16S_rRNA-Actinobacteria-DQ887328,16S_rRNA,1495,rnafm_faiss_guided_k14_lofo,faiss,1,consensus,0,14,RfamFamily|tRNA|tRNA|tRNA|tRNA|5S_rRNA|5S_rRNA|tRNA|tRNA|5S_rRNA|tRNA|5S_rRNA|5S_rRNA|5S_rRNA,0.0,0,0.04253079357424409,0.3223684210526316,0.3075313807531381,0.3147751605995717,1.928065778999553,0.0008778020001045661,0.0,1.9289435809996576,16S_rRNA
16S_rRNA-Mollicutes-L33764,16S_rRNA,1396,rnafm_faiss_guided_k14_lofo,faiss,1,consensus,0,14,RfamFamily|group_I_intron|group_I_intron|RfamFamily|RfamFamily|tmRNA|RfamFamily|group_I_intron|RfamFamily|RfamFamily|group_I_intron|RfamFamily|RfamFamily|tmRNA,0.0,0,0.07692475085550042,0.38235294117647056,0.35944700460829493,0.37054631828978624,1.305777618999855,0.0008851310003592516,0.0,1.3066627500002141,16S_rRNA
16S_rRNA-Bacilli-AY632055,16S_rRNA,644,rnafm_faiss_guided_k14_lofo,faiss,1,consensus,0,14,tRNA|tRNA|tRNA|5S_rRNA|tRNA|5S_rRNA|5S_rRNA|tRNA|5S_rRNA|5S_rRNA|5S_rRNA|5S_rRNA|5S_rRNA|5S_rRNA,0.0,0,0.03813581380963008,0.19298245614035087,0.1907514450867052,0.19186046511627905,1.3265824740001335,0.0010690580002119532,0.0,1.3276515320003455,16S_rRNA
16S_rRNA-Bacilli-AB192368,16S_rRNA,958,rnafm_faiss_guided_k14_lofo,faiss,1,consensus,0,14,tRNA|tRNA|tRNA|tRNA|5S_rRNA|tRNA|RfamFamily|5S_rRNA|5S_rRNA|5S_rRNA|5S_rRNA|tRNA|tRNA|tRNA,0.0,0,0.02897140508064086,0.648,0.5472972972972973,0.5934065934065934,1.951253946000179,0.0009140209995166515,0.0,1.9521679669996956,16S_rRNA
16S_rRNA-Bacilli-X60617,16S_rRNA,1420,rnafm_faiss_guided_k14_lofo,faiss,1,consensus,0,14,RfamFamily|group_I_intron|group_I_intron|RNaseP|group_I_intron|group_I_intron|group_I_intron|RfamFamily|RNaseP|group_I_intron|group_I_intron|tmRNA|tmRNA|tmRNA,0.0,0,0.056260434794106376,0.33095238095238094,0.33253588516746413,0.3317422434367541,1.298932292000245,0.000822268000774784,0.0,1.2997545600010199,16S_rRNA
16S_rRNA-Alphaproteobacteria-AY387307,16S_rRNA,932,rnafm_faiss_guided_k14_lofo,faiss,1,consensus,0,14,tRNA|tRNA|5S_rRNA|5S_rRNA|5S_rRNA|5S_rRNA|5S_rRNA|5S_rRNA|5S_rRNA|5S_rRNA|tRNA|5S_rRNA|5S_rRNA|5S_rRNA,0.0,0,0.0720601422077924,0.39768339768339767,0.40234375,0.4,1.289115385000514,0.0008455159995719441,0.0,1.2899609010000859,16S_rRNA
16S_rRNA-Bacilli-Z84577,16S_rRNA,1473,rnafm_faiss_guided_k14_lofo,faiss,1,consensus,0,14,RfamFamily|tRNA|group_I_intron|group_I_intron|tRNA|group_I_intron|group_I_intron|RNaseP|5S_rRNA|5S_rRNA|tRNA|group_I_intron|group_I_intron|tRNA,0.0,0,0.03429827037807759,0.5205479452054794,0.48822269807280516,0.5038674033149171,1.3187333920004676,0.0009800970001379028,0.0,1.3197134890006055,16S_rRNA
16S_rRNA-Bacilli-DQ923431,16S_rRNA,825,rnafm_faiss_guided_k14_lofo,faiss,1,consensus,0,14,tRNA|tRNA|tRNA|tRNA|tRNA|5S_rRNA|tRNA|tRNA|tRNA|tRNA|5S_rRNA|RfamFamily|tRNA|5S_rRNA,0.0,0,0.036450118825075824,0.3767441860465116,0.32793522267206476,0.35064935064935066,1.264322195999739,0.0008270870002888842,0.0,1.265149283000028,16S_rRNA
16S_rRNA-Alphaproteobacteria-U06473,16S_rRNA,1441,rnafm_faiss_guided_k14_lofo,faiss,1,consensus,0,14,RfamFamily|tRNA|tRNA|tRNA|tRNA|tRNA|group_I_intron|5S_rRNA|group_I_intron|tRNA|tRNA|tRNA|tRNA|tRNA,0.0,0,0.045755104300896174,0.4233409610983982,0.4166666666666667,0.4199772985244041,1.2889699420002216,0.0008261110006060335,0.0,1.2897960530008277,16S_rRNA
16S_rRNA-Bacilli-AY318816,16S_rRNA,345,rnafm_faiss_guided_k14_lofo,faiss,1,consensus,0,14,tRNA|tRNA|tRNA|tRNA|tRNA|tRNA|RfamFamily|tRNA|tRNA|tRNA|tRNA|tRNA|tRNA|5S_rRNA,0.0,0,0.03640653029044107,0.47058823529411764,0.5106382978723404,0.48979591836734687,1.7322315649998927,0.0009653470006014686,0.0,1.7331969120004942,16S_rRNA
16S_rRNA-Actinobacteria-AY785161,16S_rRNA,1520,rnafm_faiss_guided_k14_lofo,faiss,1,consensus,0,14,RfamFamily|tRNA|5S_rRNA|5S_rRNA|tRNA|tRNA|5S_rRNA|tRNA|tRNA|SRP|tRNA|SRP|SRP|SRP,0.0,0,0.04551242264642979,0.33548387096774196,0.3183673469387755,0.3267015706806283,1.9280052779995458,0.0008982830004242714,0.0,1.92890356099997,16S_rRNA
16S_rRNA-Alphaproteobacteria-AY624136,16S_rRNA,1483,rnafm_faiss_guided_k14_lofo,faiss,1,consensus,0,14,RfamFamily|tRNA|tRNA|tRNA|tRNA|tRNA|5S_rRNA|tRNA|5S_rRNA|tRNA|tRNA|tRNA|5S_rRNA|5S_rRNA,0.0,0,0.05027937722688349,0.46593406593406594,0.4598698481561822,0.462882096069869,1.2940699139999197,0.0008232560003307299,0.0,1.2948931700002504,16S_rRNA
16S_rRNA-Bacilli-AJ314610,16S_rRNA,1455,rnafm_faiss_guided_k14_lofo,faiss,1,consensus,0,14,RfamFamily|RNaseP|5S_rRNA|5S_rRNA|tmRNA|5S_rRNA|5S_rRNA|group_I_intron|RfamFamily|group_I_intron|group_I_intron|RfamFamily|RfamFamily|RfamFamily,0.0,0,0.04311256133093481,0.3793103448275862,0.3733031674208145,0.37628278221208666,1.932969956999841,0.0009457730002395692,0.0,1.9339157300000807,16S_rRNA
16S_rRNA-Alphaproteobacteria-AY461441,16S_rRNA,1409,rnafm_faiss_guided_k14_lofo,faiss,1,consensus,0,14,tRNA|tRNA|5S_rRNA|tRNA|tRNA|tRNA|5S_rRNA|5S_rRNA|5S_rRNA|tRNA|tRNA|5S_rRNA|5S_rRNA|5S_rRNA,0.0,0,0.07280956207035304,0.32634032634032634,0.3431372549019608,0.33452807646356036,1.3033960099992328,0.0008093209999060491,0.0,1.3042053309991388,16S_rRNA
16S_rRNA-Bacilli-AJ971935,16S_rRNA,833,rnafm_faiss_guided_k14_lofo,faiss,1,consensus,0,14,tRNA|RfamFamily|tRNA|5S_rRNA|tRNA|5S_rRNA|tRNA|5S_rRNA|tRNA|tRNA|5S_rRNA|tRNA|5S_rRNA|5S_rRNA,0.0,0,0.03056273302001708,0.3034188034188034,0.3183856502242152,0.3107221006564551,1.4310524499996973,0.0007794879993525683,0.0,1.4318319379990498,16S_rRNA
16S_rRNA-Mollicutes-L22210,16S_rRNA,1541,rnafm_faiss_guided_k14_lofo,faiss,1,consensus,0,14,RfamFamily|RfamFamily|group_I_intron|RfamFamily|RfamFamily|group_I_intron|SRP|RfamFamily|group_I_intron|tmRNA|tmRNA|group_I_intron|RfamFamily|RfamFamily,0.0,0,0.11398942077986583,0.44325481798715205,0.42946058091286304,0.43624868282402524,1.6318492789996526,0.0008989479993033456,0.0,1.632748226998956,16S_rRNA
16S_rRNA-Bacilli-AY387585,16S_rRNA,1497,rnafm_faiss_guided_k14_lofo,faiss,1,consensus,0,14,RfamFamily|tRNA|group_I_intron|group_I_intron|group_I_intron|group_I_intron|group_I_intron|tRNA|RNaseP|RfamFamily|group_I_intron|group_I_intron|5S_rRNA|5S_rRNA,0.0,0,0.038856453989738624,0.42424242424242425,0.4066390041493776,0.41525423728813565,1.4320314529995812,0.0008589669996581506,0.0,1.4328904199992394,16S_rRNA
16S_rRNA-Aquifcae-AY882782,16S_rRNA,1376,rnafm_faiss_guided_k14_lofo,faiss,1,consensus,0,14,RfamFamily|group_I_intron|SRP|RNaseP|tmRNA|SRP|RNaseP|group_I_intron|SRP|RNaseP|group_I_intron|RNaseP|RNaseP|group_I_intron,0.0,0,0.07013080904938311,0.4302600472813239,0.40898876404494383,0.41935483870967744,1.5629312989995015,0.0009044190001077368,0.0,1.5638357179996092,16S_rRNA
16S_rRNA-Bacilli-DQ232538,16S_rRNA,1470,rnafm_faiss_guided_k14_lofo,faiss,1,consensus,0,14,RfamFamily|RNaseP|RfamFamily|group_I_intron|group_I_intron|tmRNA|RfamFamily|RfamFamily|group_I_intron|group_I_intron|RfamFamily|group_I_intron|group_I_intron|RfamFamily,0.0,0,0.044367755847289574,0.5022522522522522,0.4816414686825054,0.4917309812568909,1.3181250650004586,0.000798762999693281,0.0,1.3189238280001518,16S_rRNA
16S_rRNA-Actinobacteria-AY234686,16S_rRNA,1437,rnafm_faiss_guided_k14_lofo,faiss,1,consensus,0,14,RfamFamily|tRNA|tRNA|tRNA|tRNA|tRNA|tRNA|tRNA|tRNA|tRNA|5S_rRNA|tRNA|tRNA|tRNA,0.0,0,0.06478959107008228,0.3340857787810384,0.3231441048034934,0.32852386237513875,1.4273181479993582,0.0008164430000761058,0.0,1.4281345909994343,16S_rRNA
16S_rRNA-Bacilli-AB111934,16S_rRNA,1414,rnafm_faiss_guided_k14_lofo,faiss,1,consensus,0,14,RfamFamily|group_I_intron|group_I_intron|group_I_intron|RfamFamily|group_I_intron|tRNA|RfamFamily|group_I_intron|RfamFamily|group_I_intron|SRP|RfamFamily|group_I_intron,0.0,0,0.07036928427141673,0.5420560747663551,0.5010799136069114,0.5207631874298541,1.2728351489995475,0.000866881000547437,0.0,1.273702030000095,16S_rRNA
16S_rRNA-Actinobacteria-AB201301,16S_rRNA,1414,rnafm_faiss_guided_k14_lofo,faiss,1,consensus,0,14,RfamFamily|tRNA|tRNA|SRP|tRNA|tRNA|tRNA|5S_rRNA|tRNA|SRP|5S_rRNA|SRP|SRP|SRP,0.0,0,0.05182039016873624,0.31353919239904987,0.2857142857142857,0.2989807474518686,1.319294324999646,0.0007579460007036687,0.0,1.3200522710003497,16S_rRNA
16S_rRNA-Bacilli-DQ170917,16S_rRNA,724,rnafm_faiss_guided_k14_lofo,faiss,1,consensus,0,14,tRNA|tRNA|tRNA|5S_rRNA|RfamFamily|tRNA|tRNA|5S_rRNA|tRNA|5S_rRNA|tRNA|5S_rRNA|5S_rRNA|5S_rRNA,0.0,0,0.02553088986903548,0.5612244897959183,0.5612244897959183,0.5612244897959183,1.76048609100053,0.0007981329999893205,0.0,1.7612842240005193,16S_rRNA
16S_rRNA-Bacilli-AF497257,16S_rRNA,498,rnafm_faiss_guided_k14_lofo,faiss,1,consensus,0,14,RfamFamily|tRNA|group_I_intron|group_I_intron|group_I_intron|group_I_intron|group_I_intron|group_I_intron|RNaseP|group_I_intron|group_I_intron|tmRNA|group_I_intron|group_I_intron,0.0,0,0.03851576781453276,0.46258503401360546,0.425,0.4429967426710098,1.444497753000178,0.0008008540007722331,0.0,1.4452986070009501,16S_rRNA
16S_rRNA-Bacilli-AY347311,16S_rRNA,1510,rnafm_faiss_guided_k14_lofo,faiss,1,consensus,0,14,RfamFamily|tRNA|tRNA|tRNA|tRNA|5S_rRNA|tRNA|tRNA|tRNA|5S_rRNA|5S_rRNA|tRNA|5S_rRNA|tRNA,0.0,0,0.05856693467232789,0.47161572052401746,0.45188284518828453,0.4615384615384615,1.321337618999678,0.0008237089996327995,0.0,1.3221613279993107,16S_rRNA
16S_rRNA-Actinobacteria-AY582722,16S_rRNA,1332,rnafm_faiss_guided_k14_lofo,faiss,1,consensus,0,14,5S_rRNA|SRP|SRP|SRP|SRP|SRP|SRP|SRP|SRP|SRP|SRP|SRP|SRP|RfamFamily,0.0,0,0.037025875227197406,0.2440318302387268,0.2562674094707521,0.25,1.5242269750006017,0.0010085900003105053,0.0,1.5252355650009122,16S_rRNA
16S_rRNA-Alphaproteobacteria-U17060,16S_rRNA,1425,rnafm_faiss_guided_k14_lofo,faiss,1,consensus,0,14,RfamFamily|tmRNA|tmRNA|RNaseP|RNaseP|RNaseP|tmRNA|RNaseP|group_I_intron|RNaseP|RNaseP|tmRNA|group_I_intron|group_I_intron,0.0,0,0.04066753023227247,0.2611764705882353,0.2483221476510067,0.2545871559633028,1.4071131760001663,0.000978973000201222,0.0,1.4080921490003675,16S_rRNA
16S_rRNA-Bacilli-DQ170887,16S_rRNA,707,rnafm_faiss_guided_k14_lofo,faiss,1,consensus,0,14,tRNA|5S_rRNA|5S_rRNA|5S_rRNA|tRNA|5S_rRNA|5S_rRNA|tRNA|tRNA|5S_rRNA|5S_rRNA|tRNA|tRNA|5S_rRNA,0.0,0,0.07621942521081827,0.31862745098039214,0.3385416666666667,0.3282828282828283,1.32725077699979,0.001007449000098859,0.0,1.328258225999889,16S_rRNA
16S_rRNA-Alphaproteobacteria-X53855,16S_rRNA,1466,rnafm_faiss_guided_k14_lofo,faiss,1,consensus,0,14,RfamFamily|tRNA|tRNA|5S_rRNA|tRNA|tRNA|tRNA|tRNA|5S_rRNA|tRNA|5S_rRNA|5S_rRNA|tRNA|tRNA,0.0,0,0.051928229077564406,0.46547884187082406,0.4717832957110609,0.468609865470852,3.2502955029995064,0.006047699999726319,0.0,3.2563432029992327,16S_rRNA
16S_rRNA-Bacilli-DQ171699,16S_rRNA,773,rnafm_faiss_guided_k14_lofo,faiss,1,consensus,0,14,tRNA|tRNA|tRNA|RfamFamily|tRNA|5S_rRNA|tRNA|5S_rRNA|5S_rRNA|tRNA|5S_rRNA|tRNA|5S_rRNA|5S_rRNA,0.0,0,0.02565758571655518,0.3397129186602871,0.36597938144329895,0.35235732009925563,1.3054420799999207,0.0009505409998382675,0.0,1.306392620999759,16S_rRNA
16S_rRNA-Alphaproteobacteria-M55494,16S_rRNA,260,rnafm_faiss_guided_k14_lofo,faiss,1,consensus,0,14,RfamFamily|tRNA|tRNA|tRNA|5S_rRNA|tRNA|5S_rRNA|tRNA|tRNA|5S_rRNA|tRNA|tRNA|tRNA|5S_rRNA,0.0,0,0.04290878018126471,0.48,0.5,0.4897959183673469,1.2888366900006076,0.0008011499994609039,0.0,1.2896378400000685,16S_rRNA
16S_rRNA-Bacilli-AJ841829,16S_rRNA,411,rnafm_faiss_guided_k14_lofo,faiss,1,consensus,0,14,tRNA|tRNA|5S_rRNA|5S_rRNA|5S_rRNA|5S_rRNA|tRNA|tRNA|5S_rRNA|5S_rRNA|tRNA|5S_rRNA|tRNA|5S_rRNA,0.0,0,0.037091588646347,0.5340909090909091,0.5662650602409639,0.5497076023391813,1.3137452139999368,0.0007544520003648358,0.0,1.3144996660003017,16S_rRNA
16S_rRNA-Alphaproteobacteria-AF424749,16S_rRNA,469,rnafm_faiss_guided_k14_lofo,faiss,1,consensus,0,14,RfamFamily|tRNA|tRNA|5S_rRNA|tRNA|tRNA|5S_rRNA|5S_rRNA|5S_rRNA|5S_rRNA|tRNA|5S_rRNA|tRNA|5S_rRNA,0.0,0,0.05460643110199133,0.3282442748091603,0.3467741935483871,0.33725490196078434,1.4276978320003764,0.0008580060002714163,0.0,1.4285558380006478,16S_rRNA
16S_rRNA-Bacilli-AY279209,16S_rRNA,1392,rnafm_faiss_guided_k14_lofo,faiss,1,consensus,0,14,tRNA|RfamFamily|5S_rRNA|tRNA|group_I_intron|group_I_intron|group_I_intron|group_I_intron|group_I_intron|group_I_intron|5S_rRNA|5S_rRNA|group_I_intron|tRNA,0.0,0,0.0348648593613361,0.46782178217821785,0.42954545454545456,0.44786729857819907,1.756995117999395,0.002943819999927655,0.0,1.7599389379993227,16S_rRNA
16S_rRNA-Alphaproteobacteria-AF007257,16S_rRNA,378,rnafm_faiss_guided_k14_lofo,faiss,1,consensus,0,14,RfamFamily|tRNA|group_I_intron|tRNA|tRNA|group_I_intron|tRNA|group_I_intron|group_I_intron|group_I_intron|RNaseP|tRNA|group_I_intron|SRP,0.0,0,0.04400264647125497,0.7522123893805309,0.7456140350877193,0.7488986784140969,1.3073204070005886,0.0008332109991897596,0.0,1.3081536179997784,16S_rRNA
16S_rRNA-Bacilli-AJ544780,16S_rRNA,572,rnafm_faiss_guided_k14_lofo,faiss,1,consensus,0,14,tRNA|tRNA|tRNA|5S_rRNA|RfamFamily|5S_rRNA|5S_rRNA|5S_rRNA|tRNA|5S_rRNA|5S_rRNA|5S_rRNA|tRNA|5S_rRNA,0.0,0,0.044060335327506216,0.36054421768707484,0.3419354838709677,0.35099337748344367,1.4303765189997648,0.0008809749997453764,0.0,1.4312574939995102,16S_rRNA
16S_rRNA-Bacilli-AY211099,16S_rRNA,686,rnafm_faiss_guided_k14_lofo,faiss,1,consensus,0,14,RfamFamily|5S_rRNA|5S_rRNA|tRNA|tRNA|5S_rRNA|RfamFamily|5S_rRNA|tRNA|tRNA|5S_rRNA|tRNA|5S_rRNA|5S_rRNA,0.0,0,0.042765157266493735,0.3434343434343434,0.3434343434343434,0.3434343434343434,1.339074845000141,0.0008452060001218342,0.0,1.339920051000263,16S_rRNA
16S_rRNA-Actinobacteria-X65528,16S_rRNA,880,rnafm_faiss_guided_k14_lofo,faiss,1,consensus,0,14,RfamFamily|tRNA|tRNA|SRP|tRNA|5S_rRNA|tRNA|tRNA|tRNA|5S_rRNA|5S_rRNA|5S_rRNA|tRNA|SRP,0.0,0,0.04351797501757664,0.29554655870445345,0.25259515570934254,0.27238805970149255,1.3154662390006706,0.000831087999358715,0.0,1.3162973270000293,16S_rRNA
16S_rRNA-Aquifcae-DQ398778,16S_rRNA,424,rnafm_faiss_guided_k14_lofo,faiss,1,consensus,0,14,RfamFamily|RfamFamily|tmRNA|tmRNA|tmRNA|tRNA|tRNA|SRP|tRNA|tmRNA|tmRNA|RNaseP|group_I_intron|tmRNA,0.0,0,0.050512067909060696,0.64,0.48120300751879697,0.5493562231759656,1.9747944370001278,0.0009067999999388121,0.0,1.9757012370000666,16S_rRNA
16S_rRNA-Bacilli-U49080,16S_rRNA,1497,rnafm_faiss_guided_k14_lofo,faiss,1,consensus,0,14,RfamFamily|tRNA|tRNA|5S_rRNA|group_I_intron|group_I_intron|5S_rRNA|group_I_intron|group_I_intron|5S_rRNA|RfamFamily|group_I_intron|RfamFamily|tRNA,0.0,0,0.04540064150506756,0.45434298440979953,0.4214876033057851,0.43729903536977494,2.06897166500039,0.0010323750002498855,0.0,2.07000404000064,16S_rRNA
16S_rRNA-Aquifcae-AY861724,16S_rRNA,763,rnafm_faiss_guided_k14_lofo,faiss,1,consensus,0,14,RfamFamily|RfamFamily|5S_rRNA|tRNA|tRNA|5S_rRNA|5S_rRNA|5S_rRNA|5S_rRNA|5S_rRNA|5S_rRNA|tRNA|tRNA|SRP,0.0,0,0.02536844191470856,0.4090909090909091,0.4368932038834951,0.4225352112676056,1.330622374000086,0.0008585160003349301,0.0,1.331480890000421,16S_rRNA
16S_rRNA-Alphaproteobacteria-AB250613,16S_rRNA,1484,rnafm_faiss_guided_k14_lofo,faiss,1,consensus,0,14,RfamFamily|tRNA|tRNA|tRNA|tRNA|tRNA|tRNA|tRNA|tRNA|tRNA|tRNA|5S_rRNA|tRNA|5S_rRNA,0.0,0,0.0495822286999734,0.3522975929978118,0.35,0.3511450381679389,1.290975105999678,0.0008082479998847703,0.0,1.2917833539995627,16S_rRNA
16S_rRNA-Bacilli-DQ643127,16S_rRNA,408,rnafm_faiss_guided_k14_lofo,faiss,1,consensus,0,14,tRNA|5S_rRNA|5S_rRNA|5S_rRNA|5S_rRNA|tRNA|5S_rRNA|5S_rRNA|tRNA|5S_rRNA|5S_rRNA|tRNA|5S_rRNA|5S_rRNA,0.0,0,0.03995463266089775,0.20952380952380953,0.2558139534883721,0.23036649214659685,1.5509594650002327,0.0008341069997186423,0.0,1.5517935719999514,16S_rRNA
16S_rRNA-Bacilli-DQ170848,16S_rRNA,825,rnafm_faiss_guided_k14_lofo,faiss,1,consensus,0,14,tRNA|tRNA|tRNA|5S_rRNA|5S_rRNA|RfamFamily|tRNA|5S_rRNA|tRNA|5S_rRNA|5S_rRNA|5S_rRNA|5S_rRNA|tRNA,0.0,0,0.02583948521873774,0.5477178423236515,0.5789473684210527,0.5628997867803838,1.299630298000011,0.0008262150004156865,0.0,1.3004565130004266,16S_rRNA
16S_rRNA-Actinobacteria-DQ347526,16S_rRNA,1439,rnafm_faiss_guided_k14_lofo,faiss,1,consensus,0,14,tRNA|RfamFamily|tRNA|tRNA|tRNA|tRNA|tRNA|tRNA|tRNA|tRNA|tRNA|5S_rRNA|tRNA|tRNA,0.0,0,0.051490746671498396,0.3835616438356164,0.36129032258064514,0.3720930232558139,1.4296018360000744,0.0008414829999310314,0.0,1.4304433190000054,16S_rRNA
16S_rRNA-Actinobacteria-AJ781353,16S_rRNA,1468,rnafm_faiss_guided_k14_lofo,faiss,1,consensus,0,14,RfamFamily|tRNA|tRNA|5S_rRNA|5S_rRNA|SRP|SRP|SRP|SRP|SRP|SRP|tRNA|tRNA|5S_rRNA,0.0,0,0.03753932820772232,0.30227272727272725,0.3341708542713568,0.31742243436754175,1.5400594289994842,0.0008608070002082968,0.0,1.5409202359996925,16S_rRNA
16S_rRNA-Actinobacteria-U49002,16S_rRNA,1409,rnafm_faiss_guided_k14_lofo,faiss,1,consensus,0,14,RfamFamily|tRNA|SRP|tRNA|SRP|tRNA|tRNA|tRNA|tRNA|group_I_intron|SRP|tRNA|tRNA|group_I_intron,0.0,0,0.0512174493928722,0.3397590361445783,0.3019271948608137,0.31972789115646255,1.286038727000232,0.0008083750008154311,0.0,1.2868471020010475,16S_rRNA
16S_rRNA-Alphaproteobacteria-AJ575705,16S_rRNA,1416,rnafm_faiss_guided_k14_lofo,faiss,1,consensus,0,14,RfamFamily|tRNA|tRNA|tRNA|tRNA|tRNA|5S_rRNA|5S_rRNA|5S_rRNA|5S_rRNA|5S_rRNA|5S_rRNA|tRNA|5S_rRNA,0.0,0,0.05441320834669273,0.33410138248847926,0.3493975903614458,0.34157832744405187,1.2980078709997542,0.0007660510000278009,0.0,1.298773921999782,16S_rRNA
16S_rRNA-Alphaproteobacteria-AY234433,16S_rRNA,395,rnafm_faiss_guided_k14_lofo,faiss,1,consensus,0,14,RfamFamily|tRNA|group_I_intron|group_I_intron|group_I_intron|group_I_intron|tRNA|tRNA|RfamFamily|RNaseP|5S_rRNA|group_I_intron|group_I_intron|5S_rRNA,0.0,0,0.04780832142979389,0.7818181818181819,0.7678571428571429,0.7747747747747747,1.969994427000529,0.0009830910003074678,0.0,1.9709775180008364,16S_rRNA
16S_rRNA-Actinobacteria-AY753914,16S_rRNA,526,rnafm_faiss_guided_k14_lofo,faiss,1,consensus,0,14,tRNA|RfamFamily|SRP|tRNA|5S_rRNA|SRP|tRNA|tRNA|tRNA|SRP|SRP|SRP|SRP|tRNA,0.0,0,0.040134353032085,0.34532374100719426,0.46153846153846156,0.39506172839506176,1.4359599700001127,0.0008563470000808593,0.0,1.4368163170001935,16S_rRNA
16S_rRNA-Actinobacteria-AY524043,16S_rRNA,1517,rnafm_faiss_guided_k14_lofo,faiss,1,consensus,0,14,RfamFamily|tRNA|RfamFamily|tRNA|tRNA|tRNA|5S_rRNA|tRNA|tRNA|tRNA|tRNA|tRNA|tRNA|5S_rRNA,0.0,0,0.053951597166757015,0.35683760683760685,0.33874239350912777,0.34755463059313213,1.3086710360003053,0.0007735620001767529,0.0,1.309444598000482,16S_rRNA
16S_rRNA-Actinobacteria-AB120356,16S_rRNA,464,rnafm_faiss_guided_k14_lofo,faiss,1,consensus,0,14,SRP|SRP|tRNA|SRP|SRP|SRP|SRP|SRP|SRP|SRP|tRNA|SRP|SRP|5S_rRNA,0.0,0,0.04068791462090632,0.12280701754385964,0.21212121212121213,0.15555555555555556,1.2611321790000147,0.0009243109998351429,0.0,1.2620564899998499,16S_rRNA
16S_rRNA-Mollicutes-U04644,16S_rRNA,545,rnafm_faiss_guided_k14_lofo,faiss,1,consensus,0,14,group_I_intron|group_I_intron|tmRNA|RfamFamily|RNaseP|group_I_intron|group_I_intron|group_I_intron|group_I_intron|group_I_intron|group_I_intron|tmRNA|group_I_intron|RfamFamily,0.0,0,0.053313101257033195,0.47651006711409394,0.4176470588235294,0.44514106583072105,1.6194326889999502,0.0009172540003419272,0.0,1.6203499430002921,16S_rRNA
16S_rRNA-Bacilli-AY437618,16S_rRNA,840,rnafm_faiss_guided_k14_lofo,faiss,1,consensus,0,14,tRNA|5S_rRNA|tRNA|tRNA|tRNA|5S_rRNA|tRNA|5S_rRNA|tRNA|5S_rRNA|5S_rRNA|5S_rRNA|tRNA|tRNA,0.0,0,0.027630895228845202,0.43137254901960786,0.4824561403508772,0.45548654244306425,1.959661087999848,0.0009131150000030175,0.0,1.960574202999851,16S_rRNA
16S_rRNA-Bacilli-AJ841827,16S_rRNA,411,rnafm_faiss_guided_k14_lofo,faiss,1,consensus,0,14,tRNA|tRNA|5S_rRNA|5S_rRNA|5S_rRNA|5S_rRNA|tRNA|tRNA|5S_rRNA|5S_rRNA|tRNA|5S_rRNA|tRNA|5S_rRNA,0.0,0,0.037091588646347,0.5340909090909091,0.5662650602409639,0.5497076023391813,1.3219269970004461,0.0010188050000579096,0.0,1.322945802000504,16S_rRNA
16S_rRNA-Actinobacteria-AB184202,16S_rRNA,1466,rnafm_faiss_guided_k14_lofo,faiss,1,consensus,0,14,RfamFamily|5S_rRNA|tRNA|tRNA|tRNA|5S_rRNA|5S_rRNA|5S_rRNA|5S_rRNA|5S_rRNA|tRNA|5S_rRNA|SRP|SRP,0.0,0,0.03881600311727363,0.449438202247191,0.4158004158004158,0.4319654427645788,1.2964919809992352,0.0008483649999107001,0.0,1.297340345999146,16S_rRNA
16S_rRNA-Actinobacteria-X76691,16S_rRNA,1367,rnafm_faiss_guided_k14_lofo,faiss,1,consensus,0,14,tRNA|tRNA|RfamFamily|tRNA|tRNA|SRP|tRNA|tRNA|tRNA|tRNA|tRNA|SRP|SRP|SRP,0.0,0,0.045342845039850754,0.4120603015075377,0.3778801843317972,0.3942307692307693,1.4472113110005012,0.0008085260005827877,0.0,1.448019837001084,16S_rRNA
16S_rRNA-Bacilli-AY315431,16S_rRNA,847,rnafm_faiss_guided_k14_lofo,faiss,1,consensus,0,14,5S_rRNA|RfamFamily|tRNA|tRNA|RfamFamily|5S_rRNA|5S_rRNA|tRNA|tRNA|5S_rRNA|tRNA|5S_rRNA|5S_rRNA|tRNA,0.0,0,0.03756367893416567,0.3944223107569721,0.4074074074074074,0.40080971659919035,1.3105283559998497,0.0009217940005328273,0.0,1.3114501500003826,16S_rRNA
16S_rRNA-Bacilli-DQ485416,16S_rRNA,1464,rnafm_faiss_guided_k14_lofo,faiss,1,consensus,0,14,RfamFamily|tRNA|5S_rRNA|5S_rRNA|5S_rRNA|5S_rRNA|5S_rRNA|5S_rRNA|5S_rRNA|5S_rRNA|RfamFamily|tRNA|5S_rRNA|5S_rRNA,0.0,0,0.033716489599061344,0.36155606407322655,0.3632183908045977,0.36238532110091737,1.5231194680000044,0.0011024909999832744,0.0,1.5242219589999877,16S_rRNA
16S_rRNA-Actinobacteria-X53214,16S_rRNA,1452,rnafm_faiss_guided_k14_lofo,faiss,1,consensus,0,14,RfamFamily|tRNA|5S_rRNA|group_I_intron|tRNA|tRNA|5S_rRNA|tRNA|group_I_intron|5S_rRNA|5S_rRNA|tRNA|tRNA|group_I_intron,0.0,0,0.05583226859667758,0.3211845102505695,0.30585683297180044,0.31333333333333335,1.3450921309995465,0.0013490450000972487,0.0,1.3464411759996437,16S_rRNA
16S_rRNA-Bacilli-AY995569,16S_rRNA,1508,rnafm_faiss_guided_k14_lofo,faiss,1,consensus,0,14,RfamFamily|tRNA|tRNA|tRNA|5S_rRNA|group_I_intron|group_I_intron|group_I_intron|5S_rRNA|tRNA|RfamFamily|group_I_intron|group_I_intron|group_I_intron,0.0,0,0.03693651541781153,0.5074946466809421,0.4721115537848606,0.4891640866873065,1.352034122999612,0.000909122999473766,0.0,1.3529432459990858,16S_rRNA
16S_rRNA-Alphaproteobacteria-AY278866,16S_rRNA,618,rnafm_faiss_guided_k14_lofo,faiss,1,consensus,0,14,tRNA|RfamFamily|tRNA|tRNA|group_I_intron|SRP|tRNA|tRNA|5S_rRNA|group_I_intron|tRNA|5S_rRNA|tRNA|tRNA,0.0,0,0.0504764481600047,0.30246913580246915,0.27071823204419887,0.2857142857142857,1.5262705639997876,0.0010014780000346946,0.0,1.5272720419998222,16S_rRNA
16S_rRNA-Alphaproteobacteria-AY136094,16S_rRNA,737,rnafm_faiss_guided_k14_lofo,faiss,1,consensus,0,14,RfamFamily|tRNA|5S_rRNA|tRNA|5S_rRNA|5S_rRNA|tRNA|5S_rRNA|5S_rRNA|5S_rRNA|5S_rRNA|5S_rRNA|tRNA|5S_rRNA,0.0,0,0.056952233163837344,0.25,0.25888324873096447,0.2543640897755611,1.9637749109997458,0.0028231930000401917,0.0,1.966598103999786,16S_rRNA
16S_rRNA-Bacilli-AB192378,16S_rRNA,978,rnafm_faiss_guided_k14_lofo,faiss,1,consensus,0,14,tRNA|tRNA|tRNA|tRNA|5S_rRNA|tRNA|RfamFamily|5S_rRNA|5S_rRNA|5S_rRNA|5S_rRNA|tRNA|tRNA|tRNA,0.0,0,0.02897140508064086,0.6412213740458015,0.5454545454545454,0.5894736842105263,1.6946223319991987,0.0008449179995295708,0.0,1.6954672499987282,16S_rRNA
16S_rRNA-Actinobacteria-AB123007,16S_rRNA,564,rnafm_faiss_guided_k14_lofo,faiss,1,consensus,0,14,RfamFamily|5S_rRNA|5S_rRNA|5S_rRNA|tRNA|tRNA|5S_rRNA|SRP|tRNA|5S_rRNA|5S_rRNA|SRP|SRP|SRP,0.0,0,0.041624196275984175,0.6830985915492958,0.521505376344086,0.5914634146341463,1.4756548269997438,0.0009373000002597109,0.0,1.4765921270000035,16S_rRNA
16S_rRNA-Bacilli-AY224385,16S_rRNA,1554,rnafm_faiss_guided_k14_lofo,faiss,1,consensus,0,14,RfamFamily|tRNA|tRNA|tRNA|5S_rRNA|tRNA|5S_rRNA|RfamFamily|tRNA|5S_rRNA|5S_rRNA|5S_rRNA|5S_rRNA|RfamFamily,0.0,0,0.033419465884751066,0.47478991596638653,0.48497854077253216,0.47983014861995754,1.318310958999973,0.0008041299997785245,0.0,1.3191150889997516,16S_rRNA
16S_rRNA-Bacilli-DQ188553,16S_rRNA,748,rnafm_faiss_guided_k14_lofo,faiss,1,consensus,0,14,tRNA|tRNA|tRNA|5S_rRNA|RfamFamily|tRNA|tRNA|tRNA|5S_rRNA|tRNA|5S_rRNA|tRNA|5S_rRNA|RfamFamily,0.0,0,0.027693992233330664,0.5121951219512195,0.47085201793721976,0.4906542056074767,1.9636693350003043,0.0009907630001180223,0.0,1.9646600980004223,16S_rRNA
16S_rRNA-Alphaproteobacteria-AY864736,16S_rRNA,1463,rnafm_faiss_guided_k14_lofo,faiss,1,consensus,0,14,RfamFamily|tRNA|tRNA|tRNA|tRNA|tRNA|tRNA|tRNA|SRP|5S_rRNA|tRNA|tRNA|5S_rRNA|tRNA,0.0,0,0.04548571545685515,0.4266666666666667,0.42290748898678415,0.4247787610619469,1.4613859620003495,0.0008259030000772327,0.0,1.4622118650004268,16S_rRNA
16S_rRNA-Bacilli-DQ643047,16S_rRNA,800,rnafm_faiss_guided_k14_lofo,faiss,1,consensus,0,14,tRNA|tRNA|tRNA|tRNA|5S_rRNA|tRNA|5S_rRNA|tRNA|5S_rRNA|tRNA|tRNA|tRNA|5S_rRNA|5S_rRNA,0.0,0,0.04436712168661382,0.5,0.40239043824701193,0.445916114790287,1.3220676000000822,0.0008004049996088725,0.0,1.322868004999691,16S_rRNA
16S_rRNA-Actinobacteria-M84785,16S_rRNA,641,rnafm_faiss_guided_k14_lofo,faiss,1,consensus,0,14,RfamFamily|5S_rRNA|5S_rRNA|5S_rRNA|5S_rRNA|tRNA|5S_rRNA|5S_rRNA|5S_rRNA|tRNA|group_I_intron|5S_rRNA|tRNA|5S_rRNA,0.0,0,0.03978356447313227,0.2742857142857143,0.2711864406779661,0.2727272727272727,1.4073901310002839,0.0009074650006368756,0.0,1.4082975960009207,16S_rRNA
16S_rRNA-Bacilli-DQ113448,16S_rRNA,1195,rnafm_faiss_guided_k14_lofo,faiss,1,consensus,0,14,tRNA|tRNA|tRNA|tRNA|5S_rRNA|tRNA|tRNA|tRNA|tRNA|tRNA|tRNA|tRNA|tRNA|5S_rRNA,0.0,0,0.04940816511184315,0.4843304843304843,0.4521276595744681,0.4676753782668501,2.66759940799966,0.0018646139997144928,0.0,2.6694640219993744,16S_rRNA
16S_rRNA-Alphaproteobacteria-D14515,16S_rRNA,1474,rnafm_faiss_guided_k14_lofo,faiss,1,consensus,0,14,RfamFamily|tRNA|tRNA|tRNA|tRNA|tRNA|tRNA|tRNA|tRNA|tRNA|tRNA|tRNA|tRNA|tRNA,0.0,0,0.04945810569328963,0.4088888888888889,0.4008714596949891,0.4048404840484049,1.3066934109992872,0.0008295130000988138,0.0,1.307522923999386,16S_rRNA
16S_rRNA-Mollicutes-AY265206,16S_rRNA,1527,rnafm_faiss_guided_k14_lofo,faiss,1,consensus,0,14,group_I_intron|group_I_intron|group_I_intron|group_I_intron|group_I_intron|tmRNA|SRP|RfamFamily|group_I_intron|group_I_intron|RfamFamily|group_I_intron|group_I_intron|group_I_intron,0.0,0,0.08102357306424714,0.39323467230443976,0.38114754098360654,0.38709677419354843,1.2783917339993423,0.0007407389994114055,0.0,1.2791324729987537,16S_rRNA
16S_rRNA-Alphaproteobacteria-AY331579,16S_rRNA,1441,rnafm_faiss_guided_k14_lofo,faiss,1,consensus,0,14,RfamFamily|tRNA|tRNA|tRNA|5S_rRNA|tRNA|tRNA|tRNA|5S_rRNA|5S_rRNA|5S_rRNA|5S_rRNA|5S_rRNA|5S_rRNA,0.0,0,0.051524731155267005,0.45146726862302483,0.42462845010615713,0.437636761487965,1.2469873919999372,0.000822527000309492,0.0,1.2478099190002467,16S_rRNA
16S_rRNA-Actinobacteria-AB071951,16S_rRNA,1348,rnafm_faiss_guided_k14_lofo,faiss,1,consensus,0,14,RfamFamily|tRNA|SRP|SRP|SRP|SRP|SRP|SRP|SRP|tRNA|tRNA|SRP|SRP|tRNA,0.0,0,0.043909473333325406,0.25183374083129584,0.2761394101876676,0.2634271099744246,1.395110334000492,0.0007344890000240412,0.0,1.395844823000516,16S_rRNA
16S_rRNA-Bacilli-DQ232527,16S_rRNA,1470,rnafm_faiss_guided_k14_lofo,faiss,1,consensus,0,14,RfamFamily|RNaseP|5S_rRNA|5S_rRNA|RfamFamily|5S_rRNA|RfamFamily|5S_rRNA|5S_rRNA|tmRNA|group_I_intron|5S_rRNA|tmRNA|5S_rRNA,0.0,0,0.033832479293366864,0.49324324324324326,0.4866666666666667,0.4899328859060403,1.9556055140001263,0.0009051990000443766,0.0,1.9565107130001707,16S_rRNA
16S_rRNA-Bacilli-DQ170352,16S_rRNA,730,rnafm_faiss_guided_k14_lofo,faiss,1,consensus,0,14,tRNA|tRNA|tRNA|tRNA|5S_rRNA|RfamFamily|tRNA|5S_rRNA|5S_rRNA|tRNA|5S_rRNA|5S_rRNA|tRNA|5S_rRNA,0.0,0,0.026055751146690093,0.54,0.5567010309278351,0.5482233502538071,1.339996046000124,0.0007922969998617191,0.0,1.3407883429999856,16S_rRNA
16S_rRNA-Actinobacteria-AB184479,16S_rRNA,1474,rnafm_faiss_guided_k14_lofo,faiss,1,consensus,0,14,RfamFamily|tRNA|tRNA|5S_rRNA|SRP|SRP|SRP|SRP|SRP|5S_rRNA|5S_rRNA|tRNA|SRP|5S_rRNA,0.0,0,0.03920425488545095,0.29398663697104677,0.3091334894613583,0.3013698630136986,1.2879999340002541,0.00083204000020487,0.0,1.288831974000459,16S_rRNA
16S_rRNA-Actinobacteria-X53226,16S_rRNA,1376,rnafm_faiss_guided_k14_lofo,faiss,1,consensus,0,14,RfamFamily|SRP|SRP|SRP|SRP|SRP|SRP|SRP|SRP|SRP|SRP|SRP|SRP|SRP,0.0,0,0.049401620798198854,0.0916030534351145,0.0972972972972973,0.0943643512450852,1.7608922540002823,0.0009099580001930008,0.0,1.7618022120004753,16S_rRNA
16S_rRNA-Bacilli-X55767,16S_rRNA,1438,rnafm_faiss_guided_k14_lofo,faiss,1,consensus,0,14,group_I_intron|group_I_intron|SRP|RNaseP|group_I_intron|group_I_intron|RNaseP|group_I_intron|group_I_intron|RNaseP|group_I_intron|tmRNA|group_I_intron|group_I_intron,0.0,0,0.07394530355906345,0.17298578199052134,0.16404494382022472,0.16839677047289503,1.317095739999786,0.0008541830002286588,0.0,1.3179499230000147,16S_rRNA
16S_rRNA-Bacilli-DQ170110,16S_rRNA,845,rnafm_faiss_guided_k14_lofo,faiss,1,consensus,0,14,RfamFamily|RNaseP|group_I_intron|group_I_intron|group_I_intron|tmRNA|RfamFamily|group_I_intron|RfamFamily|RfamFamily|RfamFamily|group_I_intron|group_I_intron|RfamFamily,0.0,0,0.045269437907328854,0.4979253112033195,0.4580152671755725,0.4771371769383698,1.4599279949998163,0.0008510249999744701,0.0,1.4607790199997908,16S_rRNA
16S_rRNA-Bacilli-AE017330,16S_rRNA,1511,rnafm_faiss_guided_k14_lofo,faiss,1,consensus,0,14,RfamFamily|RfamFamily|tRNA|tRNA|SRP|tRNA|SRP|tRNA|SRP|tRNA|tRNA|5S_rRNA|RfamFamily|5S_rRNA,0.0,0,0.0394139817774651,0.4270386266094421,0.4069529652351738,0.41675392670157074,1.5667035200003738,0.0009264279997296399,0.0,1.5676299480001035,16S_rRNA
16S_rRNA-Actinobacteria-AY336116,16S_rRNA,885,rnafm_faiss_guided_k14_lofo,faiss,1,consensus,0,14,SRP|SRP|tRNA|SRP|SRP|SRP|SRP|SRP|SRP|SRP|tRNA|tRNA|tRNA|tRNA,0.0,0,0.0362873245959941,0.27450980392156865,0.3645833333333333,0.3131991051454139,1.33076918200004,0.000874651000231097,0.0,1.3316438330002711,16S_rRNA
16S_rRNA-Bacilli-AF277485,16S_rRNA,576,rnafm_faiss_guided_k14_lofo,faiss,1,consensus,0,14,tRNA|tRNA|tRNA|5S_rRNA|5S_rRNA|RfamFamily|5S_rRNA|5S_rRNA|5S_rRNA|tRNA|5S_rRNA|5S_rRNA|5S_rRNA|tRNA,0.0,0,0.04624939564401286,0.27205882352941174,0.2483221476510067,0.2596491228070175,1.3312451339998006,0.000818277999314887,0.0,1.3320634119991155,16S_rRNA
16S_rRNA-Actinobacteria-AY999848,16S_rRNA,1419,rnafm_faiss_guided_k14_lofo,faiss,1,consensus,0,14,RfamFamily|tRNA|5S_rRNA|SRP|SRP|SRP|SRP|tRNA|SRP|5S_rRNA|SRP|SRP|SRP|5S_rRNA,0.0,0,0.0393427557200031,0.2637889688249401,0.27918781725888325,0.2712700369913687,1.3118442429995412,0.000799621000624029,0.0,1.3126438640001652,16S_rRNA
16S_rRNA-Actinobacteria-DQ152001,16S_rRNA,1463,rnafm_faiss_guided_k14_lofo,faiss,1,consensus,0,14,RfamFamily|tRNA|SRP|SRP|SRP|SRP|SRP|SRP|SRP|tRNA|SRP|SRP|tRNA|tRNA,0.0,0,0.044822908232960944,0.21846846846846846,0.23095238095238096,0.22453703703703706,2.25375574499958,0.0010328669995942619,0.0,2.2547886119991745,16S_rRNA
16S_rRNA-Bacilli-DQ169633,16S_rRNA,813,rnafm_faiss_guided_k14_lofo,faiss,1,consensus,0,14,tRNA|RfamFamily|tRNA|5S_rRNA|tRNA|tRNA|tRNA|tRNA|5S_rRNA|5S_rRNA|tRNA|5S_rRNA|5S_rRNA|tRNA,0.0,0,0.03655775325731079,0.49130434782608695,0.44140625,0.46502057613168724,1.323774749000222,0.0008256480005002231,0.0,1.3246003970007223,16S_rRNA
16S_rRNA-Actinobacteria-AY736252,16S_rRNA,1247,rnafm_faiss_guided_k14_lofo,faiss,1,consensus,0,14,tRNA|RfamFamily|SRP|tRNA|SRP|5S_rRNA|tRNA|SRP|SRP|SRP|SRP|SRP|tRNA|tRNA,0.0,0,0.04074877297530798,0.28328611898017,0.2949852507374631,0.2890173410404624,1.3140250110000125,0.0007665210005143308,0.0,1.3147915320005268,16S_rRNA
16S_rRNA-Actinobacteria-X93202,16S_rRNA,1455,rnafm_faiss_guided_k14_lofo,faiss,1,consensus,0,14,RfamFamily|tRNA|tRNA|tRNA|tRNA|tRNA|5S_rRNA|tRNA|tRNA|5S_rRNA|tRNA|tRNA|tRNA|SRP,0.0,0,0.05302891790326244,0.32657657657657657,0.30982905982905984,0.31798245614035087,1.3409610059998158,0.0009686560006230138,0.0,1.3419296620004388,16S_rRNA
16S_rRNA-Alphaproteobacteria-AB011698,16S_rRNA,436,rnafm_faiss_guided_k14_lofo,faiss,1,consensus,0,14,tRNA|tRNA|tRNA|tRNA|tRNA|tRNA|RfamFamily|tRNA|5S_rRNA|tRNA|tRNA|RfamFamily|5S_rRNA|5S_rRNA,0.0,0,0.05427025565703769,0.5,0.5213675213675214,0.5104602510460252,1.4261465029994724,0.0007858640001359163,0.0,1.4269323669996083,16S_rRNA
16S_rRNA-Bacilli-AY822008,16S_rRNA,273,rnafm_faiss_guided_k14_lofo,faiss,1,consensus,0,14,tRNA|tRNA|tRNA|RfamFamily|5S_rRNA|5S_rRNA|tRNA|5S_rRNA|tRNA|tRNA|5S_rRNA|5S_rRNA|5S_rRNA|tRNA,0.0,0,0.03219287119325836,0.2542372881355932,0.3409090909090909,0.2912621359223301,1.3386621950003246,0.000796541999989131,0.0,1.3394587370003137,16S_rRNA
16S_rRNA-Alphaproteobacteria-AY491060,16S_rRNA,1433,rnafm_faiss_guided_k14_lofo,faiss,1,consensus,0,14,tRNA|tRNA|tRNA|RfamFamily|tRNA|tRNA|5S_rRNA|tRNA|5S_rRNA|tRNA|tRNA|tRNA|tRNA|tRNA,0.0,0,0.059788700439564094,0.5412844036697247,0.514161220043573,0.5273743016759777,1.30866152300041,0.0007697240007473738,0.0,1.3094312470011573,16S_rRNA
16S_rRNA-Bacilli-AY289497,16S_rRNA,1523,rnafm_faiss_guided_k14_lofo,faiss,1,consensus,0,14,RfamFamily|tRNA|group_I_intron|5S_rRNA|tRNA|5S_rRNA|5S_rRNA|tRNA|group_I_intron|group_I_intron|tRNA|5S_rRNA|tRNA|5S_rRNA,0.0,0,0.047324560552097834,0.4012875536480687,0.38085539714867617,0.3908045977011494,2.064752640999359,0.0009363899998788838,0.0,2.0656890309992377,16S_rRNA
16S_rRNA-Actinobacteria-DQ170765,16S_rRNA,594,rnafm_faiss_guided_k14_lofo,faiss,1,consensus,0,14,tRNA|group_I_intron|tRNA|tRNA|tRNA|tmRNA|tRNA|tRNA|group_I_intron|tmRNA|tRNA|group_I_intron|tRNA|tRNA,0.0,0,0.05725429482965653,0.3333333333333333,0.2994350282485876,0.3154761904761905,1.327621879999242,0.0008414519998041214,0.0,1.3284633319990462,16S_rRNA
16S_rRNA-Alphaproteobacteria-U37341,16S_rRNA,1425,rnafm_faiss_guided_k14_lofo,faiss,1,consensus,0,14,RfamFamily|tRNA|5S_rRNA|SRP|SRP|tRNA|5S_rRNA|SRP|tRNA|tRNA|tRNA|tRNA|SRP|SRP,0.0,0,0.05479918379739395,0.4160919540229885,0.3969298245614035,0.4062850729517396,1.429857522999555,0.0009255009999833419,0.0,1.4307830239995383,16S_rRNA
16S_rRNA-Alphaproteobacteria-D38627,16S_rRNA,1459,rnafm_faiss_guided_k14_lofo,faiss,1,consensus,0,14,RfamFamily|group_I_intron|RfamFamily|RfamFamily|tmRNA|tmRNA|RfamFamily|group_I_intron|group_I_intron|RfamFamily|group_I_intron|group_I_intron|group_I_intron|RfamFamily,0.0,0,0.07228502330005507,0.3940774487471526,0.3634453781512605,0.37814207650273224,1.7595459750000373,0.0008086910002020886,0.0,1.7603546660002394,16S_rRNA
16S_rRNA-Bacilli-DQ170482,16S_rRNA,743,rnafm_faiss_guided_k14_lofo,faiss,1,consensus,0,14,tRNA|tRNA|tRNA|tRNA|tRNA|5S_rRNA|tRNA|5S_rRNA|5S_rRNA|5S_rRNA|5S_rRNA|5S_rRNA|tRNA|RfamFamily,0.0,0,0.026141390138577022,0.3952380952380952,0.41919191919191917,0.4068627450980392,1.2962560249998205,0.0009136740000030841,0.0,1.2971696989998236,16S_rRNA
16S_rRNA-Alphaproteobacteria-X90812,16S_rRNA,226,rnafm_faiss_guided_k14_lofo,faiss,1,consensus,0,14,tRNA|RfamFamily|tRNA|tRNA|5S_rRNA|tRNA|tRNA|group_I_intron|tRNA|5S_rRNA|tRNA|tRNA|5S_rRNA|5S_rRNA,0.0,0,0.0434798576962853,0.7540983606557377,0.6865671641791045,0.71875,1.1755664010006512,0.0008537289995729225,0.0,1.1764201300002242,16S_rRNA
16S_rRNA-Mollicutes-AY197651,16S_rRNA,1529,rnafm_faiss_guided_k14_lofo,faiss,1,consensus,0,14,RfamFamily|RfamFamily|RfamFamily|group_I_intron|group_I_intron|group_I_intron|group_I_intron|group_I_intron|RfamFamily|group_I_intron|RfamFamily|RfamFamily|RfamFamily|tmRNA,0.0,0,0.08978156198734487,0.20042643923240938,0.19624217118997914,0.19831223628691982,1.3217631980005535,0.001041227000314393,0.0,1.322804425000868,16S_rRNA
16S_rRNA-Alphaproteobacteria-AY776219,16S_rRNA,758,rnafm_faiss_guided_k14_lofo,faiss,1,consensus,0,14,RfamFamily|tRNA|tRNA|5S_rRNA|SRP|tRNA|tRNA|5S_rRNA|tRNA|group_I_intron|group_I_intron|SRP|5S_rRNA|5S_rRNA,0.0,0,0.04061583773583446,0.39814814814814814,0.35390946502057613,0.3747276688453159,1.2977226950006298,0.0008172230000127456,0.0,1.2985399180006425,16S_rRNA
16S_rRNA-Bacilli-DQ923179,16S_rRNA,528,rnafm_faiss_guided_k14_lofo,faiss,1,consensus,0,14,tRNA|tRNA|tRNA|tRNA|5S_rRNA|5S_rRNA|5S_rRNA|5S_rRNA|tRNA|5S_rRNA|5S_rRNA|5S_rRNA|RfamFamily|RfamFamily,0.0,0,0.0468729532528463,0.25,0.2926829268292683,0.2696629213483146,1.3365463750005802,0.0007785140005580615,0.0,1.3373248890011382,16S_rRNA
16S_rRNA-Bacilli-AB178184,16S_rRNA,960,rnafm_faiss_guided_k14_lofo,faiss,1,consensus,0,14,RfamFamily|tRNA|tRNA|tRNA|group_I_intron|tRNA|tRNA|group_I_intron|tRNA|5S_rRNA|group_I_intron|group_I_intron|tRNA|5S_rRNA,0.0,0,0.032083899739614,0.5099601593625498,0.4115755627009646,0.4555160142348754,1.3273124079996705,0.0008290579999084002,0.0,1.328141465999579,16S_rRNA
16S_rRNA-Actinobacteria-X82611,16S_rRNA,370,rnafm_faiss_guided_k14_lofo,faiss,1,consensus,0,14,SRP|tRNA|tRNA|SRP|group_I_intron|tRNA|group_I_intron|tRNA|tRNA|group_I_intron|group_I_intron|SRP|SRP|group_I_intron,0.0,0,0.04572095570914852,0.12631578947368421,0.10434782608695652,0.11428571428571428,1.744708587999412,0.000929298999835737,0.0,1.7456378869992477,16S_rRNA
16S_rRNA-Bacilli-AJ577289,16S_rRNA,1451,rnafm_faiss_guided_k14_lofo,faiss,1,consensus,0,14,RfamFamily|tRNA|RfamFamily|tRNA|group_I_intron|5S_rRNA|group_I_intron|5S_rRNA|RfamFamily|group_I_intron|5S_rRNA|group_I_intron|tRNA|group_I_intron,0.0,0,0.03367728833308904,0.4755244755244755,0.44251626898047725,0.4584269662921348,1.9552581709995138,0.0009413719999429304,0.0,1.9561995429994568,16S_rRNA
16S_rRNA-Aquifcae-DQ834182,16S_rRNA,851,rnafm_faiss_guided_k14_lofo,faiss,1,consensus,0,14,RfamFamily|RfamFamily|tmRNA|tmRNA|RNaseP|RfamFamily|RfamFamily|tmRNA|group_I_intron|RfamFamily|group_I_intron|RfamFamily|RNaseP|SRP,0.0,0,0.04579525879333923,0.3347107438016529,0.2892857142857143,0.31034482758620696,1.3207211480003025,0.0008590279994677985,0.0,1.3215801759997703,16S_rRNA
16S_rRNA-Actinobacteria-AY533138,16S_rRNA,1389,rnafm_faiss_guided_k14_lofo,faiss,1,consensus,0,14,RfamFamily|5S_rRNA|5S_rRNA|5S_rRNA|tRNA|tRNA|tRNA|5S_rRNA|SRP|5S_rRNA|tRNA|5S_rRNA|tRNA|SRP,0.0,0,0.04173441497767622,0.3104325699745547,0.2687224669603524,0.28807556080283353,1.3318503729997246,0.0008292830007121665,0.0,1.3326796560004368,16S_rRNA
16S_rRNA-Bacilli-DQ448757,16S_rRNA,1502,rnafm_faiss_guided_k14_lofo,faiss,1,consensus,0,14,RfamFamily|group_I_intron|tRNA|5S_rRNA|tRNA|5S_rRNA|group_I_intron|5S_rRNA|group_I_intron|RfamFamily|tRNA|tRNA|group_I_intron|RNaseP,0.0,0,0.05104721083795756,0.4588744588744589,0.4317718940936864,0.4449108079748164,1.9114452080002593,0.0009084410003197263,0.0,1.912353649000579,16S_rRNA
16S_rRNA-Actinobacteria-AB184531,16S_rRNA,1480,rnafm_faiss_guided_k14_lofo,faiss,1,consensus,0,14,RfamFamily|tRNA|tRNA|tRNA|SRP|SRP|SRP|SRP|SRP|SRP|tRNA|SRP|5S_rRNA|5S_rRNA,0.0,0,0.04399020786393996,0.2549889135254989,0.26497695852534564,0.25988700564971756,1.296179774999473,0.0008423919998676865,0.0,1.2970221669993407,16S_rRNA
16S_rRNA-Bacilli-AB159757,16S_rRNA,515,rnafm_faiss_guided_k14_lofo,faiss,1,consensus,0,14,RfamFamily|tRNA|tRNA|tRNA|tRNA|tRNA|5S_rRNA|tRNA|5S_rRNA|5S_rRNA|5S_rRNA|tRNA|5S_rRNA|tRNA,0.0,0,0.04426731339263614,0.4921875,0.39622641509433965,0.43902439024390244,1.954542400999344,0.0009767740002644132,0.0,1.9555191749996084,16S_rRNA
16S_rRNA-Aquifcae-DQ398778,16S_rRNA,424,rnafm_faiss_guided_k14_lofo,faiss,1,consensus,0,14,RfamFamily|RfamFamily|tmRNA|tmRNA|tmRNA|tRNA|tRNA|SRP|tRNA|tmRNA|tmRNA|RNaseP|group_I_intron|tmRNA,0.0,0,0.050512067909060696,0.64,0.48120300751879697,0.5493562231759656,1.9593654629998127,0.0009945800002242322,0.0,1.960360043000037,16S_rRNA
16S_rRNA-Actinobacteria-AB180792,16S_rRNA,1470,rnafm_faiss_guided_k14_lofo,faiss,1,consensus,0,14,RfamFamily|tRNA|tRNA|5S_rRNA|tRNA|5S_rRNA|tRNA|tRNA|tRNA|tRNA|5S_rRNA|tRNA|tRNA|tRNA,0.0,0,0.048005442828541876,0.4424778761061947,0.43103448275862066,0.4366812227074236,1.3408813860005466,0.0009156340001936769,0.0,1.3417970200007403,16S_rRNA
16S_rRNA-Actinobacteria-AY754721,16S_rRNA,1397,rnafm_faiss_guided_k14_lofo,faiss,1,consensus,0,14,RfamFamily|5S_rRNA|tRNA|tRNA|tRNA|5S_rRNA|5S_rRNA|SRP|RfamFamily|5S_rRNA|5S_rRNA|5S_rRNA|5S_rRNA|tRNA,0.0,0,0.037968181577708,0.2817955112219451,0.2749391727493917,0.27832512315270935,1.332270163999965,0.0008484520003548823,0.0,1.33311861600032,16S_rRNA
16S_rRNA-Actinobacteria-AY360151,16S_rRNA,1470,rnafm_faiss_guided_k14_lofo,faiss,1,consensus,0,14,RfamFamily|tRNA|tRNA|tRNA|tRNA|tRNA|tRNA|tRNA|tRNA|tRNA|SRP|tRNA|tRNA|tRNA,0.0,0,0.04799726775538577,0.2669683257918552,0.24789915966386555,0.2570806100217865,1.962298292000014,0.0008946309999373625,0.0,1.9631929229999514,16S_rRNA
16S_rRNA-Bacilli-AB104849,16S_rRNA,1429,rnafm_faiss_guided_k14_lofo,faiss,1,consensus,0,14,RfamFamily|5S_rRNA|RNaseP|5S_rRNA|5S_rRNA|RfamFamily|5S_rRNA|tmRNA|5S_rRNA|group_I_intron|group_I_intron|5S_rRNA|group_I_intron|tRNA,0.0,0,0.0390937007111196,0.41646489104116224,0.3990719257540603,0.4075829383886256,1.2624631850003425,0.0008072440004980308,0.0,1.2632704290008405,16S_rRNA
16S_rRNA-Actinobacteria-AY640110,16S_rRNA,1475,rnafm_faiss_guided_k14_lofo,faiss,1,consensus,0,14,RfamFamily|tRNA|tRNA|tRNA|tRNA|SRP|5S_rRNA|tRNA|tRNA|tRNA|tRNA|SRP|SRP|5S_rRNA,0.0,0,0.04733949906620904,0.37585421412300685,0.34518828451882844,0.3598691384950926,1.4302594019991375,0.0009883729999273783,0.0,1.4312477749990649,16S_rRNA
16S_rRNA-Actinobacteria-AB192360,16S_rRNA,564,rnafm_faiss_guided_k14_lofo,faiss,1,consensus,0,14,SRP|tRNA|tRNA|SRP|SRP|SRP|SRP|SRP|SRP|SRP|tRNA|SRP|5S_rRNA|tRNA,0.0,0,0.039633634379568426,0.0945945945945946,0.12173913043478261,0.10646387832699622,1.3165413209999315,0.0008148970000547706,0.0,1.3173562179999863,16S_rRNA
16S_rRNA-Bacilli-DQ303205,16S_rRNA,1475,rnafm_faiss_guided_k14_lofo,faiss,1,consensus,0,14,RfamFamily|RfamFamily|group_I_intron|group_I_intron|group_I_intron|group_I_intron|RNaseP|group_I_intron|5S_rRNA|RfamFamily|group_I_intron|RfamFamily|tRNA|RfamFamily,0.0,0,0.04832073373215496,0.38752783964365256,0.3663157894736842,0.37662337662337664,1.3283620040001551,0.000941939999393071,0.0,1.3293039439995482,16S_rRNA
16S_rRNA-Actinobacteria-AY754716,16S_rRNA,1415,rnafm_faiss_guided_k14_lofo,faiss,1,consensus,0,14,RfamFamily|tRNA|5S_rRNA|5S_rRNA|5S_rRNA|tRNA|tRNA|tRNA|SRP|5S_rRNA|group_I_intron|tRNA|SRP|SRP,0.0,0,0.04089415595578046,0.34541062801932365,0.3184855233853007,0.3314020857473928,2.1841084819998287,0.0009857649993136874,0.0,2.1850942469991423,16S_rRNA
16S_rRNA-Bacilli-DQ659023,16S_rRNA,934,rnafm_faiss_guided_k14_lofo,faiss,1,consensus,0,14,tRNA|5S_rRNA|5S_rRNA|5S_rRNA|5S_rRNA|5S_rRNA|group_I_intron|group_I_intron|RfamFamily|tRNA|RfamFamily|group_I_intron|5S_rRNA|5S_rRNA,0.0,0,0.05146834674875244,0.2653846153846154,0.26136363636363635,0.26335877862595414,1.302705312999933,0.0007972319999680622,0.0,1.3035025449999011,16S_rRNA
16S_rRNA-Bacilli-AB271758,16S_rRNA,1479,rnafm_faiss_guided_k14_lofo,faiss,1,consensus,0,14,RfamFamily|tRNA|RfamFamily|5S_rRNA|5S_rRNA|SRP|tRNA|tRNA|group_I_intron|5S_rRNA|tRNA|5S_rRNA|group_I_intron|tRNA,0.0,0,0.05301761845593777,0.4177777777777778,0.4069264069264069,0.41228070175438597,1.3338536889996249,0.0008431779997408739,0.0,1.3346968669993657,16S_rRNA
16S_rRNA-Bacilli-AY647300,16S_rRNA,796,rnafm_faiss_guided_k14_lofo,faiss,1,consensus,0,14,RfamFamily|RfamFamily|tRNA|group_I_intron|tRNA|tRNA|group_I_intron|tRNA|tRNA|tRNA|group_I_intron|5S_rRNA|5S_rRNA|group_I_intron,0.0,0,0.04415369509831224,0.6086956521739131,0.5384615384615384,0.5714285714285715,1.966519175999565,0.0010070770003949292,0.0,1.96752625299996,16S_rRNA
16S_rRNA-Bacilli-DQ169611,16S_rRNA,752,rnafm_faiss_guided_k14_lofo,faiss,1,consensus,0,14,tRNA|RfamFamily|group_I_intron|tRNA|group_I_intron|tRNA|tRNA|tRNA|group_I_intron|tRNA|tRNA|5S_rRNA|tRNA|5S_rRNA,0.0,0,0.038597147190757276,0.5245098039215687,0.4349593495934959,0.4755555555555555,1.3109084010002334,0.0008020449995456147,0.0,1.311710445999779,16S_rRNA
16S_rRNA-Alphaproteobacteria-X68472,16S_rRNA,1080,rnafm_faiss_guided_k14_lofo,faiss,1,consensus,0,14,RfamFamily|tRNA|SRP|SRP|SRP|SRP|SRP|SRP|SRP|SRP|SRP|tRNA|SRP|tRNA,0.0,0,0.054743304805209815,0.32666666666666666,0.3462897526501767,0.3361921097770154,1.3012679849998676,0.000913555999431992,0.0,1.3021815409992996,16S_rRNA
16S_rRNA-Alphaproteobacteria-AB166738,16S_rRNA,1441,rnafm_faiss_guided_k14_lofo,faiss,1,consensus,0,14,RfamFamily|tRNA|tRNA|tRNA|tRNA|SRP|SRP|tRNA|SRP|SRP|SRP|tRNA|SRP|tRNA,0.0,0,0.04879671519097849,0.3234624145785877,0.34134615384615385,0.3321637426900585,1.3364594940003371,0.0008719819998077583,0.0,1.337331476000145,16S_rRNA
16S_rRNA-Bacilli-AY694436,16S_rRNA,500,rnafm_faiss_guided_k14_lofo,faiss,1,consensus,0,14,tRNA|tRNA|tRNA|tRNA|tRNA|5S_rRNA|5S_rRNA|tRNA|5S_rRNA|5S_rRNA|5S_rRNA|tRNA|tRNA|5S_rRNA,0.0,0,0.042707219403918646,0.3968253968253968,0.423728813559322,0.4098360655737705,2.0182821389998935,0.0008798890003163251,0.0,2.01916202800021,16S_rRNA
16S_rRNA-Bacilli-AF467429,16S_rRNA,1546,rnafm_faiss_guided_k14_lofo,faiss,1,consensus,0,14,RfamFamily|tRNA|tRNA|tRNA|tRNA|tRNA|5S_rRNA|5S_rRNA|5S_rRNA|tRNA|tRNA|5S_rRNA|tRNA|5S_rRNA,0.0,0,0.036026623581976995,0.46638655462184875,0.441351888667992,0.45352400408580185,2.0198806389998936,0.0009379100001751794,0.0,2.0208185490000687,16S_rRNA
16S_rRNA-Bacilli-AY775561,16S_rRNA,456,rnafm_faiss_guided_k14_lofo,faiss,1,consensus,0,14,RfamFamily|5S_rRNA|5S_rRNA|5S_rRNA|5S_rRNA|5S_rRNA|5S_rRNA|5S_rRNA|5S_rRNA|5S_rRNA|5S_rRNA|5S_rRNA|5S_rRNA|tRNA,0.0,0,0.042979520960825614,0.3082706766917293,0.3867924528301887,0.3430962343096234,1.4532827140001245,0.000840172999232891,0.0,1.4541228869993574,16S_rRNA
16S_rRNA-Bacilli-AY688033,16S_rRNA,464,rnafm_faiss_guided_k14_lofo,faiss,1,consensus,0,14,tRNA|tRNA|tRNA|5S_rRNA|tRNA|tRNA|5S_rRNA|5S_rRNA|5S_rRNA|5S_rRNA|RfamFamily|tRNA|tRNA|5S_rRNA,0.0,0,0.026083447733989622,0.45864661654135336,0.6039603960396039,0.5213675213675213,1.493444368999917,0.0008175040002242895,0.0,1.4942618730001413,16S_rRNA
16S_rRNA-Alphaproteobacteria-DQ337577,16S_rRNA,1422,rnafm_faiss_guided_k14_lofo,faiss,1,consensus,0,14,RfamFamily|tRNA|5S_rRNA|5S_rRNA|tRNA|5S_rRNA|5S_rRNA|5S_rRNA|5S_rRNA|5S_rRNA|5S_rRNA|tRNA|tRNA|RfamFamily,0.0,0,0.05090979623780403,0.3744292237442922,0.3914081145584726,0.382730455075846,1.3789562929996464,0.001045436999447702,0.0,1.380001729999094,16S_rRNA
16S_rRNA-Actinobacteria-DQ448729,16S_rRNA,1484,rnafm_faiss_guided_k14_lofo,faiss,1,consensus,0,14,RfamFamily|tRNA|5S_rRNA|5S_rRNA|5S_rRNA|5S_rRNA|tRNA|5S_rRNA|tRNA|tRNA|tRNA|5S_rRNA|tRNA|5S_rRNA,0.0,0,0.04650600489671712,0.38461538461538464,0.390625,0.3875968992248063,1.4648780040006386,0.0009501889999228297,0.0,1.4658281930005614,16S_rRNA
16S_rRNA-Actinobacteria-DQ628921,16S_rRNA,1446,rnafm_faiss_guided_k14_lofo,faiss,1,consensus,0,14,tRNA|tRNA|tRNA|tRNA|tRNA|5S_rRNA|RfamFamily|tRNA|tRNA|tRNA|5S_rRNA|5S_rRNA|tRNA|5S_rRNA,0.0,0,0.04732584076859151,0.32286995515695066,0.3031578947368421,0.3127035830618892,1.333747769999718,0.0009339850003016181,0.0,1.3346817550000196,16S_rRNA
16S_rRNA-Alphaproteobacteria-AB269580,16S_rRNA,621,rnafm_faiss_guided_k14_lofo,faiss,1,consensus,0,14,tRNA|tRNA|tRNA|tRNA|5S_rRNA|tRNA|5S_rRNA|RfamFamily|5S_rRNA|5S_rRNA|tRNA|RfamFamily|tRNA|5S_rRNA,0.0,0,0.056128684480460246,0.3081761006289308,0.3181818181818182,0.3130990415335463,1.341132450999794,0.001059541999893554,0.0,1.3421919929996875,16S_rRNA
16S_rRNA-Bacilli-DQ923185,16S_rRNA,528,rnafm_faiss_guided_k14_lofo,faiss,1,consensus,0,14,tRNA|tRNA|tRNA|5S_rRNA|5S_rRNA|5S_rRNA|5S_rRNA|tRNA|tRNA|5S_rRNA|5S_rRNA|RfamFamily|5S_rRNA|5S_rRNA,0.0,0,0.047048782263971835,0.25,0.2926829268292683,0.2696629213483146,1.3086496609994356,0.0007686660001127166,0.0,1.3094183269995483,16S_rRNA
16S_rRNA-Actinobacteria-DQ263511,16S_rRNA,780,rnafm_faiss_guided_k14_lofo,faiss,1,consensus,0,14,SRP|RfamFamily|SRP|tRNA|group_I_intron|group_I_intron|SRP|group_I_intron|group_I_intron|SRP|SRP|SRP|group_I_intron|SRP,0.0,0,0.04869000562264982,0.1,0.11728395061728394,0.10795454545454546,1.314011982000011,0.0009460470000703936,0.0,1.3149580290000813,16S_rRNA
16S_rRNA-Bacilli-DQ643130,16S_rRNA,500,rnafm_faiss_guided_k14_lofo,faiss,1,consensus,0,14,tRNA|tRNA|tRNA|5S_rRNA|tRNA|tRNA|5S_rRNA|tRNA|5S_rRNA|5S_rRNA|5S_rRNA|5S_rRNA|5S_rRNA|tRNA,0.0,0,0.04175583991987717,0.5693430656934306,0.6446280991735537,0.6046511627906975,1.3512427389996446,0.0008168129998011864,0.0,1.3520595519994458,16S_rRNA
16S_rRNA-Bacilli-AY315432,16S_rRNA,857,rnafm_faiss_guided_k14_lofo,faiss,1,consensus,0,14,5S_rRNA|RfamFamily|tRNA|tRNA|RfamFamily|5S_rRNA|tRNA|tRNA|tRNA|5S_rRNA|tRNA|tRNA|5S_rRNA|5S_rRNA,0.0,0,0.03838419724563236,0.391304347826087,0.4074074074074074,0.39919354838709675,1.4902749089997087,0.000858512999911909,0.0,1.4911334219996206,16S_rRNA
16S_rRNA-Actinobacteria-AY207592,16S_rRNA,1476,rnafm_faiss_guided_k14_lofo,faiss,1,consensus,0,14,RfamFamily|5S_rRNA|tRNA|tRNA|tRNA|5S_rRNA|SRP|tRNA|tRNA|5S_rRNA|5S_rRNA|5S_rRNA|5S_rRNA|5S_rRNA,0.0,0,0.040633780016702134,0.4657534246575342,0.4214876033057851,0.44251626898047713,1.9627466140000251,0.000896318000741303,0.0,1.9636429320007665,16S_rRNA
16S_rRNA-Actinobacteria-DQ663146,16S_rRNA,1488,rnafm_faiss_guided_k14_lofo,faiss,1,consensus,0,14,RfamFamily|tRNA|5S_rRNA|5S_rRNA|5S_rRNA|tRNA|tRNA|tRNA|5S_rRNA|tRNA|5S_rRNA|5S_rRNA|tRNA|5S_rRNA,0.0,0,0.04332517677514024,0.34065934065934067,0.30876494023904383,0.3239289446185998,1.3271725230006268,0.0008951809995778603,0.0,1.3280677040002047,16S_rRNA
16S_rRNA-Actinobacteria-AY438066,16S_rRNA,418,rnafm_faiss_guided_k14_lofo,faiss,1,consensus,0,14,tRNA|tRNA|tRNA|tRNA|tRNA|tRNA|tRNA|5S_rRNA|5S_rRNA|5S_rRNA|tRNA|tRNA|tRNA|5S_rRNA,0.0,0,0.03955254759043466,0.4032258064516129,0.423728813559322,0.4132231404958677,1.9644201580003937,0.0010200330007137381,0.0,1.9654401910011075,16S_rRNA
16S_rRNA-Bacilli-AJ841828,16S_rRNA,411,rnafm_faiss_guided_k14_lofo,faiss,1,consensus,0,14,tRNA|tRNA|5S_rRNA|5S_rRNA|5S_rRNA|5S_rRNA|tRNA|tRNA|5S_rRNA|5S_rRNA|tRNA|5S_rRNA|tRNA|5S_rRNA,0.0,0,0.037091588646347,0.5340909090909091,0.5662650602409639,0.5497076023391813,2.1489680839995344,0.0008991640006570378,0.0,2.1498672480001915,16S_rRNA
16S_rRNA-Bacilli-DQ464492,16S_rRNA,549,rnafm_faiss_guided_k14_lofo,faiss,1,consensus,0,14,tRNA|group_I_intron|RNaseP|tRNA|group_I_intron|group_I_intron|5S_rRNA|group_I_intron|5S_rRNA|group_I_intron|group_I_intron|tmRNA|group_I_intron|group_I_intron,0.0,0,0.0418268741171496,0.5974025974025974,0.5317919075144508,0.5626911314984709,1.5238360049997937,0.0008508420005455264,0.0,1.5246868470003392,16S_rRNA
16S_rRNA-Actinobacteria-U48990,16S_rRNA,1413,rnafm_faiss_guided_k14_lofo,faiss,1,consensus,0,14,RfamFamily|tRNA|tRNA|tRNA|tRNA|tRNA|tRNA|5S_rRNA|SRP|tRNA|tRNA|tRNA|tRNA|5S_rRNA,0.0,0,0.05207844265638661,0.3581730769230769,0.31106471816283926,0.3329608938547486,1.313130739999906,0.0008093400001598638,0.0,1.3139400800000658,16S_rRNA
16S_rRNA-Bacilli-AJ586383,16S_rRNA,1440,rnafm_faiss_guided_k14_lofo,faiss,1,consensus,0,14,RfamFamily|tRNA|5S_rRNA|5S_rRNA|tRNA|tRNA|5S_rRNA|tRNA|tRNA|tRNA|5S_rRNA|tRNA|tRNA|5S_rRNA,0.0,0,0.046549851705230676,0.41330166270783847,0.3841059602649007,0.3981693363844394,1.3956852429992068,0.0007982669994817115,0.0,1.3964835099986885,16S_rRNA
16S_rRNA-Alphaproteobacteria-DQ354612,16S_rRNA,1412,rnafm_faiss_guided_k14_lofo,faiss,1,consensus,0,14,tRNA|RfamFamily|tRNA|tRNA|5S_rRNA|tRNA|tRNA|tRNA|tRNA|tRNA|tRNA|tRNA|tRNA|tRNA,0.0,0,0.05069528395965097,0.39675174013921116,0.37831858407079644,0.3873159682899207,1.3437338190005903,0.0008376120003958931,0.0,1.3445714310009862,16S_rRNA
16S_rRNA-Alphaproteobacteria-DQ337551,16S_rRNA,1442,rnafm_faiss_guided_k14_lofo,faiss,1,consensus,0,14,RfamFamily|tRNA|tRNA|tRNA|tRNA|tRNA|tRNA|5S_rRNA|5S_rRNA|tRNA|5S_rRNA|tRNA|5S_rRNA|tRNA,0.0,0,0.04794082225535518,0.4785553047404063,0.46593406593406594,0.47216035634743875,1.3021653910000168,0.0007625450007253676,0.0,1.3029279360007422,16S_rRNA
16S_rRNA-Alphaproteobacteria-X90814,16S_rRNA,226,rnafm_faiss_guided_k14_lofo,faiss,1,consensus,0,14,tRNA|RfamFamily|tRNA|tRNA|tRNA|5S_rRNA|tRNA|tRNA|5S_rRNA|group_I_intron|group_I_intron|5S_rRNA|tRNA|5S_rRNA,0.0,0,0.04415092943086495,0.8032786885245902,0.7424242424242424,0.7716535433070867,1.813486188000752,0.0009438639999643783,0.0,1.8144300520007164,16S_rRNA
16S_rRNA-Alphaproteobacteria-AF150805,16S_rRNA,1450,rnafm_faiss_guided_k14_lofo,faiss,1,consensus,0,14,RfamFamily|tRNA|tRNA|tRNA|tRNA|tRNA|tRNA|group_I_intron|tRNA|group_I_intron|tRNA|tRNA|group_I_intron|tRNA,0.0,0,0.0550702637864846,0.5011286681715575,0.4900662251655629,0.4955357142857143,1.338736895000693,0.0007793779996063677,0.0,1.3395162730002994,16S_rRNA
16S_rRNA-Actinobacteria-AY707840,16S_rRNA,547,rnafm_faiss_guided_k14_lofo,faiss,1,consensus,0,14,tRNA|tRNA|tRNA|tRNA|5S_rRNA|tRNA|5S_rRNA|tRNA|5S_rRNA|tRNA|RfamFamily|tRNA|tRNA|5S_rRNA,0.0,0,0.042904179330768184,0.3643410852713178,0.26704545454545453,0.3081967213114754,1.3166963470002884,0.001001306000034674,0.0,1.317697653000323,16S_rRNA
16S_rRNA-Alphaproteobacteria-DQ088159,16S_rRNA,1363,rnafm_faiss_guided_k14_lofo,faiss,1,consensus,0,14,RfamFamily|tRNA|tRNA|5S_rRNA|5S_rRNA|tRNA|tRNA|5S_rRNA|tRNA|tRNA|group_I_intron|tRNA|5S_rRNA|tRNA,0.0,0,0.04383004093321175,0.4847715736040609,0.44522144522144524,0.4641555285540705,1.4553872599999522,0.0009114399999816669,0.0,1.4562986999999339,16S_rRNA
16S_rRNA-Bacilli-AY647317,16S_rRNA,1417,rnafm_faiss_guided_k14_lofo,faiss,1,consensus,0,14,RfamFamily|tRNA|5S_rRNA|5S_rRNA|5S_rRNA|5S_rRNA|5S_rRNA|5S_rRNA|5S_rRNA|tRNA|tRNA|5S_rRNA|tRNA|tRNA,0.0,0,0.03472891318596526,0.45544554455445546,0.42494226327944573,0.43966547192353644,1.345809041999928,0.0008237269994424423,0.0,1.3466327689993705,16S_rRNA
5S_rRNA-Bacteria-B07206,5S_rRNA,119,rnafm_faiss_guided_k14_lofo,faiss,1,consensus,0,14,RfamFamily|SRP|SRP|SRP|SRP|SRP|SRP|SRP|SRP|SRP|SRP|SRP|SRP|RfamFamily,0.0,0,0.1071716819334919,0.5454545454545454,0.47368421052631576,0.5070422535211268,0.6822192120007458,0.0007492759996239329,0.0,0.6829684880003697,5S_rRNA
5S_rRNA-Bacteria-B04678,5S_rRNA,118,rnafm_faiss_guided_k14_lofo,faiss,1,consensus,0,14,RfamFamily|SRP|RfamFamily|RfamFamily|SRP|SRP|SRP|SRP|SRP|SRP|SRP|SRP|SRP|SRP,0.0,0,0.12748593551236273,0.0,0.0,0.0,0.6283786470003179,0.0007956939998621237,0.0,0.62917434100018,5S_rRNA
5S_rRNA-Bacteria-B04666,5S_rRNA,117,rnafm_faiss_guided_k14_lofo,faiss,1,consensus,0,14,RfamFamily|SRP|SRP|SRP|SRP|SRP|SRP|SRP|SRP|SRP|SRP|SRP|SRP|SRP,0.0,0,0.1109133014873129,0.8064516129032258,0.7142857142857143,0.7575757575757576,0.6456516190000912,0.0008036760000322829,0.0,0.6464552950001234,5S_rRNA
5S_rRNA-Bacteria-B05929,5S_rRNA,121,rnafm_faiss_guided_k14_lofo,faiss,1,consensus,0,14,RfamFamily|SRP|SRP|SRP|SRP|SRP|SRP|SRP|SRP|SRP|SRP|SRP|SRP|SRP,0.0,0,0.07797438891571166,0.5,0.53125,0.5151515151515151,0.6698449619998428,0.0007889809994594543,0.0,0.6706339429993022,5S_rRNA
5S_rRNA-Bacteria-B06142,5S_rRNA,122,rnafm_faiss_guided_k14_lofo,faiss,1,consensus,0,14,RfamFamily|SRP|SRP|SRP|SRP|SRP|SRP|SRP|SRP|SRP|SRP|SRP|SRP|SRP,0.0,0,0.0910372592351693,0.5625,0.46153846153846156,0.5070422535211268,0.6611130549999871,0.000801268000031996,0.0,0.6619143230000191,5S_rRNA
5S_rRNA-Bacteria-B03036,5S_rRNA,115,rnafm_faiss_guided_k14_lofo,faiss,1,consensus,0,14,RfamFamily|SRP|SRP|SRP|SRP|SRP|SRP|SRP|SRP|SRP|SRP|SRP|SRP|SRP,0.0,0,0.0675857335348163,0.21212121212121213,0.19444444444444445,0.20289855072463767,0.6478158110003278,0.0007718799997746828,0.0,0.6485876910001025,5S_rRNA
5S_rRNA-Tinca-tinca-2,5S_rRNA,120,rnafm_faiss_guided_k14_lofo,faiss,1,consensus,0,14,RfamFamily|tRNA|tRNA|tRNA|tRNA|tRNA|tRNA|tRNA|tRNA|tRNA|tRNA|tRNA|tRNA|tRNA,0.0,0,0.19658593092426352,0.0,0.0,0.0,0.6593090229998779,0.0007896269999037031,0.0,0.6600986499997816,5S_rRNA
5S_rRNA-Bacteria-B00663,5S_rRNA,118,rnafm_faiss_guided_k14_lofo,faiss,1,consensus,0,14,RfamFamily|SRP|SRP|SRP|SRP|SRP|SRP|SRP|SRP|SRP|SRP|SRP|SRP|SRP,0.0,0,0.08513829055053691,0.42857142857142855,0.40540540540540543,0.4166666666666667,0.8446498949997476,0.0008968850006567664,0.0,0.8455467800004044,5S_rRNA
5S_rRNA-Bacteria-B05838,5S_rRNA,117,rnafm_faiss_guided_k14_lofo,faiss,1,consensus,0,14,RfamFamily|RfamFamily|SRP|SRP|SRP|RfamFamily|tRNA|RfamFamily|SRP|SRP|SRP|SRP|SRP|SRP,0.0,0,0.11420301012660959,0.0,0.0,0.0,0.9299189539997315,0.0009327389998361468,0.0,0.9308516929995676,5S_rRNA
5S_rRNA-Bacteria-B03798,5S_rRNA,116,rnafm_faiss_guided_k14_lofo,faiss,1,consensus,0,14,RfamFamily|SRP|SRP|SRP|SRP|SRP|SRP|SRP|SRP|SRP|SRP|SRP|SRP|SRP,0.0,0,0.09597233572066344,0.0,0.0,0.0,0.9171714390004126,0.000937965999582957,0.0,0.9181094049999956,5S_rRNA
5S_rRNA-Plastids-P00325,5S_rRNA,123,rnafm_faiss_guided_k14_lofo,faiss,1,consensus,0,14,RfamFamily|SRP|RfamFamily|SRP|RfamFamily|SRP|SRP|RfamFamily|SRP|SRP|SRP|RfamFamily|SRP|SRP,0.0,0,0.0664242465682683,0.8,0.7777777777777778,0.7887323943661971,1.075009057999523,0.001677231000030588,0.0,1.0766862889995537,5S_rRNA
5S_rRNA-Bacteria-B03522,5S_rRNA,112,rnafm_faiss_guided_k14_lofo,faiss,1,consensus,0,14,RfamFamily|RfamFamily|SRP|SRP|SRP|SRP|SRP|SRP|SRP|SRP|SRP|SRP|RfamFamily|RfamFamily,0.0,0,0.1185240478293519,0.0,0.0,0.0,0.9835941589999493,0.0009601270003258833,0.0,0.9845542860002752,5S_rRNA
5S_rRNA-Eukaryota-E01385,5S_rRNA,122,rnafm_faiss_guided_k14_lofo,faiss,1,consensus,0,14,RfamFamily|RfamFamily|tRNA|tRNA|tRNA|tRNA|tRNA|tRNA|tRNA|tRNA|tRNA|tRNA|tRNA|tRNA,0.0,0,0.15237164582128918,0.5588235294117647,0.6129032258064516,0.5846153846153845,0.9579374959994311,0.0008882279998942977,0.0,0.9588257239993254,5S_rRNA
5S_rRNA-Eukaryota-E01105,5S_rRNA,122,rnafm_faiss_guided_k14_lofo,faiss,1,consensus,0,14,RfamFamily|tRNA|RfamFamily|tRNA|tRNA|tRNA|tRNA|tRNA|tRNA|tRNA|tRNA|tRNA|tRNA|tRNA,0.0,0,0.17644823431675818,0.5,0.5454545454545454,0.5217391304347826,0.6890813849995538,0.0008110589997158968,0.0,0.6898924439992697,5S_rRNA
5S_rRNA-Bacteria-B02309,5S_rRNA,116,rnafm_faiss_guided_k14_lofo,faiss,1,consensus,0,14,RfamFamily|SRP|SRP|SRP|SRP|SRP|RfamFamily|SRP|SRP|SRP|SRP|SRP|SRP|SRP,0.0,0,0.122726579053084,0.0,0.0,0.0,0.5966257689997292,0.0006170209999254439,0.0,0.5972427899996546,5S_rRNA
5S_rRNA-Bacteria-B03168,5S_rRNA,117,rnafm_faiss_guided_k14_lofo,faiss,1,consensus,0,14,RfamFamily|SRP|SRP|SRP|SRP|SRP|SRP|SRP|SRP|SRP|SRP|SRP|SRP|SRP,0.0,0,0.13237788693083322,0.22580645161290322,0.3333333333333333,0.2692307692307692,0.6371139520006182,0.0007520360004491522,0.0,0.6378659880010673,5S_rRNA
5S_rRNA-Bacteria-B03568,5S_rRNA,118,rnafm_faiss_guided_k14_lofo,faiss,1,consensus,0,14,RfamFamily|SRP|SRP|SRP|SRP|SRP|SRP|SRP|SRP|SRP|SRP|SRP|SRP|SRP,0.0,0,0.08191052486961047,0.22857142857142856,0.25,0.23880597014925375,0.6303809689998161,0.0007519959999626735,0.0,0.6311329649997788,5S_rRNA
5S_rRNA-Plastids-P00213,5S_rRNA,123,rnafm_faiss_guided_k14_lofo,faiss,1,consensus,0,14,RfamFamily|SRP|RfamFamily|SRP|RfamFamily|SRP|SRP|RfamFamily|SRP|SRP|SRP|RfamFamily|SRP|SRP,0.0,0,0.0664242465682683,0.8,0.7777777777777778,0.7887323943661971,0.6759593209999366,0.0008211059994209791,0.0,0.6767804269993576,5S_rRNA
5S_rRNA-Bacteria-B01711,5S_rRNA,117,rnafm_faiss_guided_k14_lofo,faiss,1,consensus,0,14,RfamFamily|SRP|RfamFamily|SRP|SRP|SRP|SRP|SRP|SRP|SRP|SRP|SRP|SRP|SRP,0.0,0,0.12892144468521996,0.0,0.0,0.0,0.6691777639998691,0.0007763749999867287,0.0,0.6699541389998558,5S_rRNA
5S_rRNA-Archaea-A00143,5S_rRNA,115,rnafm_faiss_guided_k14_lofo,faiss,1,consensus,0,14,RfamFamily|SRP|SRP|SRP|SRP|SRP|SRP|RfamFamily|SRP|SRP|SRP|SRP|SRP|SRP,0.0,0,0.1290980208132792,0.5666666666666667,0.85,0.68,0.6430773109996153,0.0008124380001390819,0.0,0.6438897489997544,5S_rRNA
5S_rRNA-Bacteria-B02468,5S_rRNA,116,rnafm_faiss_guided_k14_lofo,faiss,1,consensus,0,14,tRNA|RfamFamily|tRNA|tRNA|tRNA|tRNA|tRNA|tRNA|tRNA|tRNA|tRNA|tRNA|tRNA|tRNA,0.0,0,0.1544990164336915,0.17647058823529413,0.3333333333333333,0.23076923076923078,0.6558329389999926,0.0007912410001154058,0.0,0.656624180000108,5S_rRNA
5S_rRNA-Bacteria-B05687,5S_rRNA,116,rnafm_faiss_guided_k14_lofo,faiss,1,consensus,0,14,RfamFamily|RfamFamily|RfamFamily|RfamFamily|SRP|tRNA|RfamFamily|SRP|tRNA|SRP|tRNA|SRP|tRNA|SRP,0.0,0,0.10386086105286962,0.5,0.75,0.6,0.657790130999274,0.0008055819998844527,0.0,0.6585957129991584,5S_rRNA
5S_rRNA-Bacteria-B06707,5S_rRNA,113,rnafm_faiss_guided_k14_lofo,faiss,1,consensus,0,14,RfamFamily|SRP|RfamFamily|SRP|SRP|SRP|SRP|SRP|SRP|RfamFamily|SRP|SRP|SRP|RfamFamily,0.0,0,0.12041713110846264,0.0,0.0,0.0,0.6402536009991309,0.0009906289997161366,0.0,0.641244229998847,5S_rRNA
5S_rRNA-Bacteria-B07001,5S_rRNA,113,rnafm_faiss_guided_k14_lofo,faiss,1,consensus,0,14,RfamFamily|SRP|SRP|SRP|SRP|SRP|SRP|SRP|SRP|SRP|SRP|SRP|SRP|SRP,0.0,0,0.11161105454388218,0.13333333333333333,0.3333333333333333,0.19047619047619044,0.6379476629999772,0.0007941769999888493,0.0,0.638741839999966,5S_rRNA
5S_rRNA-Bacteria-B04610,5S_rRNA,118,rnafm_faiss_guided_k14_lofo,faiss,1,consensus,0,14,RfamFamily|SRP|SRP|SRP|SRP|SRP|SRP|SRP|SRP|SRP|SRP|SRP|SRP|SRP,0.0,0,0.09170991355116709,0.21212121212121213,0.4375,0.2857142857142857,0.6789051339992511,0.0009384610002598492,0.0,0.679843594999511,5S_rRNA
5S_rRNA-Eukaryota-E01453,5S_rRNA,122,rnafm_faiss_guided_k14_lofo,faiss,1,consensus,0,14,RfamFamily|tRNA|tRNA|tRNA|tRNA|RfamFamily|tRNA|SRP|tRNA|tRNA|tRNA|tRNA|tRNA|tRNA,0.0,0,0.1473310832669443,0.4722222222222222,0.5483870967741935,0.5074626865671641,0.7692885549995481,0.000808945000244421,0.0,0.7700974999997925,5S_rRNA
5S_rRNA-Eukaryota-E02541,5S_rRNA,122,rnafm_faiss_guided_k14_lofo,faiss,1,consensus,0,14,tRNA|tRNA|RfamFamily|tRNA|tRNA|tRNA|tRNA|tRNA|tRNA|tRNA|RfamFamily|tRNA|tRNA|tRNA,0.0,0,0.14633666177902246,0.59375,0.5428571428571428,0.5671641791044776,0.6683889839996482,0.0007810890001564985,0.0,0.6691700729998047,5S_rRNA
5S_rRNA-Bacteria-B00726,5S_rRNA,117,rnafm_faiss_guided_k14_lofo,faiss,1,consensus,0,14,RfamFamily|SRP|RfamFamily|SRP|SRP|SRP|SRP|SRP|SRP|SRP|SRP|SRP|SRP|SRP,0.0,0,0.11807113487699963,0.0,0.0,0.0,0.666104152999651,0.000844939999296912,0.0,0.6669490929989479,5S_rRNA
5S_rRNA-Eukaryota-E00423,5S_rRNA,122,rnafm_faiss_guided_k14_lofo,faiss,1,consensus,0,14,RfamFamily|tRNA|tRNA|RfamFamily|tRNA|tRNA|tRNA|tRNA|tRNA|tRNA|tRNA|tRNA|tRNA|tRNA,0.0,0,0.15668295779419947,0.0,0.0,0.0,0.9601801480002905,0.0009606030007489608,0.0,0.9611407510010395,5S_rRNA
5S_rRNA-Bacteria-B02568,5S_rRNA,115,rnafm_faiss_guided_k14_lofo,faiss,1,consensus,0,14,RfamFamily|tRNA|tRNA|tRNA|tRNA|tRNA|tRNA|tRNA|tRNA|tRNA|tRNA|tRNA|tRNA|tRNA,0.0,0,0.12132471060572522,0.53125,0.6538461538461539,0.5862068965517242,0.9137286539998968,0.0008941440000853618,0.0,0.9146227979999821,5S_rRNA
5S_rRNA-Bacteria-B03558,5S_rRNA,120,rnafm_faiss_guided_k14_lofo,faiss,1,consensus,0,14,RfamFamily|SRP|SRP|SRP|SRP|SRP|SRP|SRP|SRP|SRP|SRP|SRP|SRP|SRP,0.0,0,0.09074432602133951,0.3888888888888889,0.3684210526315789,0.37837837837837834,0.9574610729996493,0.0009216749995175633,0.0,0.9583827479991669,5S_rRNA
5S_rRNA-Yersinia-pseudotuberculosis-1,5S_rRNA,120,rnafm_faiss_guided_k14_lofo,faiss,1,consensus,0,14,RfamFamily|SRP|SRP|SRP|SRP|SRP|SRP|SRP|SRP|SRP|SRP|SRP|SRP|SRP,0.0,0,0.07717620047731565,0.7777777777777778,0.7567567567567568,0.7671232876712328,0.9567223840003862,0.0009054079991983599,0.0,0.9576277919995846,5S_rRNA
5S_rRNA-Bacteria-B03720,5S_rRNA,117,rnafm_faiss_guided_k14_lofo,faiss,1,consensus,0,14,RfamFamily|SRP|SRP|SRP|SRP|SRP|SRP|SRP|SRP|SRP|SRP|SRP|SRP|SRP,0.0,0,0.08156715137816159,0.47058823529411764,0.48484848484848486,0.4776119402985075,0.932038392999857,0.00098350699954608,0.0,0.9330218999994031,5S_rRNA
5S_rRNA-Eukaryota-E01530,5S_rRNA,122,rnafm_faiss_guided_k14_lofo,faiss,1,consensus,0,14,RfamFamily|tRNA|tRNA|SRP|tRNA|tRNA|tRNA|tRNA|tRNA|tRNA|tRNA|SRP|tRNA|tRNA,0.0,0,0.15300359233250463,0.4722222222222222,0.5483870967741935,0.5074626865671641,0.8804437749995486,0.0007681449997107848,0.0,0.8812119199992594,5S_rRNA
5S_rRNA-Bacteria-B03472,5S_rRNA,118,rnafm_faiss_guided_k14_lofo,faiss,1,consensus,0,14,RfamFamily|SRP|SRP|SRP|SRP|SRP|SRP|SRP|SRP|SRP|SRP|SRP|SRP|SRP,0.0,0,0.08430341224058005,0.5428571428571428,0.6333333333333333,0.5846153846153846,0.6259260619999623,0.0009276319997297833,0.0,0.626853693999692,5S_rRNA
5S_rRNA-Bacteria-B03007,5S_rRNA,117,rnafm_faiss_guided_k14_lofo,faiss,1,consensus,0,14,RfamFamily|RfamFamily|SRP|SRP|SRP|SRP|SRP|SRP|SRP|SRP|SRP|SRP|SRP|tRNA,0.0,0,0.1360487554363128,0.0,0.0,0.0,0.649869075999959,0.0008015120001800824,0.0,0.6506705880001391,5S_rRNA
5S_rRNA-Eukaryota-E00805,5S_rRNA,122,rnafm_faiss_guided_k14_lofo,faiss,1,consensus,0,14,RfamFamily|RfamFamily|tRNA|SRP|tRNA|SRP|tRNA|tRNA|tRNA|tRNA|tRNA|tRNA|tRNA|tRNA,0.0,0,0.13579775148291842,0.7428571428571429,0.7647058823529411,0.7536231884057971,0.6689679419996537,0.000878809999449004,0.0,0.6698467519991027,5S_rRNA
5S_rRNA-Eukaryota-E02513,5S_rRNA,122,rnafm_faiss_guided_k14_lofo,faiss,1,consensus,0,14,RfamFamily|RfamFamily|tRNA|tRNA|tRNA|tRNA|tRNA|tRNA|tRNA|tRNA|tRNA|tRNA|tRNA|tRNA,0.0,0,0.20126040647794222,0.0,0.0,0.0,0.769568726000216,0.0007812989997546538,0.0,0.7703500249999706,5S_rRNA
5S_rRNA-Haemophilus-influenzae-4,5S_rRNA,115,rnafm_faiss_guided_k14_lofo,faiss,1,consensus,0,14,RfamFamily|RfamFamily|SRP|SRP|SRP|SRP|RfamFamily|SRP|tRNA|SRP|SRP|SRP|SRP|SRP,0.0,0,0.12018348105397127,0.0,0.0,0.0,0.6564979419999872,0.000815338999927917,0.0,0.6573132809999152,5S_rRNA
5S_rRNA-Eukaryota-E02714,5S_rRNA,119,rnafm_faiss_guided_k14_lofo,faiss,1,consensus,0,14,tRNA|tRNA|tRNA|RfamFamily|tRNA|tRNA|RfamFamily|tRNA|tRNA|tRNA|tRNA|tRNA|tRNA|tRNA,0.0,0,0.18394812129369506,0.0,0.0,0.0,0.6477621610001734,0.0008001010000953102,0.0,0.6485622620002687,5S_rRNA
5S_rRNA-Bacteria-B03453,5S_rRNA,118,rnafm_faiss_guided_k14_lofo,faiss,1,consensus,0,14,RfamFamily|SRP|SRP|SRP|SRP|SRP|SRP|SRP|SRP|SRP|SRP|SRP|SRP|SRP,0.0,0,0.08562274085011522,0.23529411764705882,0.2962962962962963,0.2622950819672131,0.6673524620000535,0.0007994170000529266,0.0,0.6681518790001064,5S_rRNA
5S_rRNA-Eukaryota-E02840,5S_rRNA,119,rnafm_faiss_guided_k14_lofo,faiss,1,consensus,0,14,tRNA|tRNA|tRNA|RfamFamily|tRNA|tRNA|RfamFamily|tRNA|tRNA|tRNA|tRNA|tRNA|tRNA|tRNA,0.0,0,0.18394812129369506,0.0,0.0,0.0,0.6604960239992579,0.000792110000475077,0.0,0.661288133999733,5S_rRNA
5S_rRNA-Bacteria-B04976,5S_rRNA,119,rnafm_faiss_guided_k14_lofo,faiss,1,consensus,0,14,RfamFamily|SRP|SRP|SRP|SRP|SRP|SRP|SRP|SRP|SRP|RfamFamily|RfamFamily|SRP|SRP,0.0,0,0.13595307232104417,0.0,0.0,0.0,0.6400637590004408,0.0007898439998825779,0.0,0.6408536030003233,5S_rRNA
5S_rRNA-Bacteria-B00455,5S_rRNA,115,rnafm_faiss_guided_k14_lofo,faiss,1,consensus,0,14,RfamFamily|SRP|SRP|SRP|RfamFamily|RfamFamily|RfamFamily|SRP|SRP|SRP|SRP|SRP|SRP|SRP,0.0,0,0.1411264910165816,0.5,0.7272727272727273,0.5925925925925926,0.6430516680002256,0.0008489210003972403,0.0,0.6439005890006229,5S_rRNA
5S_rRNA-Bacteria-B04216,5S_rRNA,117,rnafm_faiss_guided_k14_lofo,faiss,1,consensus,0,14,RfamFamily|SRP|SRP|SRP|SRP|SRP|SRP|SRP|SRP|SRP|SRP|SRP|SRP|SRP,0.0,0,0.10127605952382268,0.46875,0.4838709677419355,0.47619047619047616,0.6484661519998554,0.0008001739997780533,0.0,0.6492663259996334,5S_rRNA
5S_rRNA-Bacteria-B04179,5S_rRNA,118,rnafm_faiss_guided_k14_lofo,faiss,1,consensus,0,14,RfamFamily|SRP|SRP|SRP|SRP|SRP|SRP|SRP|SRP|SRP|SRP|SRP|SRP|SRP,0.0,0,0.09550083868965195,0.22857142857142856,0.5,0.3137254901960784,0.6305582579998372,0.0008067049993769615,0.0,0.6313649629992142,5S_rRNA
5S_rRNA-Bacteria-B03721,5S_rRNA,117,rnafm_faiss_guided_k14_lofo,faiss,1,consensus,0,14,RfamFamily|SRP|SRP|SRP|SRP|SRP|SRP|SRP|SRP|SRP|SRP|SRP|SRP|SRP,0.0,0,0.07914667922227048,0.47058823529411764,0.45714285714285713,0.46376811594202894,0.649883176000003,0.0007908280003903201,0.0,0.6506740040003933,5S_rRNA
5S_rRNA-Bacteria-B03349,5S_rRNA,119,rnafm_faiss_guided_k14_lofo,faiss,1,consensus,0,14,RfamFamily|SRP|SRP|SRP|SRP|SRP|SRP|SRP|SRP|SRP|SRP|SRP|RfamFamily|SRP,0.0,0,0.08917678112492403,0.0,0.0,0.0,0.6578692879993469,0.0009620450000511482,0.0,0.658831332999398,5S_rRNA
5S_rRNA-Eukaryota-E00253,5S_rRNA,120,rnafm_faiss_guided_k14_lofo,faiss,1,consensus,0,14,RfamFamily|RfamFamily|tRNA|SRP|SRP|SRP|SRP|SRP|SRP|tRNA|tRNA|SRP|SRP|SRP,0.0,0,0.14112376506930582,0.0,0.0,0.0,0.743096309000066,0.0008355509999091737,0.0,0.7439318599999751,5S_rRNA
5S_rRNA-Bacteria-B04442,5S_rRNA,116,rnafm_faiss_guided_k14_lofo,faiss,1,consensus,0,14,RfamFamily|SRP|SRP|SRP|SRP|SRP|SRP|SRP|SRP|SRP|SRP|SRP|SRP|SRP,0.0,0,0.08556565140863584,0.71875,0.7666666666666667,0.7419354838709677,0.9515332490000219,0.0011039830005756812,0.0,0.9526372320005976,5S_rRNA
5S_rRNA-Bacteria-B02324,5S_rRNA,117,rnafm_faiss_guided_k14_lofo,faiss,1,consensus,0,14,RfamFamily|RfamFamily|SRP|SRP|SRP|tRNA|SRP|SRP|SRP|SRP|SRP|SRP|RfamFamily|tRNA,0.0,0,0.11745002242474094,0.0,0.0,0.0,0.9368389109995405,0.0009601250003470341,0.0,0.9377990359998876,5S_rRNA
5S_rRNA-Bacteria-B05098,5S_rRNA,111,rnafm_faiss_guided_k14_lofo,faiss,1,consensus,0,14,RfamFamily|SRP|SRP|SRP|SRP|SRP|SRP|SRP|SRP|SRP|SRP|SRP|SRP|SRP,0.0,0,0.11550608784595644,0.1935483870967742,0.375,0.25531914893617014,0.9679359450001357,0.0009692269995866809,0.0,0.9689051719997224,5S_rRNA
5S_rRNA-Bacteria-B04362,5S_rRNA,119,rnafm_faiss_guided_k14_lofo,faiss,1,consensus,0,14,RfamFamily|SRP|SRP|SRP|SRP|SRP|SRP|SRP|SRP|SRP|SRP|SRP|SRP|SRP,0.0,0,0.1008063710801437,0.5757575757575758,0.5,0.5352112676056339,1.0444474860005357,0.0009324300008302089,0.0,1.045379916001366,5S_rRNA
5S_rRNA-Acheta-domesticus-1,5S_rRNA,120,rnafm_faiss_guided_k14_lofo,faiss,1,consensus,0,14,RfamFamily|RfamFamily|tRNA|tRNA|tRNA|tRNA|tRNA|tRNA|tRNA|tRNA|tRNA|tRNA|tRNA|tRNA,0.0,0,0.188238647618502,0.0,0.0,0.0,0.9717038210001192,0.0009967059995688032,0.0,0.972700526999688,5S_rRNA
5S_rRNA-Eukaryota-E01711,5S_rRNA,122,rnafm_faiss_guided_k14_lofo,faiss,1,consensus,0,14,RfamFamily|RfamFamily|tRNA|tRNA|tRNA|tRNA|tRNA|tRNA|tRNA|tRNA|tRNA|tRNA|tRNA|tRNA,0.0,0,0.1726857460696112,0.6111111111111112,0.7333333333333333,0.6666666666666666,0.7850698639995244,0.000838609999846085,0.0,0.7859084739993705,5S_rRNA
5S_rRNA-Bacteria-B05396,5S_rRNA,116,rnafm_faiss_guided_k14_lofo,faiss,1,consensus,0,14,RfamFamily|RfamFamily|SRP|SRP|SRP|SRP|SRP|SRP|SRP|SRP|SRP|SRP|SRP|RfamFamily,0.0,0,0.09783095970738173,0.0,0.0,0.0,0.6402931140000874,0.0007985289994394407,0.0,0.6410916429995268,5S_rRNA
5S_rRNA-Bacteria-B01680,5S_rRNA,120,rnafm_faiss_guided_k14_lofo,faiss,1,consensus,0,14,RfamFamily|SRP|SRP|SRP|SRP|SRP|SRP|SRP|SRP|SRP|SRP|SRP|SRP|SRP,0.0,0,0.0962199109763819,0.29411764705882354,0.2702702702702703,0.28169014084507044,0.6658524200001921,0.0008538379997844459,0.0,0.6667062579999765,5S_rRNA
5S_rRNA-Eukaryota-E01568,5S_rRNA,122,rnafm_faiss_guided_k14_lofo,faiss,1,consensus,0,14,RfamFamily|tRNA|tRNA|tRNA|tRNA|tRNA|tRNA|SRP|tRNA|tRNA|tRNA|tRNA|tRNA|tRNA,0.0,0,0.14917076189450068,0.4722222222222222,0.5483870967741935,0.5074626865671641,0.6434723749998739,0.0008006549996935064,0.0,0.6442730299995674,5S_rRNA
5S_rRNA-Bacteria-B03949,5S_rRNA,120,rnafm_faiss_guided_k14_lofo,faiss,1,consensus,0,14,RfamFamily|SRP|SRP|SRP|SRP|SRP|SRP|SRP|SRP|SRP|SRP|SRP|SRP|SRP,0.0,0,0.07439804949045987,0.2777777777777778,0.2564102564102564,0.26666666666666666,0.6725982959997054,0.0008769039995968342,0.0,0.6734751999993023,5S_rRNA
5S_rRNA-Bacteria-B05714,5S_rRNA,116,rnafm_faiss_guided_k14_lofo,faiss,1,consensus,0,14,RfamFamily|RfamFamily|RfamFamily|SRP|SRP|tRNA|tRNA|SRP|RfamFamily|SRP|SRP|SRP|SRP|SRP,0.0,0,0.09886581630623904,0.29411764705882354,0.43478260869565216,0.3508771929824562,0.6422530160007227,0.0008230620005633682,0.0,0.6430760780012861,5S_rRNA
5S_rRNA-Bacteria-B02820,5S_rRNA,115,rnafm_faiss_guided_k14_lofo,faiss,1,consensus,0,14,RfamFamily|SRP|SRP|SRP|SRP|SRP|SRP|SRP|SRP|RfamFamily|SRP|SRP|SRP|RfamFamily,0.0,0,0.13763045062145668,0.0,0.0,0.0,0.6455232990001605,0.0007960080001794267,0.0,0.6463193070003399,5S_rRNA
5S_rRNA-Eukaryota-E00974,5S_rRNA,122,rnafm_faiss_guided_k14_lofo,faiss,1,consensus,0,14,RfamFamily|RfamFamily|tRNA|tRNA|tRNA|tRNA|tRNA|tRNA|tRNA|tRNA|tRNA|tRNA|tRNA|tRNA,0.0,0,0.1856016148678302,0.5,0.5454545454545454,0.5217391304347826,0.6659596210001837,0.0008441269992545131,0.0,0.6668037479994382,5S_rRNA
5S_rRNA-Eukaryota-E00638,5S_rRNA,122,rnafm_faiss_guided_k14_lofo,faiss,1,consensus,0,14,RfamFamily|tRNA|tRNA|tRNA|tRNA|tRNA|tRNA|tRNA|tRNA|tRNA|tRNA|tRNA|tRNA|tRNA,0.0,0,0.15598458162385803,0.4411764705882353,0.5357142857142857,0.4838709677419355,0.6555035920000591,0.000799725000433682,0.0,0.6563033170004928,5S_rRNA
5S_rRNA-Bacteria-B06852,5S_rRNA,121,rnafm_faiss_guided_k14_lofo,faiss,1,consensus,0,14,RfamFamily|SRP|SRP|SRP|SRP|SRP|SRP|SRP|SRP|SRP|SRP|SRP|SRP|SRP,0.0,0,0.10044604892840922,0.3333333333333333,0.4230769230769231,0.3728813559322034,0.675357318999886,0.0008200359998227214,0.0,0.6761773549997088,5S_rRNA
5S_rRNA-Eukaryota-E01698,5S_rRNA,122,rnafm_faiss_guided_k14_lofo,faiss,1,consensus,0,14,RfamFamily|tRNA|tRNA|tRNA|tRNA|tRNA|tRNA|tRNA|tRNA|tRNA|tRNA|RfamFamily|tRNA|tRNA,0.0,0,0.22919908173535858,0.5,0.46153846153846156,0.48000000000000004,0.6934692329996324,0.0008216770002036355,0.0,0.694290909999836,5S_rRNA
5S_rRNA-Bacteria-B04480,5S_rRNA,116,rnafm_faiss_guided_k14_lofo,faiss,1,consensus,0,14,RfamFamily|SRP|SRP|SRP|SRP|SRP|SRP|SRP|SRP|SRP|SRP|SRP|SRP|SRP,0.0,0,0.09269063749912916,0.2727272727272727,0.45,0.339622641509434,0.7508310339999298,0.0007994759998837253,0.0,0.7516305099998135,5S_rRNA
5S_rRNA-Bacteria-B00299,5S_rRNA,113,rnafm_faiss_guided_k14_lofo,faiss,1,consensus,0,14,RfamFamily|RfamFamily|SRP|SRP|SRP|SRP|SRP|SRP|SRP|SRP|SRP|RfamFamily|SRP|SRP,0.0,0,0.11389786239433798,0.0,0.0,0.0,0.6606409949999943,0.0008152059999702033,0.0,0.6614562009999645,5S_rRNA
5S_rRNA-Bacteria-B06922,5S_rRNA,122,rnafm_faiss_guided_k14_lofo,faiss,1,consensus,0,14,RfamFamily|SRP|SRP|SRP|SRP|SRP|SRP|SRP|SRP|SRP|SRP|SRP|SRP|SRP,0.0,0,0.10070160363295828,0.12121212121212122,0.21052631578947367,0.15384615384615385,0.6629854249995333,0.0009576419997756602,0.0,0.6639430669993089,5S_rRNA
5S_rRNA-Bacteria-B06278,5S_rRNA,121,rnafm_faiss_guided_k14_lofo,faiss,1,consensus,0,14,RfamFamily|SRP|SRP|SRP|SRP|SRP|SRP|SRP|SRP|SRP|SRP|SRP|SRP|SRP,0.0,0,0.07004107758061079,0.42424242424242425,0.56,0.4827586206896552,0.6549696709998898,0.0007918539995444007,0.0,0.6557615249994342,5S_rRNA
5S_rRNA-Bacteria-B04527,5S_rRNA,114,rnafm_faiss_guided_k14_lofo,faiss,1,consensus,0,14,RfamFamily|SRP|SRP|SRP|SRP|SRP|SRP|SRP|SRP|SRP|SRP|SRP|SRP|SRP,0.0,0,0.0972637378958895,0.22580645161290322,0.30434782608695654,0.25925925925925924,0.8347589610002615,0.0008831820005070767,0.0,0.8356421430007686,5S_rRNA
5S_rRNA-Russula-cyanoxantha-1,5S_rRNA,119,rnafm_faiss_guided_k14_lofo,faiss,1,consensus,0,14,RfamFamily|RfamFamily|tRNA|tRNA|tRNA|tRNA|tRNA|tRNA|tRNA|tRNA|tRNA|tRNA|tRNA|tRNA,0.0,0,0.15603797893454976,0.4411764705882353,0.5357142857142857,0.4838709677419355,0.9673959870006001,0.0008818420001261984,0.0,0.9682778290007263,5S_rRNA
5S_rRNA-Bacteria-B02270,5S_rRNA,116,rnafm_faiss_guided_k14_lofo,faiss,1,consensus,0,14,RfamFamily|RfamFamily|SRP|SRP|SRP|SRP|SRP|SRP|SRP|SRP|SRP|SRP|SRP|SRP,0.0,0,0.12466454978065379,0.0,0.0,0.0,0.9144293179997476,0.0009186350007439614,0.0,0.9153479530004915,5S_rRNA
5S_rRNA-Eukaryota-E02712,5S_rRNA,119,rnafm_faiss_guided_k14_lofo,faiss,1,consensus,0,14,RfamFamily|RfamFamily|tRNA|tRNA|tRNA|tRNA|tRNA|tRNA|tRNA|tRNA|tRNA|tRNA|tRNA|tRNA,0.0,0,0.1369278843773563,0.14285714285714285,0.25,0.18181818181818182,0.9544333230005577,0.0009686010007499135,0.0,0.9554019240013076,5S_rRNA
5S_rRNA-Eukaryota-E01077,5S_rRNA,122,rnafm_faiss_guided_k14_lofo,faiss,1,consensus,0,14,RfamFamily|tRNA|tRNA|tRNA|RfamFamily|tRNA|tRNA|tRNA|tRNA|tRNA|tRNA|tRNA|tRNA|tRNA,0.0,0,0.18759469901108167,0.25,0.3103448275862069,0.27692307692307694,0.9523532029998023,0.0009429949996047071,0.0,0.953296197999407,5S_rRNA
5S_rRNA-Archaea-A00036,5S_rRNA,122,rnafm_faiss_guided_k14_lofo,faiss,1,consensus,0,14,RfamFamily|RfamFamily|SRP|SRP|SRP|SRP|SRP|SRP|SRP|SRP|SRP|SRP|SRP|SRP,0.0,0,0.15004533666257566,0.23529411764705882,0.6153846153846154,0.3404255319148936,0.944402269999955,0.0007678370002395241,0.0,0.9451701070001945,5S_rRNA
5S_rRNA-Bacteria-B04234,5S_rRNA,119,rnafm_faiss_guided_k14_lofo,faiss,1,consensus,0,14,RfamFamily|SRP|SRP|SRP|SRP|SRP|SRP|SRP|SRP|SRP|SRP|SRP|SRP|SRP,0.0,0,0.09524237102062601,0.24242424242424243,0.5,0.326530612244898,0.6544308149996141,0.0008605319999333005,0.0,0.6552913469995474,5S_rRNA
5S_rRNA-Bacteria-B04316,5S_rRNA,119,rnafm_faiss_guided_k14_lofo,faiss,1,consensus,0,14,RfamFamily|SRP|SRP|SRP|SRP|SRP|SRP|SRP|SRP|SRP|SRP|SRP|SRP|SRP,0.0,0,0.09319501568448234,0.29411764705882354,0.38461538461538464,0.33333333333333337,0.6690604420000454,0.0008000569996511331,0.0,0.6698604989996966,5S_rRNA
5S_rRNA-Bacteria-B01082,5S_rRNA,118,rnafm_faiss_guided_k14_lofo,faiss,1,consensus,0,14,RfamFamily|SRP|SRP|SRP|SRP|SRP|SRP|SRP|SRP|SRP|SRP|SRP|SRP|SRP,0.0,0,0.12214665905983399,0.5454545454545454,0.47368421052631576,0.5070422535211268,0.6445985979999023,0.0008026730001802207,0.0,0.6454012710000825,5S_rRNA
5S_rRNA-Bacteria-B06983,5S_rRNA,112,rnafm_faiss_guided_k14_lofo,faiss,1,consensus,0,14,RfamFamily|SRP|SRP|SRP|SRP|SRP|SRP|SRP|SRP|SRP|SRP|SRP|SRP|SRP,0.0,0,0.12101516763850341,0.1935483870967742,0.5,0.27906976744186046,0.7613548290000836,0.0008009339999262011,0.0,0.7621557630000098,5S_rRNA
5S_rRNA-Eukaryota-E02735,5S_rRNA,119,rnafm_faiss_guided_k14_lofo,faiss,1,consensus,0,14,tRNA|tRNA|tRNA|RfamFamily|tRNA|tRNA|RfamFamily|tRNA|tRNA|tRNA|tRNA|tRNA|tRNA|tRNA,0.0,0,0.18394812129369506,0.0,0.0,0.0,0.6601425099997869,0.0007965490003698505,0.0,0.6609390590001567,5S_rRNA
5S_rRNA-Bacteria-B05604,5S_rRNA,116,rnafm_faiss_guided_k14_lofo,faiss,1,consensus,0,14,RfamFamily|RfamFamily|SRP|SRP|SRP|SRP|SRP|SRP|SRP|SRP|SRP|SRP|SRP|SRP,0.0,0,0.10453982995989967,0.0,0.0,0.0,0.6464160929999707,0.0008037509996938752,0.0,0.6472198439996646,5S_rRNA
5S_rRNA-Eukaryota-E00803,5S_rRNA,122,rnafm_faiss_guided_k14_lofo,faiss,1,consensus,0,14,RfamFamily|RfamFamily|tRNA|SRP|tRNA|SRP|tRNA|tRNA|tRNA|tRNA|tRNA|tRNA|tRNA|tRNA,0.0,0,0.1370652690861566,0.5714285714285714,0.8333333333333334,0.6779661016949152,0.6606613010008004,0.000790785000390315,0.0,0.6614520860011908,5S_rRNA
5S_rRNA-Equisetum-arvense-1,5S_rRNA,120,rnafm_faiss_guided_k14_lofo,faiss,1,consensus,0,14,RfamFamily|SRP|SRP|SRP|SRP|SRP|RfamFamily|SRP|SRP|SRP|SRP|SRP|SRP|SRP,0.0,0,0.0693048670265895,0.9117647058823529,0.8157894736842105,0.861111111111111,0.6395728249999593,0.0009249999993699021,0.0,0.6404978249993292,5S_rRNA
5S_rRNA-Bacteria-B00198,5S_rRNA,109,rnafm_faiss_guided_k14_lofo,faiss,1,consensus,0,14,RfamFamily|SRP|SRP|SRP|SRP|SRP|SRP|SRP|SRP|SRP|SRP|SRP|SRP|RfamFamily,0.0,0,0.13271322571498692,0.0,0.0,0.0,0.6194932600001266,0.0007889980006439146,0.0,0.6202822580007705,5S_rRNA
5S_rRNA-Eukaryota-E00598,5S_rRNA,122,rnafm_faiss_guided_k14_lofo,faiss,1,consensus,0,14,RfamFamily|RfamFamily|tRNA|tRNA|tRNA|tRNA|tRNA|tRNA|tRNA|tRNA|tRNA|tRNA|tRNA|tRNA,0.0,0,0.21004325567455215,0.0,0.0,0.0,0.6750885270002982,0.000920613000744197,0.0,0.6760091400010424,5S_rRNA
5S_rRNA-Bacteria-B06514,5S_rRNA,114,rnafm_faiss_guided_k14_lofo,faiss,1,consensus,0,14,RfamFamily|SRP|SRP|SRP|SRP|SRP|SRP|SRP|SRP|SRP|SRP|SRP|SRP|RfamFamily,0.0,0,0.09873409602966754,0.0,0.0,0.0,0.6135543430000325,0.000838629999634577,0.0,0.6143929729996671,5S_rRNA
5S_rRNA-Eukaryota-E01197,5S_rRNA,122,rnafm_faiss_guided_k14_lofo,faiss,1,consensus,0,14,RfamFamily|RfamFamily|tRNA|tRNA|tRNA|tRNA|tRNA|tRNA|tRNA|tRNA|tRNA|tRNA|tRNA|tRNA,0.0,0,0.18418209216811082,0.5588235294117647,0.7307692307692307,0.6333333333333334,0.6597446670002682,0.0008008649992916617,0.0,0.6605455319995599,5S_rRNA
5S_rRNA-Bacteria-B05639,5S_rRNA,115,rnafm_faiss_guided_k14_lofo,faiss,1,consensus,0,14,RfamFamily|RfamFamily|RfamFamily|tRNA|tRNA|tRNA|tRNA|tRNA|tRNA|tRNA|tRNA|tRNA|tRNA|tRNA,0.0,0,0.11047730850386399,0.15625,0.23809523809523808,0.18867924528301888,0.637333912000031,0.0007838229994376888,0.0,0.6381177349994687,5S_rRNA
5S_rRNA-Bacteria-B07290,5S_rRNA,121,rnafm_faiss_guided_k14_lofo,faiss,1,consensus,0,14,RfamFamily|SRP|SRP|SRP|SRP|SRP|SRP|SRP|SRP|SRP|SRP|SRP|SRP|SRP,0.0,0,0.10859519900238435,0.3888888888888889,0.45161290322580644,0.417910447761194,0.6603314120002324,0.0008139510000546579,0.0,0.661145363000287,5S_rRNA
5S_rRNA-Bacteria-B06740,5S_rRNA,111,rnafm_faiss_guided_k14_lofo,faiss,1,consensus,0,14,RfamFamily|SRP|SRP|SRP|SRP|SRP|SRP|SRP|SRP|SRP|SRP|SRP|SRP|RfamFamily,0.0,0,0.10064726773540787,0.0,0.0,0.0,0.627435587999571,0.0007994889992914977,0.0,0.6282350769988625,5S_rRNA
5S_rRNA-Eukaryota-E02584,5S_rRNA,122,rnafm_faiss_guided_k14_lofo,faiss,1,consensus,0,14,RfamFamily|RfamFamily|tRNA|tRNA|tRNA|tRNA|tRNA|tRNA|tRNA|tRNA|tRNA|tRNA|tRNA|tRNA,0.0,0,0.18117575796471236,0.4857142857142857,0.5483870967741935,0.5151515151515151,0.9716039319991978,0.0009156050000456162,0.0,0.9725195369992434,5S_rRNA
5S_rRNA-Bacteria-B06155,5S_rRNA,121,rnafm_faiss_guided_k14_lofo,faiss,1,consensus,0,14,RfamFamily|SRP|SRP|SRP|SRP|SRP|SRP|SRP|SRP|SRP|SRP|SRP|SRP|SRP,0.0,0,0.07523203932480138,0.45714285714285713,0.4444444444444444,0.4507042253521127,0.9840571590002583,0.0008693279996805359,0.0,0.9849264869999388,5S_rRNA
5S_rRNA-Bacteria-B06772,5S_rRNA,118,rnafm_faiss_guided_k14_lofo,faiss,1,consensus,0,14,RfamFamily|SRP|SRP|SRP|SRP|SRP|SRP|SRP|SRP|SRP|SRP|SRP|SRP|SRP,0.0,0,0.10406133476061755,0.4117647058823529,0.4827586206896552,0.4444444444444445,0.9331876340002054,0.0008805149991530925,0.0,0.9340681489993585,5S_rRNA
5S_rRNA-Bacteria-B02101,5S_rRNA,117,rnafm_faiss_guided_k14_lofo,faiss,1,consensus,0,14,RfamFamily|RfamFamily|SRP|tRNA|RfamFamily|SRP|RfamFamily|tRNA|tRNA|tRNA|RfamFamily|tRNA|SRP|SRP,0.0,0,0.10687978583356947,0.7647058823529411,0.7878787878787878,0.7761194029850745,0.9519251209994763,0.0009031439994942048,0.0,0.9528282649989706,5S_rRNA
5S_rRNA-Plastids-P00481,5S_rRNA,123,rnafm_faiss_guided_k14_lofo,faiss,1,consensus,0,14,RfamFamily|SRP|RfamFamily|SRP|SRP|RfamFamily|SRP|SRP|SRP|RfamFamily|SRP|RfamFamily|SRP|SRP,0.0,0,0.06717002428173952,0.8,0.7777777777777778,0.7887323943661971,0.9746516200002588,0.0014465799995377893,0.0,0.9760981999997966,5S_rRNA
5S_rRNA-Bacteria-B01634,5S_rRNA,116,rnafm_faiss_guided_k14_lofo,faiss,1,consensus,0,14,tRNA|tRNA|tRNA|tRNA|tRNA|tRNA|tRNA|tRNA|tRNA|tRNA|RfamFamily|tRNA|tRNA|tRNA,0.0,0,0.18520244894317556,0.23529411764705882,0.47058823529411764,0.3137254901960785,0.7784960919998412,0.0008165830004145391,0.0,0.7793126750002557,5S_rRNA
5S_rRNA-Bacteria-B05607,5S_rRNA,115,rnafm_faiss_guided_k14_lofo,faiss,1,consensus,0,14,RfamFamily|RfamFamily|SRP|SRP|SRP|SRP|SRP|SRP|SRP|SRP|SRP|RfamFamily|SRP|SRP,0.0,0,0.11252483664584222,0.0,0.0,0.0,0.6434633110002324,0.0008458239999526995,0.0,0.644309135000185,5S_rRNA
5S_rRNA-Eukaryota-E02681,5S_rRNA,122,rnafm_faiss_guided_k14_lofo,faiss,1,consensus,0,14,RfamFamily|RfamFamily|tRNA|tRNA|tRNA|tRNA|tRNA|tRNA|tRNA|tRNA|tRNA|tRNA|tRNA|tRNA,0.0,0,0.16123036209760477,0.17142857142857143,0.2222222222222222,0.1935483870967742,0.6514992769998571,0.0008204630003092461,0.0,0.6523197400001663,5S_rRNA
5S_rRNA-Eukaryota-E01575,5S_rRNA,122,rnafm_faiss_guided_k14_lofo,faiss,1,consensus,0,14,RfamFamily|tRNA|tRNA|SRP|SRP|tRNA|RfamFamily|tRNA|tRNA|tRNA|tRNA|tRNA|tRNA|tRNA,0.0,0,0.14316268117519623,0.4722222222222222,0.5483870967741935,0.5074626865671641,0.6728471839996928,0.0008430719999523717,0.0,0.6736902559996452,5S_rRNA
5S_rRNA-Bacteria-B04764,5S_rRNA,118,rnafm_faiss_guided_k14_lofo,faiss,1,consensus,0,14,RfamFamily|RfamFamily|SRP|SRP|SRP|SRP|SRP|SRP|SRP|SRP|SRP|SRP|RfamFamily|SRP,0.0,0,0.13994788164777877,0.0,0.0,0.0,0.6530672710005092,0.0008732859996598563,0.0,0.6539405570001691,5S_rRNA
5S_rRNA-Bacteria-B03050,5S_rRNA,111,rnafm_faiss_guided_k14_lofo,faiss,1,consensus,0,14,RfamFamily|SRP|SRP|RfamFamily|SRP|SRP|SRP|SRP|SRP|SRP|SRP|SRP|SRP|RfamFamily,0.0,0,0.12542719352324003,0.0,0.0,0.0,0.6264402199994947,0.0008236590001615696,0.0,0.6272638789996563,5S_rRNA
5S_rRNA-Bacteria-B05774,5S_rRNA,117,rnafm_faiss_guided_k14_lofo,faiss,1,consensus,0,14,RfamFamily|RfamFamily|RfamFamily|tRNA|tRNA|tRNA|tRNA|tRNA|tRNA|tRNA|tRNA|tRNA|tRNA|tRNA,0.0,0,0.11763607123338195,0.3225806451612903,0.3448275862068966,0.33333333333333337,0.6646558080001341,0.0007575769996037707,0.0,0.6654133849997379,5S_rRNA
5S_rRNA-Bacteria-B04647,5S_rRNA,117,rnafm_faiss_guided_k14_lofo,faiss,1,consensus,0,14,RfamFamily|RfamFamily|SRP|SRP|SRP|SRP|SRP|SRP|SRP|SRP|SRP|RfamFamily|SRP|SRP,0.0,0,0.11920365771444154,0.0,0.0,0.0,0.7547688539998489,0.000786237000284018,0.0,0.755555091000133,5S_rRNA
5S_rRNA-Bacteria-B06439,5S_rRNA,120,rnafm_faiss_guided_k14_lofo,faiss,1,consensus,0,14,RfamFamily|SRP|SRP|SRP|SRP|SRP|SRP|SRP|SRP|SRP|SRP|SRP|SRP|SRP,0.0,0,0.09185038200994841,0.7941176470588235,0.7297297297297297,0.7605633802816901,0.6866706130003877,0.0008604909999121446,0.0,0.6875311040002998,5S_rRNA
5S_rRNA-Bacteria-B02609,5S_rRNA,115,rnafm_faiss_guided_k14_lofo,faiss,1,consensus,0,14,RfamFamily|SRP|RfamFamily|SRP|SRP|SRP|SRP|SRP|SRP|SRP|SRP|SRP|SRP|SRP,0.0,0,0.12076587798244978,0.24242424242424243,0.3076923076923077,0.2711864406779661,0.6463809409997339,0.0008263760000772891,0.0,0.6472073169998112,5S_rRNA
5S_rRNA-Archaea-A00234,5S_rRNA,121,rnafm_faiss_guided_k14_lofo,faiss,1,consensus,0,14,RfamFamily|SRP|SRP|SRP|SRP|SRP|SRP|RfamFamily|SRP|SRP|SRP|SRP|SRP|SRP,0.0,0,0.15777362265815534,0.1935483870967742,0.375,0.25531914893617014,0.6562180040000385,0.0007810930001141969,0.0,0.6569990970001527,5S_rRNA
5S_rRNA-Eukaryota-E02837,5S_rRNA,119,rnafm_faiss_guided_k14_lofo,faiss,1,consensus,0,14,RfamFamily|tRNA|tRNA|tRNA|tRNA|tRNA|tRNA|tRNA|tRNA|tRNA|tRNA|tRNA|tRNA|tRNA,0.0,0,0.19785370679860437,0.0,0.0,0.0,0.6636321579999276,0.0007740870005363831,0.0,0.664406245000464,5S_rRNA
5S_rRNA-Eukaryota-E00970,5S_rRNA,122,rnafm_faiss_guided_k14_lofo,faiss,1,consensus,0,14,RfamFamily|tRNA|tRNA|tRNA|tRNA|tRNA|tRNA|RfamFamily|tRNA|tRNA|tRNA|tRNA|tRNA|tRNA,0.0,0,0.1984673644121275,0.0,0.0,0.0,0.6665330119994906,0.00081859199963219,0.0,0.6673516039991227,5S_rRNA
5S_rRNA-Bacteria-B05474,5S_rRNA,114,rnafm_faiss_guided_k14_lofo,faiss,1,consensus,0,14,RfamFamily|RfamFamily|SRP|SRP|SRP|SRP|RfamFamily|SRP|SRP|SRP|SRP|RfamFamily|SRP|SRP,0.0,0,0.1136179706048311,0.21875,0.5,0.30434782608695654,0.6144415819999267,0.0007856649999666843,0.0,0.6152272469998934,5S_rRNA
5S_rRNA-Plastids-P00009,5S_rRNA,123,rnafm_faiss_guided_k14_lofo,faiss,1,consensus,0,14,RfamFamily|SRP|SRP|SRP|SRP|SRP|SRP|SRP|SRP|SRP|SRP|SRP|SRP|SRP,0.0,0,0.11071335767107379,0.36363636363636365,0.5217391304347826,0.42857142857142855,0.6723666469997625,0.00103342199963663,0.0,0.6734000689993991,5S_rRNA
5S_rRNA-Bacteria-B05844,5S_rRNA,116,rnafm_faiss_guided_k14_lofo,faiss,1,consensus,0,14,RfamFamily|RfamFamily|RfamFamily|tRNA|tRNA|tRNA|tRNA|tRNA|tRNA|tRNA|tRNA|tRNA|tRNA|tRNA,0.0,0,0.10384936062789318,0.5151515151515151,0.6071428571428571,0.5573770491803278,0.7956444169994938,0.0010476380002728547,0.0,0.7966920549997667,5S_rRNA
5S_rRNA-Bacteria-B04916,5S_rRNA,118,rnafm_faiss_guided_k14_lofo,faiss,1,consensus,0,14,RfamFamily|RfamFamily|SRP|SRP|SRP|SRP|SRP|SRP|SRP|SRP|SRP|SRP|tRNA|RfamFamily,0.0,0,0.13403643059258522,0.0,0.0,0.0,0.9345766010001171,0.0008628909999970347,0.0,0.9354394920001141,5S_rRNA
5S_rRNA-Bacteria-B00327,5S_rRNA,117,rnafm_faiss_guided_k14_lofo,faiss,1,consensus,0,14,RfamFamily|SRP|SRP|SRP|SRP|SRP|SRP|SRP|SRP|SRP|SRP|SRP|SRP|SRP,0.0,0,0.144055290520439,0.22580645161290322,0.4117647058823529,0.29166666666666663,0.9533754479998606,0.0010864110008697025,0.0,0.9544618590007303,5S_rRNA
5S_rRNA-Bacteria-B07057,5S_rRNA,110,rnafm_faiss_guided_k14_lofo,faiss,1,consensus,0,14,RfamFamily|SRP|SRP|SRP|SRP|SRP|SRP|SRP|SRP|SRP|SRP|SRP|SRP|SRP,0.0,0,0.11003817460477679,0.17857142857142858,0.3125,0.22727272727272727,0.8954687679997733,0.0009606879993953044,0.0,0.8964294559991686,5S_rRNA
5S_rRNA-Bacteria-B04657,5S_rRNA,118,rnafm_faiss_guided_k14_lofo,faiss,1,consensus,0,14,RfamFamily|SRP|SRP|SRP|SRP|SRP|SRP|SRP|SRP|RfamFamily|SRP|SRP|RfamFamily|RfamFamily,0.0,0,0.12165004765099166,0.0,0.0,0.0,0.9236465440008033,0.000947982000070624,0.0,0.9245945260008739,5S_rRNA
5S_rRNA-Eukaryota-E02165,5S_rRNA,122,rnafm_faiss_guided_k14_lofo,faiss,1,consensus,0,14,RfamFamily|RfamFamily|tRNA|tRNA|tRNA|tRNA|tRNA|tRNA|tRNA|tRNA|tRNA|tRNA|tRNA|tRNA,0.0,0,0.19820317759552894,0.0,0.0,0.0,1.1944947789997968,0.0009243590002370183,0.0,1.1954191380000339,5S_rRNA
5S_rRNA-Bacteria-B02078,5S_rRNA,117,rnafm_faiss_guided_k14_lofo,faiss,1,consensus,0,14,RfamFamily|RfamFamily|RfamFamily|SRP|tRNA|SRP|tRNA|tRNA|RfamFamily|tRNA|SRP|SRP|SRP|SRP,0.0,0,0.1102842497709797,0.42424242424242425,0.56,0.4827586206896552,0.7023886130000392,0.0007850860001781257,0.0,0.7031736990002173,5S_rRNA
5S_rRNA-Bacteria-B01060,5S_rRNA,116,rnafm_faiss_guided_k14_lofo,faiss,1,consensus,0,14,RfamFamily|SRP|SRP|SRP|SRP|SRP|SRP|SRP|SRP|SRP|SRP|SRP|SRP|SRP,0.0,0,0.07994738375380903,0.8387096774193549,0.9285714285714286,0.8813559322033899,0.6282852969998203,0.0008386210001845029,0.0,0.6291239180000048,5S_rRNA
5S_rRNA-Eukaryota-E02102,5S_rRNA,122,rnafm_faiss_guided_k14_lofo,faiss,1,consensus,0,14,RfamFamily|RfamFamily|tRNA|SRP|SRP|tRNA|tRNA|tRNA|SRP|SRP|tRNA|tRNA|SRP|tRNA,0.0,0,0.14233262828625554,0.2,0.2413793103448276,0.21875000000000003,0.6675893199999337,0.0008236920002673287,0.0,0.668413012000201,5S_rRNA
5S_rRNA-Bacteria-B05054,5S_rRNA,116,rnafm_faiss_guided_k14_lofo,faiss,1,consensus,0,14,RfamFamily|RfamFamily|SRP|SRP|SRP|SRP|SRP|SRP|SRP|SRP|SRP|SRP|SRP|SRP,0.0,0,0.14288976270657788,0.0,0.0,0.0,0.6385675559995434,0.0009440169997105841,0.0,0.639511572999254,5S_rRNA
5S_rRNA-Eukaryota-E00749,5S_rRNA,122,rnafm_faiss_guided_k14_lofo,faiss,1,consensus,0,14,RfamFamily|tRNA|tRNA|tRNA|tRNA|tRNA|RfamFamily|tRNA|tRNA|tRNA|tRNA|tRNA|tRNA|tRNA,0.0,0,0.15972528116262466,0.4411764705882353,0.5357142857142857,0.4838709677419355,0.6799803499998234,0.0009634600000936189,0.0,0.680943809999917,5S_rRNA
5S_rRNA-Bacteria-B02461,5S_rRNA,115,rnafm_faiss_guided_k14_lofo,faiss,1,consensus,0,14,RfamFamily|SRP|SRP|SRP|SRP|SRP|SRP|SRP|RfamFamily|SRP|SRP|RfamFamily|SRP|SRP,0.0,0,0.1367589035570861,0.0,0.0,0.0,0.6421512019996953,0.0007841679998819018,0.0,0.6429353699995772,5S_rRNA
5S_rRNA-Eukaryota-E01180,5S_rRNA,123,rnafm_faiss_guided_k14_lofo,faiss,1,consensus,0,14,RfamFamily|tRNA|tRNA|tRNA|tRNA|tRNA|tRNA|tRNA|tRNA|tRNA|tRNA|tRNA|tRNA|tRNA,0.0,0,0.20119367214398493,0.6,0.75,0.6666666666666665,0.6590530080002281,0.0008129119996738154,0.0,0.659865919999902,5S_rRNA
5S_rRNA-Bacteria-B00759,5S_rRNA,116,rnafm_faiss_guided_k14_lofo,faiss,1,consensus,0,14,RfamFamily|RfamFamily|SRP|RfamFamily|SRP|SRP|SRP|RfamFamily|SRP|SRP|SRP|SRP|SRP|RfamFamily,0.0,0,0.1154666400999171,0.0,0.0,0.0,0.6544930089994523,0.0008771310003794497,0.0,0.6553701399998317,5S_rRNA
5S_rRNA-Bacteria-B02334,5S_rRNA,115,rnafm_faiss_guided_k14_lofo,faiss,1,consensus,0,14,RfamFamily|SRP|SRP|SRP|SRP|SRP|SRP|SRP|RfamFamily|SRP|SRP|RfamFamily|SRP|SRP,0.0,0,0.1387819889402851,0.0,0.0,0.0,0.6429536749992621,0.0007908269999461481,0.0,0.6437445019992083,5S_rRNA
5S_rRNA-Bacteria-B00300,5S_rRNA,118,rnafm_faiss_guided_k14_lofo,faiss,1,consensus,0,14,RfamFamily|SRP|SRP|SRP|SRP|SRP|SRP|SRP|RfamFamily|SRP|SRP|SRP|SRP|SRP,0.0,0,0.1163871587818293,0.25806451612903225,0.5714285714285714,0.35555555555555557,0.629157239000051,0.0007863539995014435,0.0,0.6299435929995525,5S_rRNA
5S_rRNA-Bacteria-B02065,5S_rRNA,117,rnafm_faiss_guided_k14_lofo,faiss,1,consensus,0,14,RfamFamily|RfamFamily|RfamFamily|tRNA|tRNA|tRNA|tRNA|tRNA|SRP|tRNA|tRNA|tRNA|tRNA|tRNA,0.0,0,0.1062427915992604,0.36363636363636365,0.46153846153846156,0.4067796610169492,0.6563306970001577,0.0007964500000525732,0.0,0.6571271470002102,5S_rRNA
5S_rRNA-Bacteria-B04660,5S_rRNA,118,rnafm_faiss_guided_k14_lofo,faiss,1,consensus,0,14,RfamFamily|SRP|SRP|RfamFamily|RfamFamily|SRP|SRP|SRP|SRP|SRP|SRP|SRP|SRP|SRP,0.0,0,0.11836793320624471,0.5161290322580645,0.6153846153846154,0.5614035087719298,0.6424552779999431,0.0009403660005773418,0.0,0.6433956440005204,5S_rRNA
5S_rRNA-Bacteria-B06462,5S_rRNA,116,rnafm_faiss_guided_k14_lofo,faiss,1,consensus,0,14,RfamFamily|SRP|SRP|SRP|SRP|SRP|SRP|SRP|SRP|SRP|SRP|SRP|SRP|SRP,0.0,0,0.10648807552138344,0.26666666666666666,0.36363636363636365,0.30769230769230765,0.6260864969999602,0.0008006710004337947,0.0,0.626887168000394,5S_rRNA
5S_rRNA-Bacteria-B00022,5S_rRNA,118,rnafm_faiss_guided_k14_lofo,faiss,1,consensus,0,14,RfamFamily|SRP|SRP|SRP|SRP|SRP|SRP|SRP|SRP|SRP|SRP|SRP|SRP|SRP,0.0,0,0.09087095236485161,0.0,0.0,0.0,0.6621270089999598,0.0008031429997572559,0.0,0.662930151999717,5S_rRNA
5S_rRNA-Bacteria-B03520,5S_rRNA,116,rnafm_faiss_guided_k14_lofo,faiss,1,consensus,0,14,RfamFamily|SRP|SRP|SRP|SRP|SRP|SRP|SRP|SRP|SRP|SRP|SRP|SRP|SRP,0.0,0,0.07873831032085322,0.18181818181818182,0.20689655172413793,0.1935483870967742,0.7359634009999354,0.0015549199997622054,0.0,0.7375183209996976,5S_rRNA
5S_rRNA-Eukaryota-E02525,5S_rRNA,122,rnafm_faiss_guided_k14_lofo,faiss,1,consensus,0,14,RfamFamily|RfamFamily|tRNA|tRNA|tRNA|tRNA|tRNA|tRNA|tRNA|tRNA|tRNA|tRNA|tRNA|tRNA,0.0,0,0.1980024662728682,0.0,0.0,0.0,0.9974983169995539,0.0008781209999142447,0.0,0.9983764379994682,5S_rRNA
5S_rRNA-Bacteria-B03821,5S_rRNA,116,rnafm_faiss_guided_k14_lofo,faiss,1,consensus,0,14,RfamFamily|RfamFamily|tRNA|SRP|SRP|tRNA|RfamFamily|SRP|tRNA|tRNA|tRNA|tRNA|SRP|SRP,0.0,0,0.11254042227779296,0.7941176470588235,0.7297297297297297,0.7605633802816901,0.9190072110004621,0.000973738000539015,0.0,0.9199809490010011,5S_rRNA
5S_rRNA-Plastids-P00072,5S_rRNA,123,rnafm_faiss_guided_k14_lofo,faiss,1,consensus,0,14,RfamFamily|SRP|SRP|SRP|SRP|SRP|SRP|SRP|SRP|SRP|SRP|SRP|SRP|SRP,0.0,0,0.09721719177001306,0.8787878787878788,0.8285714285714286,0.8529411764705883,0.979523687999972,0.0009092860000237124,0.0,0.9804329739999957,5S_rRNA
5S_rRNA-Archaea-A00186,5S_rRNA,118,rnafm_faiss_guided_k14_lofo,faiss,1,consensus,0,14,RfamFamily|SRP|SRP|SRP|SRP|SRP|SRP|SRP|SRP|SRP|RfamFamily|SRP|SRP|SRP,0.0,0,0.1424208924959556,0.3333333333333333,0.45454545454545453,0.3846153846153846,0.9270346240000436,0.0008330009995916043,0.0,0.9278676249996352,5S_rRNA
5S_rRNA-Bacteria-B03908,5S_rRNA,120,rnafm_faiss_guided_k14_lofo,faiss,1,consensus,0,14,RfamFamily|SRP|SRP|SRP|SRP|SRP|SRP|SRP|SRP|SRP|SRP|SRP|SRP|SRP,0.0,0,0.07736394708647303,0.2777777777777778,0.2564102564102564,0.26666666666666666,0.9608247809992463,0.0009142899998551002,0.0,0.9617390709991014,5S_rRNA
5S_rRNA-Bacteria-B01330,5S_rRNA,118,rnafm_faiss_guided_k14_lofo,faiss,1,consensus,0,14,RfamFamily|SRP|SRP|SRP|SRP|SRP|SRP|SRP|SRP|SRP|SRP|SRP|SRP|SRP,0.0,0,0.09341851770396216,0.59375,0.6129032258064516,0.6031746031746031,0.7935474260002593,0.0007735070003036526,0.0,0.794320933000563,5S_rRNA
5S_rRNA-Bacteria-B00017,5S_rRNA,118,rnafm_faiss_guided_k14_lofo,faiss,1,consensus,0,14,RfamFamily|SRP|SRP|SRP|SRP|SRP|SRP|SRP|SRP|SRP|SRP|SRP|SRP|SRP,0.0,0,0.10974603401927954,0.0,0.0,0.0,0.633062425999924,0.000847102000079758,0.0,0.6339095280000038,5S_rRNA
5S_rRNA-Eukaryota-E02748,5S_rRNA,119,rnafm_faiss_guided_k14_lofo,faiss,1,consensus,0,14,RfamFamily|RfamFamily|tRNA|tRNA|tRNA|tRNA|tRNA|tRNA|tRNA|tRNA|tRNA|tRNA|tRNA|tRNA,0.0,0,0.1369663055737192,0.0,0.0,0.0,0.6623179939997499,0.0008261299999503535,0.0,0.6631441239997002,5S_rRNA
5S_rRNA-Bacteria-B03870,5S_rRNA,115,rnafm_faiss_guided_k14_lofo,faiss,1,consensus,0,14,RfamFamily|RfamFamily|SRP|SRP|SRP|SRP|SRP|SRP|SRP|SRP|SRP|SRP|SRP|SRP,0.0,0,0.1182278057991593,0.0,0.0,0.0,0.6412364329999036,0.000863592999849061,0.0,0.6421000259997527,5S_rRNA
5S_rRNA-Bacteria-B04570,5S_rRNA,118,rnafm_faiss_guided_k14_lofo,faiss,1,consensus,0,14,RfamFamily|SRP|SRP|SRP|SRP|SRP|SRP|SRP|SRP|SRP|SRP|SRP|SRP|SRP,0.0,0,0.08898199951501853,0.2647058823529412,0.34615384615384615,0.29999999999999993,0.5925802650008336,0.0008735139999771491,0.0,0.5934537790008108,5S_rRNA
5S_rRNA-Bacteria-B05792,5S_rRNA,115,rnafm_faiss_guided_k14_lofo,faiss,1,consensus,0,14,RfamFamily|RfamFamily|RfamFamily|tRNA|tRNA|tRNA|SRP|RfamFamily|SRP|tRNA|tRNA|tRNA|tRNA|SRP,0.0,0,0.11232536152554826,0.23333333333333334,0.25925925925925924,0.2456140350877193,0.634182389999296,0.000821317000372801,0.0,0.6350037069996688,5S_rRNA
5S_rRNA-Eukaryota-E02830,5S_rRNA,119,rnafm_faiss_guided_k14_lofo,faiss,1,consensus,0,14,RfamFamily|tRNA|tRNA|tRNA|tRNA|tRNA|tRNA|tRNA|tRNA|RfamFamily|tRNA|tRNA|tRNA|tRNA,0.0,0,0.17878426267244182,0.0,0.0,0.0,0.6526839210000617,0.0007660530000066501,0.0,0.6534499740000683,5S_rRNA
5S_rRNA-Bacteria-B06810,5S_rRNA,121,rnafm_faiss_guided_k14_lofo,faiss,1,consensus,0,14,RfamFamily|SRP|SRP|SRP|SRP|SRP|SRP|SRP|SRP|SRP|SRP|SRP|SRP|SRP,0.0,0,0.09184467030289133,0.0,0.0,0.0,0.7831292979999489,0.0008547420002287254,0.0,0.7839840400001776,5S_rRNA
5S_rRNA-Bacteria-B01948,5S_rRNA,115,rnafm_faiss_guided_k14_lofo,faiss,1,consensus,0,14,RfamFamily|SRP|SRP|SRP|SRP|SRP|SRP|SRP|SRP|SRP|SRP|RfamFamily|RfamFamily|SRP,0.0,0,0.07878590893075596,0.12903225806451613,0.36363636363636365,0.19047619047619047,0.6567870889994083,0.0007747300005576108,0.0,0.6575618189999659,5S_rRNA
5S_rRNA-Bacteria-B02257,5S_rRNA,115,rnafm_faiss_guided_k14_lofo,faiss,1,consensus,0,14,RfamFamily|RfamFamily|SRP|SRP|SRP|SRP|SRP|SRP|SRP|SRP|RfamFamily|SRP|SRP|RfamFamily,0.0,0,0.13845180542533034,0.46875,0.4838709677419355,0.47619047619047616,0.6276549980002528,0.0008075159994405112,0.0,0.6284625139996933,5S_rRNA
5S_rRNA-Eukaryota-E00406,5S_rRNA,122,rnafm_faiss_guided_k14_lofo,faiss,1,consensus,0,14,RfamFamily|tRNA|tRNA|tRNA|tRNA|RfamFamily|tRNA|tRNA|SRP|tRNA|tRNA|tRNA|tRNA|tRNA,0.0,0,0.15283684152052585,0.4722222222222222,0.5483870967741935,0.5074626865671641,0.6720687480001288,0.0008697539997228887,0.0,0.6729385019998517,5S_rRNA
5S_rRNA-Bacteria-B02878,5S_rRNA,115,rnafm_faiss_guided_k14_lofo,faiss,1,consensus,0,14,RfamFamily|SRP|SRP|SRP|SRP|SRP|SRP|SRP|SRP|SRP|SRP|SRP|SRP|SRP,0.0,0,0.1061404093494296,0.5357142857142857,0.6818181818181818,0.6,0.6637979759998416,0.0007611860000906745,0.0,0.6645591619999323,5S_rRNA
5S_rRNA-Bacteria-B01366,5S_rRNA,119,rnafm_faiss_guided_k14_lofo,faiss,1,consensus,0,14,RfamFamily|SRP|SRP|SRP|SRP|SRP|SRP|SRP|SRP|SRP|SRP|SRP|SRP|SRP,0.0,0,0.09002480000665596,0.23529411764705882,0.5,0.31999999999999995,0.6464362569995501,0.0008640920004836516,0.0,0.6473003490000337,5S_rRNA
5S_rRNA-Bacteria-B07054,5S_rRNA,112,rnafm_faiss_guided_k14_lofo,faiss,1,consensus,0,14,RfamFamily|SRP|SRP|SRP|SRP|SRP|SRP|SRP|SRP|SRP|SRP|SRP|SRP|SRP,0.0,0,0.12747546038542684,0.0,0.0,0.0,0.631522672999381,0.0009210609996443964,0.0,0.6324437339990254,5S_rRNA
5S_rRNA-Archaea-A00079,5S_rRNA,126,rnafm_faiss_guided_k14_lofo,faiss,1,consensus,0,14,RfamFamily|SRP|SRP|SRP|SRP|SRP|SRP|SRP|SRP|SRP|RfamFamily|SRP|SRP|SRP,0.0,0,0.12972623910349648,0.9459459459459459,0.7608695652173914,0.8433734939759038,0.6823493179999787,0.0009357789995192434,0.0,0.6832850969994979,5S_rRNA
5S_rRNA-Eukaryota-E00978,5S_rRNA,122,rnafm_faiss_guided_k14_lofo,faiss,1,consensus,0,14,RfamFamily|RfamFamily|tRNA|tRNA|tRNA|tRNA|tRNA|tRNA|tRNA|tRNA|tRNA|tRNA|tRNA|tRNA,0.0,0,0.19441400964374492,0.4166666666666667,0.45454545454545453,0.43478260869565216,0.7828929280003649,0.0009521720003249357,0.0,0.7838451000006899,5S_rRNA
5S_rRNA-Bacteria-B03220,5S_rRNA,117,rnafm_faiss_guided_k14_lofo,faiss,1,consensus,0,14,RfamFamily|SRP|SRP|SRP|SRP|SRP|SRP|SRP|SRP|SRP|SRP|SRP|RfamFamily|SRP,0.0,0,0.13398287163049952,0.0,0.0,0.0,0.9474052650002704,0.0009046759996635956,0.0,0.948309940999934,5S_rRNA
5S_rRNA-Bacteria-B02911,5S_rRNA,113,rnafm_faiss_guided_k14_lofo,faiss,1,consensus,0,14,RfamFamily|RfamFamily|SRP|SRP|SRP|SRP|SRP|SRP|SRP|SRP|SRP|SRP|RfamFamily|RfamFamily,0.0,0,0.12856899223679355,0.0,0.0,0.0,0.9117376290005268,0.0009626669998397119,0.0,0.9127002960003665,5S_rRNA
5S_rRNA-Bacteria-B01256,5S_rRNA,116,rnafm_faiss_guided_k14_lofo,faiss,1,consensus,0,14,RfamFamily|RfamFamily|SRP|SRP|SRP|SRP|SRP|SRP|SRP|SRP|SRP|SRP|SRP|SRP,0.0,0,0.11300271244430893,0.0,0.0,0.0,0.9274969940006486,0.000841936999677273,0.0,0.9283389310003258,5S_rRNA
5S_rRNA-Bacteria-B00938,5S_rRNA,117,rnafm_faiss_guided_k14_lofo,faiss,1,consensus,0,14,RfamFamily|RfamFamily|SRP|SRP|SRP|SRP|SRP|SRP|SRP|SRP|SRP|SRP|SRP|SRP,0.0,0,0.11939548072398473,0.0,0.0,0.0,0.9158066789996155,0.0008966180002971669,0.0,0.9167032969999127,5S_rRNA
5S_rRNA-Bacteria-B02996,5S_rRNA,117,rnafm_faiss_guided_k14_lofo,faiss,1,consensus,0,14,RfamFamily|SRP|SRP|SRP|SRP|SRP|SRP|SRP|SRP|SRP|SRP|RfamFamily|SRP|SRP,0.0,0,0.14368536722592512,0.0,0.0,0.0,1.125930647000132,0.0009313700002167025,0.0,1.1268620170003487,5S_rRNA
5S_rRNA-Eukaryota-E02490,5S_rRNA,122,rnafm_faiss_guided_k14_lofo,faiss,1,consensus,0,14,RfamFamily|tRNA|tRNA|tRNA|tRNA|RfamFamily|tRNA|tRNA|tRNA|tRNA|tRNA|tRNA|tRNA|tRNA,0.0,0,0.16508976988047502,0.0,0.0,0.0,0.7663710420001735,0.0007992170003490173,0.0,0.7671702590005225,5S_rRNA
5S_rRNA-Bacteria-B06565,5S_rRNA,111,rnafm_faiss_guided_k14_lofo,faiss,1,consensus,0,14,RfamFamily|SRP|SRP|SRP|SRP|SRP|SRP|SRP|SRP|SRP|SRP|SRP|SRP|SRP,0.0,0,0.10393130864099949,0.23333333333333334,0.5,0.3181818181818182,0.6379890520001936,0.0008200199999919278,0.0,0.6388090720001856,5S_rRNA
5S_rRNA-Bacteria-B04275,5S_rRNA,119,rnafm_faiss_guided_k14_lofo,faiss,1,consensus,0,14,RfamFamily|SRP|SRP|SRP|SRP|SRP|SRP|SRP|SRP|SRP|SRP|SRP|SRP|SRP,0.0,0,0.09204299024307647,0.29411764705882354,0.38461538461538464,0.33333333333333337,0.651670840999941,0.0007612749996042112,0.0,0.6524321159995452,5S_rRNA
5S_rRNA-Bacteria-B06599,5S_rRNA,111,rnafm_faiss_guided_k14_lofo,faiss,1,consensus,0,14,RfamFamily|SRP|SRP|SRP|SRP|SRP|SRP|SRP|SRP|SRP|SRP|SRP|SRP|SRP,0.0,0,0.10878602514468239,0.14814814814814814,0.2222222222222222,0.17777777777777776,0.6268369890003669,0.0008283829993160907,0.0,0.627665371999683,5S_rRNA
5S_rRNA-Archaea-A00176,5S_rRNA,121,rnafm_faiss_guided_k14_lofo,faiss,1,consensus,0,14,RfamFamily|SRP|SRP|SRP|SRP|SRP|SRP|SRP|SRP|SRP|SRP|SRP|SRP|SRP,0.0,0,0.1597592340262764,0.28125,0.5625,0.375,0.6637484240000049,0.0007844990004741703,0.0,0.6645329230004791,5S_rRNA
5S_rRNA-Mitochondria-M00077,5S_rRNA,122,rnafm_faiss_guided_k14_lofo,faiss,1,consensus,0,14,RfamFamily|RfamFamily|RfamFamily|RfamFamily|RfamFamily|SRP|SRP|SRP|SRP|SRP|SRP|SRP|SRP|SRP,0.0,0,0.11695189681333786,0.5666666666666667,0.5483870967741935,0.5573770491803278,0.6406018120005683,0.0007946949999677599,0.0,0.6413965070005361,5S_rRNA
5S_rRNA-Bacteria-B03077,5S_rRNA,116,rnafm_faiss_guided_k14_lofo,faiss,1,consensus,0,14,RfamFamily|SRP|SRP|SRP|SRP|SRP|SRP|SRP|SRP|SRP|RfamFamily|SRP|SRP|SRP,0.0,0,0.09146895724949292,0.25806451612903225,0.4444444444444444,0.32653061224489793,0.641682550999576,0.0009844090000115102,0.0,0.6426669599995876,5S_rRNA
5S_rRNA-Plasmodium-falciparum-1,5S_rRNA,119,rnafm_faiss_guided_k14_lofo,faiss,1,consensus,0,14,RfamFamily|SRP|SRP|SRP|SRP|SRP|SRP|SRP|RfamFamily|SRP|SRP|SRP|SRP|RfamFamily,0.0,0,0.09248447340135335,0.15151515151515152,0.1388888888888889,0.14492753623188404,0.6569086889994651,0.0007927400001790375,0.0,0.6577014289996441,5S_rRNA
5S_rRNA-Eukaryota-E02680,5S_rRNA,122,rnafm_faiss_guided_k14_lofo,faiss,1,consensus,0,14,RfamFamily|RfamFamily|tRNA|tRNA|tRNA|tRNA|tRNA|tRNA|tRNA|tRNA|tRNA|tRNA|tRNA|tRNA,0.0,0,0.15773802858761132,0.2,0.22580645161290322,0.21212121212121215,0.6481991770006061,0.0008370850000574137,0.0,0.6490362620006636,5S_rRNA
5S_rRNA-Bacteria-B01517,5S_rRNA,115,rnafm_faiss_guided_k14_lofo,faiss,1,consensus,0,14,RfamFamily|SRP|SRP|SRP|SRP|SRP|SRP|SRP|SRP|SRP|SRP|SRP|SRP|SRP,0.0,0,0.08757545015581807,0.3548387096774194,0.36666666666666664,0.36065573770491804,0.6517162690006444,0.0008029959999475977,0.0,0.652519265000592,5S_rRNA
5S_rRNA-Bacteria-B07285,5S_rRNA,121,rnafm_faiss_guided_k14_lofo,faiss,1,consensus,0,14,RfamFamily|SRP|SRP|SRP|SRP|SRP|SRP|SRP|SRP|SRP|SRP|SRP|SRP|SRP,0.0,0,0.10859519900238435,0.3888888888888889,0.45161290322580644,0.417910447761194,0.6585906559994328,0.0007998860000952845,0.0,0.6593905419995281,5S_rRNA
5S_rRNA-Bacteria-B05425,5S_rRNA,115,rnafm_faiss_guided_k14_lofo,faiss,1,consensus,0,14,RfamFamily|RfamFamily|SRP|SRP|SRP|SRP|SRP|SRP|SRP|SRP|SRP|SRP|RfamFamily|RfamFamily,0.0,0,0.11346167833800305,0.0,0.0,0.0,0.5940843460002725,0.0005919889999859151,0.0,0.5946763350002584,5S_rRNA
5S_rRNA-Archaea-A00285,5S_rRNA,116,rnafm_faiss_guided_k14_lofo,faiss,1,consensus,0,14,RfamFamily|SRP|SRP|SRP|SRP|SRP|SRP|SRP|SRP|SRP|SRP|SRP|SRP|SRP,0.0,0,0.10268116620044768,0.9117647058823529,0.775,0.8378378378378379,0.6310828420000689,0.0008349139998244937,0.0,0.6319177559998934,5S_rRNA
5S_rRNA-Bacteria-B05704,5S_rRNA,116,rnafm_faiss_guided_k14_lofo,faiss,1,consensus,0,14,RfamFamily|RfamFamily|SRP|SRP|SRP|SRP|SRP|SRP|SRP|SRP|SRP|SRP|RfamFamily|RfamFamily,0.0,0,0.10990818458836815,0.0,0.0,0.0,0.6270662560000346,0.0007992869996087393,0.0,0.6278655429996434,5S_rRNA
5S_rRNA-Bacteria-B02227,5S_rRNA,116,rnafm_faiss_guided_k14_lofo,faiss,1,consensus,0,14,RfamFamily|RfamFamily|SRP|SRP|SRP|SRP|SRP|SRP|SRP|SRP|SRP|SRP|SRP|SRP,0.0,0,0.11675029851802154,0.0,0.0,0.0,0.7602392899998449,0.0007891309996921336,0.0,0.761028420999537,5S_rRNA
5S_rRNA-Bacteria-B06830,5S_rRNA,121,rnafm_faiss_guided_k14_lofo,faiss,1,consensus,0,14,RfamFamily|SRP|SRP|SRP|SRP|SRP|SRP|SRP|SRP|SRP|SRP|SRP|SRP|SRP,0.0,0,0.10008551074617064,0.3333333333333333,0.4230769230769231,0.3728813559322034,0.8107055689997651,0.0008911260001696064,0.0,0.8115966949999347,5S_rRNA
5S_rRNA-Bacteria-B05367,5S_rRNA,117,rnafm_faiss_guided_k14_lofo,faiss,1,consensus,0,14,RfamFamily|SRP|SRP|SRP|SRP|SRP|SRP|SRP|SRP|SRP|SRP|SRP|RfamFamily|SRP,0.0,0,0.07879931495174923,0.0,0.0,0.0,0.9643913690006229,0.0008424219995504245,0.0,0.9652337910001734,5S_rRNA
5S_rRNA-Plastids-P00677,5S_rRNA,123,rnafm_faiss_guided_k14_lofo,faiss,1,consensus,0,14,RfamFamily|SRP|RfamFamily|SRP|RfamFamily|SRP|SRP|RfamFamily|SRP|SRP|SRP|RfamFamily|SRP|SRP,0.0,0,0.0664242465682683,0.8,0.7777777777777778,0.7887323943661971,0.9676983629997267,0.0010500120006327052,0.0,0.9687483750003594,5S_rRNA
5S_rRNA-Eukaryota-E01535,5S_rRNA,122,rnafm_faiss_guided_k14_lofo,faiss,1,consensus,0,14,RfamFamily|tRNA|SRP|tRNA|tRNA|tRNA|tRNA|tRNA|tRNA|SRP|tRNA|RfamFamily|tRNA|tRNA,0.0,0,0.1496479651940378,0.4722222222222222,0.5483870967741935,0.5074626865671641,0.9634760010003447,0.0010276060002070153,0.0,0.9645036070005517,5S_rRNA
5S_rRNA-Bacteria-B05487,5S_rRNA,114,rnafm_faiss_guided_k14_lofo,faiss,1,consensus,0,14,RfamFamily|RfamFamily|SRP|SRP|SRP|SRP|SRP|RfamFamily|SRP|SRP|RfamFamily|SRP|SRP|SRP,0.0,0,0.10566936273264178,0.21875,0.5,0.30434782608695654,0.8782694970004741,0.0011101690006398712,0.0,0.879379666001114,5S_rRNA
5S_rRNA-Plastids-P00101,5S_rRNA,123,rnafm_faiss_guided_k14_lofo,faiss,1,consensus,0,14,RfamFamily|SRP|RfamFamily|SRP|SRP|SRP|SRP|RfamFamily|RfamFamily|SRP|SRP|SRP|SRP|SRP,0.0,0,0.06843910957060552,0.8,0.7777777777777778,0.7887323943661971,0.9865673730000708,0.0010040189999926952,0.0,0.9875713920000635,5S_rRNA
5S_rRNA-Bacteria-B07304,5S_rRNA,121,rnafm_faiss_guided_k14_lofo,faiss,1,consensus,0,14,RfamFamily|SRP|SRP|SRP|SRP|SRP|SRP|SRP|SRP|SRP|SRP|SRP|RfamFamily|SRP,0.0,0,0.1137514016011851,0.0,0.0,0.0,0.6947580220003147,0.0008247819996540784,0.0,0.6955828039999687,5S_rRNA
5S_rRNA-Bacteria-B02126,5S_rRNA,117,rnafm_faiss_guided_k14_lofo,faiss,1,consensus,0,14,RfamFamily|RfamFamily|SRP|SRP|SRP|SRP|SRP|SRP|SRP|SRP|SRP|SRP|SRP|SRP,0.0,0,0.11462450742134611,0.0,0.0,0.0,0.6762621910002053,0.0007985060001374222,0.0,0.6770606970003428,5S_rRNA
5S_rRNA-Bacteria-B00738,5S_rRNA,119,rnafm_faiss_guided_k14_lofo,faiss,1,consensus,0,14,RfamFamily|SRP|SRP|SRP|SRP|SRP|SRP|SRP|SRP|SRP|SRP|SRP|SRP|SRP,0.0,0,0.09033180464023902,0.2571428571428571,0.375,0.30508474576271183,0.6474516680000306,0.0008455850002064835,0.0,0.6482972530002371,5S_rRNA
5S_rRNA-Bacteria-B05000,5S_rRNA,119,rnafm_faiss_guided_k14_lofo,faiss,1,consensus,0,14,RfamFamily|RfamFamily|RfamFamily|tRNA|tRNA|SRP|tRNA|tRNA|tRNA|tRNA|tRNA|tRNA|RfamFamily|SRP,0.0,0,0.11753445231618143,0.5454545454545454,0.6,0.5714285714285713,0.6272905260002517,0.0007095500004652422,0.0,0.628000076000717,5S_rRNA
5S_rRNA-Bacteria-B02628,5S_rRNA,115,rnafm_faiss_guided_k14_lofo,faiss,1,consensus,0,14,RfamFamily|SRP|RfamFamily|RfamFamily|SRP|SRP|SRP|SRP|SRP|SRP|SRP|SRP|SRP|SRP,0.0,0,0.15895490748864244,0.25,0.3333333333333333,0.28571428571428575,0.6196354899993821,0.0008190789994841907,0.0,0.6204545689988663,5S_rRNA
5S_rRNA-Bacteria-B05465,5S_rRNA,116,rnafm_faiss_guided_k14_lofo,faiss,1,consensus,0,14,RfamFamily|RfamFamily|SRP|SRP|SRP|SRP|SRP|SRP|SRP|SRP|SRP|SRP|SRP|SRP,0.0,0,0.10498704299419212,0.0,0.0,0.0,0.6575946740003928,0.00083298699973966,0.0,0.6584276610001325,5S_rRNA
5S_rRNA-Archaea-A00112,5S_rRNA,121,rnafm_faiss_guided_k14_lofo,faiss,1,consensus,0,14,RfamFamily|SRP|SRP|SRP|SRP|SRP|SRP|SRP|SRP|SRP|SRP|SRP|SRP|SRP,0.0,0,0.13703078465243687,0.9444444444444444,0.7555555555555555,0.8395061728395062,0.777934909000578,0.0008142480000969954,0.0,0.778749157000675,5S_rRNA
5S_rRNA-Plastids-P00677,5S_rRNA,123,rnafm_faiss_guided_k14_lofo,faiss,1,consensus,0,14,RfamFamily|SRP|RfamFamily|SRP|RfamFamily|SRP|SRP|RfamFamily|SRP|SRP|SRP|RfamFamily|SRP|SRP,0.0,0,0.0664242465682683,0.8,0.7777777777777778,0.7887323943661971,0.6877535690000514,0.0009385130006194231,0.0,0.6886920820006708,5S_rRNA
5S_rRNA-Septobasidium-carestianum-1,5S_rRNA,119,rnafm_faiss_guided_k14_lofo,faiss,1,consensus,0,14,RfamFamily|RfamFamily|SRP|SRP|SRP|SRP|SRP|SRP|SRP|SRP|SRP|RfamFamily|RfamFamily|SRP,0.0,0,0.14437341653057253,0.6216216216216216,0.696969696969697,0.6571428571428571,0.6583920020002552,0.000801432999651297,0.0,0.6591934349999065,5S_rRNA
5S_rRNA-Bacteria-B01199,5S_rRNA,116,rnafm_faiss_guided_k14_lofo,faiss,1,consensus,0,14,RfamFamily|RfamFamily|SRP|RfamFamily|RfamFamily|SRP|RfamFamily|SRP|tRNA|SRP|tRNA|SRP|SRP|SRP,0.0,0,0.1109189921437215,0.5333333333333333,0.6666666666666666,0.5925925925925926,0.6434639270000844,0.0007903890000307001,0.0,0.6442543160001151,5S_rRNA
5S_rRNA-Bacteria-B00731,5S_rRNA,120,rnafm_faiss_guided_k14_lofo,faiss,1,consensus,0,14,RfamFamily|SRP|SRP|SRP|SRP|SRP|SRP|SRP|SRP|SRP|SRP|SRP|SRP|SRP,0.0,0,0.09165961850719742,0.2222222222222222,0.2,0.2105263157894737,0.6292166160001216,0.0005555259995162487,0.0,0.6297721419996378,5S_rRNA
5S_rRNA-Bacteria-B05153,5S_rRNA,117,rnafm_faiss_guided_k14_lofo,faiss,1,consensus,0,14,RfamFamily|RfamFamily|SRP|SRP|SRP|SRP|SRP|SRP|SRP|SRP|SRP|SRP|SRP|SRP,0.0,0,0.14256250222124855,0.0,0.0,0.0,0.6330255760003638,0.0008231780002461164,0.0,0.6338487540006099,5S_rRNA
5S_rRNA-Bacteria-B04311,5S_rRNA,119,rnafm_faiss_guided_k14_lofo,faiss,1,consensus,0,14,RfamFamily|SRP|SRP|SRP|SRP|SRP|SRP|SRP|SRP|SRP|SRP|SRP|SRP|SRP,0.0,0,0.08825946835524322,0.6764705882352942,0.6571428571428571,0.6666666666666666,0.6490962309999304,0.0007959629992910777,0.0,0.6498921939992215,5S_rRNA
5S_rRNA-Eukaryota-E02617,5S_rRNA,122,rnafm_faiss_guided_k14_lofo,faiss,1,consensus,0,14,RfamFamily|tRNA|tRNA|tRNA|tRNA|tRNA|tRNA|tRNA|tRNA|tRNA|tRNA|tRNA|tRNA|tRNA,0.0,0,0.1617384669075275,0.5588235294117647,0.76,0.6440677966101696,0.6509999889995015,0.0007870469999033958,0.0,0.6517870359994049,5S_rRNA
5S_rRNA-Eukaryota-E01550,5S_rRNA,122,rnafm_faiss_guided_k14_lofo,faiss,1,consensus,0,14,RfamFamily|tRNA|tRNA|SRP|tRNA|tRNA|tRNA|tRNA|tRNA|RfamFamily|tRNA|tRNA|tRNA|tRNA,0.0,0,0.14584803299605578,0.4722222222222222,0.5483870967741935,0.5074626865671641,0.6686019660000966,0.0007883339994805283,0.0,0.6693902999995771,5S_rRNA
5S_rRNA-Eukaryota-E00564,5S_rRNA,122,rnafm_faiss_guided_k14_lofo,faiss,1,consensus,0,14,RfamFamily|tRNA|tRNA|tRNA|tRNA|tRNA|tRNA|tRNA|tRNA|tRNA|tRNA|tRNA|tRNA|tRNA,0.0,0,0.2203601896842357,0.0,0.0,0.0,0.9673679440002161,0.0009331659994131769,0.0,0.9683011099996293,5S_rRNA
5S_rRNA-Eukaryota-E00659,5S_rRNA,122,rnafm_faiss_guided_k14_lofo,faiss,1,consensus,0,14,RfamFamily|RfamFamily|SRP|SRP|RfamFamily|tRNA|tRNA|SRP|SRP|SRP|SRP|SRP|SRP|RfamFamily,0.0,0,0.1039340258269812,0.0,0.0,0.0,0.9639129119996142,0.0009441799993510358,0.0,0.9648570919989652,5S_rRNA
5S_rRNA-Eukaryota-E02793,5S_rRNA,119,rnafm_faiss_guided_k14_lofo,faiss,1,consensus,0,14,RfamFamily|RfamFamily|tRNA|tRNA|tRNA|tRNA|tRNA|tRNA|tRNA|tRNA|tRNA|tRNA|tRNA|tRNA,0.0,0,0.138925793216616,0.0,0.0,0.0,0.9382355970001299,0.0009046260001923656,0.0,0.9391402230003223,5S_rRNA
5S_rRNA-Eukaryota-E01247,5S_rRNA,122,rnafm_faiss_guided_k14_lofo,faiss,1,consensus,0,14,tRNA|tRNA|tRNA|tRNA|tRNA|tRNA|tRNA|RfamFamily|RfamFamily|tRNA|tRNA|tRNA|tRNA|tRNA,0.0,0,0.148714272694669,0.0,0.0,0.0,0.9516666710005666,0.0008748019999984535,0.0,0.952541473000565,5S_rRNA
5S_rRNA-Bacteria-B03652,5S_rRNA,118,rnafm_faiss_guided_k14_lofo,faiss,1,consensus,0,14,RfamFamily|SRP|SRP|SRP|SRP|SRP|SRP|SRP|SRP|SRP|SRP|SRP|SRP|SRP,0.0,0,0.08246801841855944,0.2571428571428571,0.2903225806451613,0.27272727272727276,1.108989582000504,0.0009830849994614255,0.0,1.1099726669999654,5S_rRNA
5S_rRNA-Eukaryota-E02354,5S_rRNA,125,rnafm_faiss_guided_k14_lofo,faiss,1,consensus,0,14,RfamFamily|RfamFamily|SRP|SRP|SRP|SRP|SRP|SRP|SRP|RfamFamily|RfamFamily|SRP|SRP|SRP,0.0,0,0.1526888408443721,0.0,0.0,0.0,0.909126217999983,0.0007936390002214466,0.0,0.9099198570002045,5S_rRNA
5S_rRNA-Bacteria-B03258,5S_rRNA,114,rnafm_faiss_guided_k14_lofo,faiss,1,consensus,0,14,RfamFamily|RfamFamily|tRNA|tRNA|RfamFamily|tRNA|tRNA|tRNA|tRNA|tRNA|tRNA|tRNA|tRNA|tRNA,0.0,0,0.1181807441028659,0.4482758620689655,0.6190476190476191,0.52,0.6291094569996858,0.0009517070002402761,0.0,0.6300611639999261,5S_rRNA
RNaseP-B.burgdorferi-g,RNaseP,352,rnafm_faiss_guided_k14_lofo,faiss,1,consensus,0,14,RfamFamily|SRP|SRP|tmRNA|group_I_intron|tmRNA|tmRNA|group_I_intron|group_I_intron|tmRNA|SRP|SRP|group_I_intron|SRP,0.0,0,0.10509937798048788,0.4807692307692308,0.5102040816326531,0.4950495049504951,1.303564309999274,0.0007571559999632882,0.0,1.3043214659992373,RNaseP
RNaseP-a_bacterial-L.ferrooxidans-CF,RNaseP,327,rnafm_faiss_guided_k14_lofo,faiss,1,consensus,0,14,SRP|group_I_intron|group_I_intron|SRP|group_I_intron|group_I_intron|group_I_intron|group_I_intron|group_I_intron|SRP|RfamFamily|tmRNA|tmRNA|tmRNA,0.0,0,0.11871967503914517,0.4533333333333333,0.4,0.42500000000000004,1.3135195939994446,0.0009676700001364225,0.0,1.314487263999581,RNaseP
RNaseP-a_bacterial-Prochlorococcus-PAC1A,RNaseP,333,rnafm_faiss_guided_k14_lofo,faiss,1,consensus,0,14,RfamFamily|group_I_intron|group_I_intron|SRP|SRP|group_I_intron|tmRNA|SRP|tmRNA|SRP|group_I_intron|group_I_intron|SRP|group_I_intron,0.0,0,0.09877485014656186,0.4578313253012048,0.4418604651162791,0.4497041420118343,1.2906755929998326,0.0008526649999112124,0.0,1.2915282579997438,RNaseP
RNaseP-a_bacterial-SM-A62(96),RNaseP,335,rnafm_faiss_guided_k14_lofo,faiss,1,consensus,0,14,SRP|SRP|group_I_intron|group_I_intron|RfamFamily|SRP|group_I_intron|group_I_intron|group_I_intron|SRP|tmRNA|SRP|group_I_intron|SRP,0.0,0,0.12084764148051554,0.36046511627906974,0.3333333333333333,0.3463687150837989,1.2894902150001144,0.000803501000518736,0.0,1.2902937160006331,RNaseP
RNaseP-b_bacterial-S.faciem,RNaseP,331,rnafm_faiss_guided_k14_lofo,faiss,1,consensus,0,14,tmRNA|tmRNA|tmRNA|tmRNA|RfamFamily|tmRNA|tmRNA|tmRNA|tmRNA|tmRNA|group_I_intron|tmRNA|tmRNA|RfamFamily,0.0,0,0.09008156306614572,0.12658227848101267,0.20408163265306123,0.15625,1.2889827950002655,0.0008719679999558139,0.0,1.2898547630002213,RNaseP
RNaseP-b_bacterial-S.mutans,RNaseP,389,rnafm_faiss_guided_k14_lofo,faiss,1,consensus,0,14,RfamFamily|tmRNA|tmRNA|RfamFamily|SRP|tmRNA|SRP|RfamFamily|tmRNA|group_I_intron|tmRNA|tmRNA|tmRNA|SRP,0.0,0,0.08219745749788845,0.42857142857142855,0.4639175257731959,0.44554455445544555,1.4167796019992238,0.0008489470001222799,0.0,1.417628548999346,RNaseP
RNaseP-nuclear-S.dairensis,RNaseP,465,rnafm_faiss_guided_k14_lofo,faiss,1,consensus,0,14,RfamFamily|SRP|group_I_intron|group_I_intron|RfamFamily|group_I_intron|tmRNA|SRP|group_I_intron|RfamFamily|group_I_intron|RfamFamily|SRP|tmRNA,0.0,0,0.48493887299967126,0.7407407407407407,0.4195804195804196,0.5357142857142857,1.7107607190000635,0.0009903449999910663,0.0,1.7117510640000546,RNaseP
RNaseP-a_bacterial-T.thermophilus,RNaseP,392,rnafm_faiss_guided_k14_lofo,faiss,1,consensus,0,14,group_I_intron|SRP|SRP|group_I_intron|SRP|group_I_intron|group_I_intron|group_I_intron|group_I_intron|group_I_intron|group_I_intron|group_I_intron|group_I_intron|group_I_intron,0.0,0,0.11918627890704435,0.6396396396396397,0.5916666666666667,0.6147186147186148,1.950193616999968,0.0009127640005317517,0.0,1.9511063810004998,RNaseP
RNaseP-vertibrate_nuclear-R.norvegicus,RNaseP,257,rnafm_faiss_guided_k14_lofo,faiss,1,consensus,0,14,SRP|SRP|SRP|SRP|SRP|SRP|SRP|SRP|SRP|SRP|SRP|SRP|SRP|SRP,0.0,0,0.15483433746773034,0.21621621621621623,0.1,0.13675213675213677,1.764521854999657,0.0008524400000169408,0.0,1.765374294999674,RNaseP
RNaseP-F.yabuuchiae,RNaseP,330,rnafm_faiss_guided_k14_lofo,faiss,1,consensus,0,14,SRP|SRP|SRP|SRP|tmRNA|tmRNA|tmRNA|group_I_intron|group_I_intron|SRP|group_I_intron|group_I_intron|group_I_intron|tmRNA,0.0,0,0.12271387359199837,0.49504950495049505,0.5376344086021505,0.5154639175257731,1.3240132999999332,0.0010527229997023824,0.0,1.3250660229996356,RNaseP
RNaseP-Y.pestis,RNaseP,377,rnafm_faiss_guided_k14_lofo,faiss,1,consensus,0,14,tmRNA|tmRNA|tmRNA|RfamFamily|tmRNA|tmRNA|tmRNA|tmRNA|tmRNA|tmRNA|tmRNA|RfamFamily|tmRNA|tmRNA,0.0,0,0.06414099189461521,0.2809917355371901,0.3333333333333333,0.30493273542600896,1.3683835689998887,0.0008251499994003098,0.0,1.369208718999289,RNaseP
RNaseP-archaea-SL1-1,RNaseP,252,rnafm_faiss_guided_k14_lofo,faiss,1,consensus,0,14,tmRNA|group_I_intron|tmRNA|tmRNA|group_I_intron|group_I_intron|group_I_intron|group_I_intron|group_I_intron|group_I_intron|group_I_intron|group_I_intron|group_I_intron|tmRNA,0.0,0,0.4525104282262396,0.18,0.16981132075471697,0.17475728155339804,1.3292612559998815,0.0008686549999765703,0.0,1.3301299109998581,RNaseP
RNaseP-archaea-A.ambivalens,RNaseP,262,rnafm_faiss_guided_k14_lofo,faiss,1,consensus,0,14,tmRNA|tmRNA|tmRNA|tmRNA|group_I_intron|group_I_intron|tmRNA|group_I_intron|group_I_intron|group_I_intron|group_I_intron|group_I_intron|group_I_intron|group_I_intron,0.0,0,0.7580750193260773,0.6333333333333333,0.5588235294117647,0.59375,1.3223623889998635,0.0007886639996286249,0.0,1.323151052999492,RNaseP
RNaseP-a_bacterial-SM-A15(19),RNaseP,300,rnafm_faiss_guided_k14_lofo,faiss,1,consensus,0,14,group_I_intron|SRP|group_I_intron|group_I_intron|tmRNA|tmRNA|SRP|group_I_intron|group_I_intron|tmRNA|tmRNA|RfamFamily|SRP|tmRNA,0.0,0,0.08605106684068368,0.6891891891891891,0.6296296296296297,0.6580645161290323,1.316584124999281,0.0009125369997491362,0.0,1.31749666199903,RNaseP
RNaseP-a_bacterial-M.tuberculosis,RNaseP,434,rnafm_faiss_guided_k14_lofo,faiss,1,consensus,0,14,RfamFamily|group_I_intron|SRP|SRP|SRP|group_I_intron|SRP|SRP|RfamFamily|tmRNA|SRP|SRP|SRP|SRP,0.0,0,0.11234650551335179,0.47244094488188976,0.4225352112676056,0.446096654275093,1.2994440129996292,0.0009684249998826999,0.0,1.300412437999512,RNaseP
RNaseP-archaea-T.littoralis,RNaseP,331,rnafm_faiss_guided_k14_lofo,faiss,1,consensus,0,14,group_I_intron|group_I_intron|group_I_intron|group_I_intron|group_I_intron|group_I_intron|group_I_intron|group_I_intron|group_I_intron|group_I_intron|group_I_intron|group_I_intron|SRP|group_I_intron,0.0,0,0.572377566934467,0.43902439024390244,0.43902439024390244,0.43902439024390244,1.6287179170003583,0.0009167139996861806,0.0,1.6296346310000445,RNaseP
RNaseP-a_bacterial-P.azotoformans,RNaseP,293,rnafm_faiss_guided_k14_lofo,faiss,1,consensus,0,14,tmRNA|tmRNA|tmRNA|tmRNA|tmRNA|tmRNA|tmRNA|tmRNA|tmRNA|tmRNA|tmRNA|tmRNA|tmRNA|RfamFamily,0.0,0,0.07127972778761768,0.2222222222222222,0.32,0.26229508196721313,1.9564308079998227,0.0008759060001466423,0.0,1.9573067139999694,RNaseP
RNaseP-S.caesia-SB22,RNaseP,339,rnafm_faiss_guided_k14_lofo,faiss,1,consensus,0,14,SRP|SRP|RfamFamily|tmRNA|group_I_intron|SRP|SRP|SRP|SRP|tmRNA|tmRNA|tmRNA|RfamFamily|tmRNA,0.0,0,0.08832543792207612,0.44660194174757284,0.42990654205607476,0.43809523809523804,2.077194863999466,0.0009315620000052149,0.0,2.0781264259994714,RNaseP
RNaseP-a_bacterial-A.chroococcum,RNaseP,294,rnafm_faiss_guided_k14_lofo,faiss,1,consensus,0,14,tmRNA|tmRNA|tmRNA|tmRNA|tmRNA|tmRNA|tmRNA|tmRNA|tmRNA|tmRNA|tmRNA|tmRNA|tmRNA|RfamFamily,0.0,0,0.06810505251521307,0.2328767123287671,0.3269230769230769,0.272,1.3394844559998091,0.0008743199996388284,0.0,1.340358775999448,RNaseP
RNaseP-a_bacterial-N.flavus,RNaseP,266,rnafm_faiss_guided_k14_lofo,faiss,1,consensus,0,14,SRP|SRP|RfamFamily|group_I_intron|SRP|SRP|SRP|SRP|SRP|SRP|group_I_intron|tmRNA|SRP|SRP,0.0,0,0.091464081754403,0.4583333333333333,0.4177215189873418,0.4370860927152318,1.2723037819996534,0.000843146999613964,0.0,1.2731469289992674,RNaseP
RNaseP-a_bacterial-LGA2,RNaseP,312,rnafm_faiss_guided_k14_lofo,faiss,1,consensus,0,14,group_I_intron|group_I_intron|SRP|group_I_intron|tmRNA|tmRNA|group_I_intron|group_I_intron|group_I_intron|group_I_intron|RfamFamily|SRP|SRP|SRP,0.0,0,0.13602013291699988,0.7631578947368421,0.7532467532467533,0.758169934640523,1.2875536679994184,0.0008107439998639165,0.0,1.2883644119992823,RNaseP
RNaseP-nuclear-S.kluyveri,RNaseP,336,rnafm_faiss_guided_k14_lofo,faiss,1,consensus,0,14,group_I_intron|group_I_intron|SRP|SRP|group_I_intron|SRP|group_I_intron|SRP|group_I_intron|SRP|group_I_intron|SRP|SRP|group_I_intron,0.0,0,1.0745080437954708,0.7402597402597403,0.5135135135135135,0.6063829787234042,1.264954814999328,0.0008678180001879809,0.0,1.265822632999516,RNaseP
RNaseP-nuclear-M.mulatta,RNaseP,320,rnafm_faiss_guided_k14_lofo,faiss,1,consensus,0,14,SRP|SRP|SRP|SRP|SRP|SRP|SRP|SRP|SRP|SRP|SRP|SRP|SRP|SRP,0.0,0,0.17740457861138714,0.47058823529411764,0.24242424242424243,0.32,1.2894503309998981,0.0007866509995437809,0.0,1.290236981999442,RNaseP
RNaseP-N.albus,RNaseP,281,rnafm_faiss_guided_k14_lofo,faiss,1,consensus,0,14,SRP|SRP|RfamFamily|group_I_intron|SRP|SRP|group_I_intron|SRP|SRP|tmRNA|SRP|SRP|group_I_intron|SRP,0.0,0,0.10003590029089192,0.5061728395061729,0.4823529411764706,0.49397590361445787,1.3934634740007823,0.0009438870001758914,0.0,1.3944073610009582,RNaseP
RNaseP-a_bacterial-SM-A48(76),RNaseP,289,rnafm_faiss_guided_k14_lofo,faiss,1,consensus,0,14,SRP|RfamFamily|SRP|group_I_intron|group_I_intron|SRP|tmRNA|tmRNA|SRP|SRP|SRP|group_I_intron|SRP|RfamFamily,0.0,0,0.08647334050171977,0.5882352941176471,0.5,0.5405405405405405,1.331061421999948,0.0008108349993563024,0.0,1.3318722569993042,RNaseP
RNaseP-a_bacterial-T.pallidum,RNaseP,340,rnafm_faiss_guided_k14_lofo,faiss,1,consensus,0,14,group_I_intron|group_I_intron|SRP|tmRNA|tmRNA|group_I_intron|group_I_intron|SRP|SRP|group_I_intron|group_I_intron|group_I_intron|group_I_intron|group_I_intron,0.0,0,0.14594951171548212,0.2222222222222222,0.18867924528301888,0.20408163265306123,1.891440121999949,0.0010348209998483071,0.0,1.8924749429997973,RNaseP
RNaseP-nuclear-E.asper,RNaseP,307,rnafm_faiss_guided_k14_lofo,faiss,1,consensus,0,14,SRP|tmRNA|tmRNA|SRP|group_I_intron|group_I_intron|group_I_intron|group_I_intron|group_I_intron|tmRNA|SRP|SRP|tmRNA|tmRNA,0.0,0,0.4340844181553772,0.5833333333333334,0.345679012345679,0.43410852713178294,1.9495255239999096,0.0010416200002509868,0.0,1.9505671440001606,RNaseP
RNaseP-a_bacterial-P.gingivalis,RNaseP,398,rnafm_faiss_guided_k14_lofo,faiss,1,consensus,0,14,SRP|group_I_intron|SRP|group_I_intron|group_I_intron|SRP|SRP|group_I_intron|group_I_intron|group_I_intron|group_I_intron|group_I_intron|group_I_intron|SRP,0.0,0,0.2117063763632221,0.452991452991453,0.3897058823529412,0.4189723320158103,1.6349492420004026,0.0008454520002487698,0.0,1.6357946940006514,RNaseP
RNaseP-a_bacterial-B.hermsii,RNaseP,285,rnafm_faiss_guided_k14_lofo,faiss,1,consensus,0,14,SRP|SRP|tmRNA|RfamFamily|group_I_intron|tmRNA|tmRNA|group_I_intron|group_I_intron|SRP|group_I_intron|SRP|RfamFamily|RfamFamily,0.0,0,0.10860132824433648,0.4852941176470588,0.4714285714285714,0.4782608695652174,1.3171551469995393,0.0008409140000367188,0.0,1.317996060999576,RNaseP
RNaseP-nuclear-T.syrichta,RNaseP,286,rnafm_faiss_guided_k14_lofo,faiss,1,consensus,0,14,SRP|SRP|SRP|SRP|SRP|group_I_intron|group_I_intron|RfamFamily|group_I_intron|tmRNA|group_I_intron|SRP|SRP|group_I_intron,0.0,0,0.3037638403128433,0.2727272727272727,0.10112359550561797,0.14754098360655735,1.419174663999911,0.0008244600003308733,0.0,1.4199991240002419,RNaseP
RNaseP-nuclear-W.fluorescens,RNaseP,232,rnafm_faiss_guided_k14_lofo,faiss,1,consensus,0,14,SRP|SRP|group_I_intron|group_I_intron|group_I_intron|group_I_intron|group_I_intron|group_I_intron|group_I_intron|SRP|group_I_intron|group_I_intron|group_I_intron|group_I_intron,0.0,0,0.7697294895261029,0.9,0.6081081081081081,0.7258064516129032,1.1842902050002522,0.0008733650001886417,0.0,1.1851635700004408,RNaseP
RNaseP-vertibrate_nuclear-Onchorhynchus-sp-1,RNaseP,299,rnafm_faiss_guided_k14_lofo,faiss,1,consensus,0,14,SRP|SRP|tmRNA|tmRNA|SRP|group_I_intron|group_I_intron|RfamFamily|group_I_intron|group_I_intron|SRP|group_I_intron|tmRNA|SRP,0.0,0,0.31445957604277514,0.11363636363636363,0.06944444444444445,0.08620689655172414,1.2981579560000682,0.0007887279998612939,0.0,1.2989466839999295,RNaseP
RNaseP-nuclear-T.syrichta,RNaseP,286,rnafm_faiss_guided_k14_lofo,faiss,1,consensus,0,14,SRP|SRP|SRP|SRP|SRP|group_I_intron|group_I_intron|RfamFamily|group_I_intron|tmRNA|group_I_intron|SRP|SRP|group_I_intron,0.0,0,0.3037638403128433,0.2727272727272727,0.10112359550561797,0.14754098360655735,1.2998766320006325,0.0008433610000793124,0.0,1.3007199930007118,RNaseP
RNaseP-a_bacterial-H.influenza,RNaseP,377,rnafm_faiss_guided_k14_lofo,faiss,1,consensus,0,14,RfamFamily|tmRNA|RfamFamily|tmRNA|tmRNA|RfamFamily|tmRNA|tmRNA|SRP|tmRNA|tmRNA|tmRNA|SRP|SRP,0.0,0,0.07468420550719576,0.4444444444444444,0.46808510638297873,0.45595854922279794,1.3137638219996006,0.0008135699999911594,0.0,1.3145773919995918,RNaseP
RNaseP-a_bacterial-CPB80,RNaseP,301,rnafm_faiss_guided_k14_lofo,faiss,1,consensus,0,14,tmRNA|tmRNA|tmRNA|tmRNA|tmRNA|tmRNA|tmRNA|tmRNA|tmRNA|tmRNA|tmRNA|tmRNA|tmRNA|SRP,0.0,0,0.06289260043341147,0.24324324324324326,0.4186046511627907,0.3076923076923077,1.592185014000279,0.0008846679993439466,0.0,1.5930696819996228,RNaseP
RNaseP-Nocardiodes-NSP41,RNaseP,278,rnafm_faiss_guided_k14_lofo,faiss,1,consensus,0,14,SRP|RfamFamily|SRP|group_I_intron|tmRNA|group_I_intron|SRP|SRP|tmRNA|SRP|SRP|SRP|group_I_intron|tmRNA,0.0,0,0.09693821165272673,0.47560975609756095,0.45348837209302323,0.4642857142857143,1.9019958839999163,0.0009515410001768032,0.0,1.902947425000093,RNaseP
RNaseP-WC1,RNaseP,294,rnafm_faiss_guided_k14_lofo,faiss,1,consensus,0,14,tmRNA|tmRNA|tmRNA|tmRNA|tmRNA|tmRNA|tmRNA|tmRNA|tmRNA|tmRNA|tmRNA|tmRNA|tmRNA|tmRNA,0.0,0,0.06500602480304211,0.2,0.29310344827586204,0.23776223776223776,2.1708130839997466,0.0008902509998733876,0.0,2.17170333499962,RNaseP
RNaseP-Onchorhynchus-2,RNaseP,308,rnafm_faiss_guided_k14_lofo,faiss,1,consensus,0,14,SRP|SRP|SRP|SRP|group_I_intron|SRP|group_I_intron|group_I_intron|group_I_intron|SRP|group_I_intron|group_I_intron|RfamFamily|group_I_intron,0.0,0,0.3845562741595546,0.061224489795918366,0.03225806451612903,0.042253521126760556,1.428760224999678,0.0008274500005427399,0.0,1.4295876750002208,RNaseP
RNaseP-E.thermomarinus,RNaseP,331,rnafm_faiss_guided_k14_lofo,faiss,1,consensus,0,14,SRP|SRP|SRP|tmRNA|tmRNA|tmRNA|tmRNA|group_I_intron|tmRNA|group_I_intron|SRP|group_I_intron|group_I_intron|group_I_intron,0.0,0,0.09853872599023794,0.59,0.5841584158415841,0.5870646766169154,1.2923107440001331,0.0008344409998244373,0.0,1.2931451849999576,RNaseP
RNaseP-archaea-M.thermoautotrphicumMarb,RNaseP,294,rnafm_faiss_guided_k14_lofo,faiss,1,consensus,0,14,tmRNA|tmRNA|group_I_intron|group_I_intron|group_I_intron|group_I_intron|group_I_intron|group_I_intron|group_I_intron|group_I_intron|group_I_intron|group_I_intron|group_I_intron|SRP,0.0,0,0.7224078772980312,0.5,0.4861111111111111,0.4929577464788732,1.2931826539997928,0.0008343480003532022,0.0,1.294017002000146,RNaseP
RNaseP-nuclear-P.canadensis,RNaseP,333,rnafm_faiss_guided_k14_lofo,faiss,1,consensus,0,14,group_I_intron|SRP|SRP|SRP|group_I_intron|group_I_intron|group_I_intron|SRP|SRP|group_I_intron|group_I_intron|SRP|group_I_intron|group_I_intron,0.0,0,0.7919414918309388,0.9295774647887324,0.6111111111111112,0.7374301675977653,1.2824287679995905,0.0008388010000999202,0.0,1.2832675689996904,RNaseP
RNaseP-a_bacterial-PS1,RNaseP,327,rnafm_faiss_guided_k14_lofo,faiss,1,consensus,0,14,RfamFamily|group_I_intron|tmRNA|SRP|group_I_intron|SRP|SRP|tmRNA|tmRNA|SRP|RfamFamily|group_I_intron|tmRNA|tmRNA,0.0,0,0.08234535833014123,0.7407407407407407,0.6593406593406593,0.6976744186046511,1.3233617930000037,0.0008424659999946016,0.0,1.3242042589999983,RNaseP
RNaseP-a_bacterial-H.pylori-48K,RNaseP,317,rnafm_faiss_guided_k14_lofo,faiss,1,consensus,0,14,tmRNA|tmRNA|tmRNA|tmRNA|tmRNA|tmRNA|tmRNA|tmRNA|tmRNA|tmRNA|tmRNA|tmRNA|tmRNA|RfamFamily,0.0,0,0.05829303220227416,0.40476190476190477,0.5483870967741935,0.4657534246575342,1.4307104919998892,0.0008695970000189845,0.0,1.4315800889999082,RNaseP
RNaseP-a_bacterial-LGA6,RNaseP,344,rnafm_faiss_guided_k14_lofo,faiss,1,consensus,0,14,group_I_intron|group_I_intron|SRP|group_I_intron|tmRNA|group_I_intron|tmRNA|SRP|SRP|RfamFamily|group_I_intron|group_I_intron|SRP|group_I_intron,0.0,0,0.1426937847392346,0.7954545454545454,0.7291666666666666,0.7608695652173914,1.2930434280006011,0.0008980970005723066,0.0,1.2939415250011734,RNaseP
RNaseP-nuclear-S.castellii,RNaseP,354,rnafm_faiss_guided_k14_lofo,faiss,1,consensus,0,14,SRP|group_I_intron|tmRNA|group_I_intron|group_I_intron|RfamFamily|RfamFamily|SRP|group_I_intron|group_I_intron|group_I_intron|RfamFamily|tmRNA|tmRNA,0.0,0,0.6982188930904641,0.8552631578947368,0.5701754385964912,0.6842105263157894,1.841868338000495,0.0009136899998338777,0.0,1.8427820280003289,RNaseP
RNaseP-archaea-T.celerAL1,RNaseP,279,rnafm_faiss_guided_k14_lofo,faiss,1,consensus,0,14,group_I_intron|group_I_intron|group_I_intron|group_I_intron|group_I_intron|group_I_intron|group_I_intron|group_I_intron|group_I_intron|group_I_intron|group_I_intron|group_I_intron|group_I_intron|group_I_intron,0.0,0,0.6165498787425161,0.05357142857142857,0.04918032786885246,0.05128205128205128,1.9581601999998384,0.000987151000117592,0.0,1.959147350999956,RNaseP
RNaseP-archaea-H.cutirubrum,RNaseP,375,rnafm_faiss_guided_k14_lofo,faiss,1,consensus,0,14,group_I_intron|group_I_intron|group_I_intron|tmRNA|tmRNA|group_I_intron|group_I_intron|group_I_intron|group_I_intron|group_I_intron|group_I_intron|group_I_intron|group_I_intron|group_I_intron,0.0,0,0.7134216912867934,0.45652173913043476,0.39622641509433965,0.42424242424242425,2.079402379000385,0.0009018589998959214,0.0,2.0803042380002807,RNaseP
RNaseP-a_bacterial-SM-A02,RNaseP,311,rnafm_faiss_guided_k14_lofo,faiss,1,consensus,0,14,group_I_intron|SRP|group_I_intron|RfamFamily|group_I_intron|tmRNA|SRP|SRP|tmRNA|SRP|group_I_intron|RfamFamily|group_I_intron|group_I_intron,0.0,0,0.10783871011384591,0.6052631578947368,0.5542168674698795,0.5786163522012578,1.3442826750006134,0.0008537839994460228,0.0,1.3451364590000594,RNaseP
RNaseP-a_bacterial-P.fluorescens,RNaseP,354,rnafm_faiss_guided_k14_lofo,faiss,1,consensus,0,14,tmRNA|tmRNA|tmRNA|tmRNA|tmRNA|tmRNA|tmRNA|tmRNA|tmRNA|tmRNA|tmRNA|tmRNA|tmRNA|tmRNA,0.0,0,0.06516351967756048,0.18,0.32142857142857145,0.23076923076923075,1.4375615979997747,0.0008754159998716204,0.0,1.4384370139996463,RNaseP
RNaseP-PS6,RNaseP,332,rnafm_faiss_guided_k14_lofo,faiss,1,consensus,0,14,group_I_intron|SRP|group_I_intron|group_I_intron|SRP|SRP|RfamFamily|group_I_intron|group_I_intron|group_I_intron|SRP|group_I_intron|tmRNA|group_I_intron,0.0,0,0.0930530306505036,0.5268817204301075,0.494949494949495,0.5104166666666666,1.325961795000694,0.0008440490000793943,0.0,1.3268058440007735,RNaseP
RNaseP-H.chlorum,RNaseP,342,rnafm_faiss_guided_k14_lofo,faiss,1,consensus,0,14,group_I_intron|group_I_intron|group_I_intron|group_I_intron|group_I_intron|SRP|group_I_intron|SRP|group_I_intron|group_I_intron|group_I_intron|group_I_intron|group_I_intron|group_I_intron,0.0,0,0.31480228685366196,0.4945054945054945,0.4368932038834951,0.46391752577319584,1.2971835449998252,0.0008311499996125349,0.0,1.2980146949994378,RNaseP
RNaseP-a_bacterial-BH145,RNaseP,293,rnafm_faiss_guided_k14_lofo,faiss,1,consensus,0,14,tmRNA|tmRNA|tmRNA|tmRNA|tmRNA|tmRNA|tmRNA|tmRNA|tmRNA|tmRNA|tmRNA|tmRNA|tmRNA|RfamFamily,0.0,0,0.07103030533532415,0.2222222222222222,0.32653061224489793,0.2644628099173553,1.319118958999752,0.0008214969993787236,0.0,1.3199404559991308,RNaseP
RNaseP-plastid-C.paradoxa-cyanelle,RNaseP,351,rnafm_faiss_guided_k14_lofo,faiss,1,consensus,0,14,SRP|group_I_intron|SRP|group_I_intron|group_I_intron|SRP|tmRNA|group_I_intron|RfamFamily|SRP|group_I_intron|tmRNA|SRP|SRP,0.0,0,0.15689118585637205,0.6382978723404256,0.6741573033707865,0.6557377049180327,1.2877291069999046,0.0008374720000574598,0.0,1.288566578999962,RNaseP
RNaseP-a_bacterial-N.plantarum,RNaseP,307,rnafm_faiss_guided_k14_lofo,faiss,1,consensus,0,14,RfamFamily|SRP|SRP|group_I_intron|tmRNA|group_I_intron|tmRNA|SRP|SRP|SRP|SRP|SRP|group_I_intron|SRP,0.0,0,0.10294728310058836,0.6710526315789473,0.5483870967741935,0.6035502958579881,1.6016452249996291,0.0009261940003852942,0.0,1.6025714190000144,RNaseP
RNaseP-yeast_nuclear-S.diastaticus,RNaseP,369,rnafm_faiss_guided_k14_lofo,faiss,1,consensus,0,14,group_I_intron|group_I_intron|group_I_intron|SRP|SRP|SRP|group_I_intron|SRP|SRP|group_I_intron|group_I_intron|group_I_intron|SRP|group_I_intron,0.0,0,1.009016456512923,0.6210526315789474,0.5,0.5539906103286385,2.0277104219994726,0.0013732329998674686,0.0,2.02908365499934,RNaseP
RNaseP-P.marinus-2,RNaseP,387,rnafm_faiss_guided_k14_lofo,faiss,1,consensus,0,14,RfamFamily|RfamFamily|RfamFamily|SRP|group_I_intron|SRP|SRP|SRP|SRP|SRP|SRP|tmRNA|group_I_intron|SRP,0.0,0,0.09396902401529712,0.5083333333333333,0.5,0.5041322314049587,1.910705778999727,0.001002388999950199,0.0,1.9117081679996772,RNaseP
RNaseP-nuclear-G.gorilla,RNaseP,320,rnafm_faiss_guided_k14_lofo,faiss,1,consensus,0,14,SRP|SRP|SRP|SRP|SRP|SRP|SRP|SRP|SRP|SRP|SRP|SRP|SRP|SRP,0.0,0,0.16739606545917554,0.47058823529411764,0.24489795918367346,0.32214765100671144,1.314569494999887,0.0008925209995140904,0.0,1.315462015999401,RNaseP
RNaseP-a_bacterial-T.album,RNaseP,332,rnafm_faiss_guided_k14_lofo,faiss,1,consensus,0,14,group_I_intron|group_I_intron|group_I_intron|tmRNA|SRP|SRP|SRP|group_I_intron|group_I_intron|tmRNA|SRP|group_I_intron|group_I_intron|group_I_intron,0.0,0,0.12814571982141593,0.6705882352941176,0.59375,0.6298342541436465,1.2818696770000315,0.0008484660002068267,0.0,1.2827181430002383,RNaseP
RNaseP-a_bacterial-C.felis-FP,RNaseP,376,rnafm_faiss_guided_k14_lofo,faiss,1,consensus,0,14,group_I_intron|group_I_intron|group_I_intron|group_I_intron|group_I_intron|group_I_intron|group_I_intron|SRP|group_I_intron|group_I_intron|SRP|group_I_intron|tmRNA|SRP,0.0,0,0.23594678720134823,0.6330275229357798,0.6272727272727273,0.6301369863013698,1.2979485570003817,0.0008395739996558405,0.0,1.2987881310000375,RNaseP
RNaseP-a_bacterial-ESH20b-1,RNaseP,285,rnafm_faiss_guided_k14_lofo,faiss,1,consensus,0,14,group_I_intron|SRP|RfamFamily|group_I_intron|SRP|group_I_intron|group_I_intron|group_I_intron|group_I_intron|tmRNA|SRP|RfamFamily|tmRNA|tmRNA,0.0,0,0.09631526777681895,0.7,0.7205882352941176,0.7101449275362319,1.3057607809996625,0.0008185850001609651,0.0,1.3065793659998235,RNaseP
RNaseP-a_bacterial-CPB75,RNaseP,301,rnafm_faiss_guided_k14_lofo,faiss,1,consensus,0,14,tmRNA|tmRNA|tmRNA|tmRNA|tmRNA|tmRNA|tmRNA|tmRNA|tmRNA|tmRNA|tmRNA|tmRNA|tmRNA|SRP,0.0,0,0.06325788244124646,0.24324324324324326,0.42857142857142855,0.3103448275862069,1.4159704329995293,0.0008257999998022569,0.0,1.4167962329993316,RNaseP
RNaseP-a_bacterial-CPB144,RNaseP,421,rnafm_faiss_guided_k14_lofo,faiss,1,consensus,0,14,group_I_intron|SRP|group_I_intron|group_I_intron|group_I_intron|tmRNA|group_I_intron|group_I_intron|SRP|tmRNA|group_I_intron|SRP|group_I_intron|tmRNA,0.0,0,0.17439801255707116,0.7931034482758621,0.773109243697479,0.7829787234042553,1.325477592000425,0.0008425140003964771,0.0,1.3263201060008214,RNaseP
RNaseP-a_bacterial-WA1,RNaseP,294,rnafm_faiss_guided_k14_lofo,faiss,1,consensus,0,14,tmRNA|tmRNA|tmRNA|tmRNA|tmRNA|tmRNA|tmRNA|tmRNA|tmRNA|tmRNA|tmRNA|tmRNA|tmRNA|RfamFamily,0.0,0,0.07330196223168164,0.2222222222222222,0.3076923076923077,0.2580645161290323,1.36047990499992,0.0013193180002417648,0.0,1.3617992230001619,RNaseP
RNaseP-S.servazzii,RNaseP,234,rnafm_faiss_guided_k14_lofo,faiss,1,consensus,0,14,SRP|SRP|SRP|group_I_intron|group_I_intron|group_I_intron|SRP|tmRNA|group_I_intron|group_I_intron|group_I_intron|group_I_intron|group_I_intron|tmRNA,0.0,0,0.9889702014610279,0.8490566037735849,0.6081081081081081,0.7086614173228346,1.808476299999711,0.0009615939998184331,0.0,1.8094378939995295,RNaseP
RNaseP-LGB41,RNaseP,319,rnafm_faiss_guided_k14_lofo,faiss,1,consensus,0,14,SRP|SRP|group_I_intron|group_I_intron|RfamFamily|SRP|group_I_intron|tmRNA|SRP|tmRNA|tmRNA|SRP|tmRNA|group_I_intron,0.0,0,0.08836771478750614,0.5760869565217391,0.5247524752475248,0.5492227979274611,1.9627468990001944,0.0009451010000702809,0.0,1.9636920000002647,RNaseP
RNaseP-a_bacterial-M.tuberculosis,RNaseP,434,rnafm_faiss_guided_k14_lofo,faiss,1,consensus,0,14,RfamFamily|group_I_intron|SRP|SRP|SRP|group_I_intron|SRP|SRP|RfamFamily|tmRNA|SRP|SRP|SRP|SRP,0.0,0,0.11234650551335179,0.47244094488188976,0.4225352112676056,0.446096654275093,1.613561292999293,0.0008771279999564285,0.0,1.6144384209992495,RNaseP
RNaseP-yeast_nuclear-S.uvarum,RNaseP,369,rnafm_faiss_guided_k14_lofo,faiss,1,consensus,0,14,group_I_intron|group_I_intron|group_I_intron|SRP|SRP|SRP|group_I_intron|SRP|SRP|group_I_intron|group_I_intron|group_I_intron|group_I_intron|group_I_intron,0.0,0,0.9819053165136141,0.6210526315789474,0.5086206896551724,0.5592417061611374,1.4280254249997597,0.0008349449999514036,0.0,1.428860369999711,RNaseP
RNaseP-b_bacterial-M.fermentans,RNaseP,302,rnafm_faiss_guided_k14_lofo,faiss,1,consensus,0,14,group_I_intron|group_I_intron|SRP|group_I_intron|tmRNA|SRP|RfamFamily|SRP|group_I_intron|tmRNA|group_I_intron|group_I_intron|SRP|group_I_intron,0.0,0,0.11500287861800972,0.6375,0.5930232558139535,0.6144578313253013,1.304982181000014,0.0009413369998583221,0.0,1.3059235179998723,RNaseP
RNaseP-T.acidophilum,RNaseP,305,rnafm_faiss_guided_k14_lofo,faiss,1,consensus,0,14,group_I_intron|group_I_intron|group_I_intron|group_I_intron|group_I_intron|group_I_intron|group_I_intron|group_I_intron|group_I_intron|group_I_intron|group_I_intron|group_I_intron|group_I_intron|group_I_intron,0.0,0,1.185394522533977,0.18681318681318682,0.2982456140350877,0.22972972972972971,1.2830480969996643,0.0008302530004584696,0.0,1.2838783500001227,RNaseP
RNaseP-archaea-SL2D,RNaseP,293,rnafm_faiss_guided_k14_lofo,faiss,1,consensus,0,14,tmRNA|tmRNA|group_I_intron|group_I_intron|group_I_intron|group_I_intron|group_I_intron|group_I_intron|group_I_intron|group_I_intron|group_I_intron|group_I_intron|group_I_intron|group_I_intron,0.0,0,0.8238752206876084,0.453125,0.4264705882352941,0.43939393939393934,1.2534044260000883,0.0009343519996036775,0.0,1.254338777999692,RNaseP
RNaseP-a_bacterial-SM-A31(53),RNaseP,318,rnafm_faiss_guided_k14_lofo,faiss,1,consensus,0,14,group_I_intron|SRP|group_I_intron|tmRNA|RfamFamily|group_I_intron|SRP|tmRNA|SRP|SRP|group_I_intron|SRP|group_I_intron|tmRNA,0.0,0,0.09215134917153076,0.654320987654321,0.6235294117647059,0.6385542168674699,1.2986061629999313,0.0008480249998683576,0.0,1.2994541879997996,RNaseP
RNaseP-nuclear-A.telluris,RNaseP,364,rnafm_faiss_guided_k14_lofo,faiss,1,consensus,0,14,SRP|SRP|tmRNA|SRP|SRP|group_I_intron|group_I_intron|group_I_intron|group_I_intron|SRP|SRP|group_I_intron|group_I_intron|group_I_intron,0.0,0,0.710599194586119,0.6440677966101694,0.2992125984251969,0.40860215053763443,1.2854514139999083,0.000798764000137453,0.0,1.2862501780000457,RNaseP
RNaseP-CPA59,RNaseP,316,rnafm_faiss_guided_k14_lofo,faiss,1,consensus,0,14,group_I_intron|group_I_intron|SRP|group_I_intron|SRP|group_I_intron|SRP|tmRNA|tmRNA|group_I_intron|SRP|RfamFamily|tmRNA|tmRNA,0.0,0,0.10235837293097584,0.47191011235955055,0.4666666666666667,0.4692737430167598,1.8058259079998606,0.0009291030000895262,0.0,1.8067550109999502,RNaseP
RNaseP-B.bufo,RNaseP,397,rnafm_faiss_guided_k14_lofo,faiss,1,consensus,0,14,SRP|SRP|SRP|SRP|SRP|SRP|SRP|SRP|SRP|SRP|SRP|SRP|SRP|SRP,0.0,0,0.2887774325503791,0.30357142857142855,0.17346938775510204,0.22077922077922074,2.1598070620002545,0.0009525069999654079,0.0,2.16075956900022,RNaseP
RNaseP-a_bacterial-WC1,RNaseP,294,rnafm_faiss_guided_k14_lofo,faiss,1,consensus,0,14,tmRNA|tmRNA|tmRNA|tmRNA|tmRNA|tmRNA|tmRNA|tmRNA|tmRNA|tmRNA|tmRNA|tmRNA|tmRNA|tmRNA,0.0,0,0.0717215096795303,0.0547945205479452,0.08,0.06504065040650406,1.8079614230000516,0.0008731799998713541,0.0,1.808834602999923,RNaseP
RNaseP-a_bacterial-D.desulfuricans,RNaseP,360,rnafm_faiss_guided_k14_lofo,faiss,1,consensus,0,14,group_I_intron|group_I_intron|group_I_intron|SRP|SRP|SRP|SRP|group_I_intron|group_I_intron|tmRNA|tmRNA|group_I_intron|group_I_intron|tmRNA,0.0,0,0.12256345153076424,0.7428571428571429,0.7090909090909091,0.7255813953488373,1.3038409119999415,0.0008542509995095315,0.0,1.304695162999451,RNaseP
RNaseP-archaea-P.abyssi,RNaseP,330,rnafm_faiss_guided_k14_lofo,faiss,1,consensus,0,14,SRP|SRP|group_I_intron|SRP|group_I_intron|group_I_intron|group_I_intron|SRP|tmRNA|group_I_intron|RfamFamily|group_I_intron|group_I_intron|group_I_intron,0.0,0,0.3060106058145116,0.43902439024390244,0.34615384615384615,0.3870967741935483,1.3014468910005235,0.0010186970002905582,0.0,1.302465588000814,RNaseP
RNaseP-a_bacterial-CPB73,RNaseP,302,rnafm_faiss_guided_k14_lofo,faiss,1,consensus,0,14,tmRNA|tmRNA|tmRNA|tmRNA|tmRNA|tmRNA|tmRNA|tmRNA|tmRNA|tmRNA|tmRNA|tmRNA|tmRNA|SRP,0.0,0,0.07126120166246912,0.2191780821917808,0.38095238095238093,0.2782608695652174,1.2961780519999593,0.000847426000291307,0.0,1.2970254780002506,RNaseP
RNaseP-a_bacterial-T.aquaticus,RNaseP,394,rnafm_faiss_guided_k14_lofo,faiss,1,consensus,0,14,group_I_intron|group_I_intron|group_I_intron|group_I_intron|SRP|group_I_intron|SRP|SRP|group_I_intron|group_I_intron|group_I_intron|group_I_intron|group_I_intron|group_I_intron,0.0,0,0.13486368291887438,0.7105263157894737,0.6328125,0.6694214876033058,1.29915644599987,0.0009783089999473304,0.0,1.3001347549998172,RNaseP
RNaseP-nuclear-K.polysporus,RNaseP,265,rnafm_faiss_guided_k14_lofo,faiss,1,consensus,0,14,SRP|group_I_intron|group_I_intron|group_I_intron|group_I_intron|group_I_intron|group_I_intron|SRP|group_I_intron|tmRNA|group_I_intron|RfamFamily|SRP|group_I_intron,0.0,0,0.8387871683166315,0.6666666666666666,0.4186046511627907,0.5142857142857143,1.310675134000121,0.0009074939998754417,0.0,1.3115826279999965,RNaseP
RNaseP-A.ferrooxidans,RNaseP,344,rnafm_faiss_guided_k14_lofo,faiss,1,consensus,0,14,group_I_intron|group_I_intron|group_I_intron|tmRNA|tmRNA|group_I_intron|SRP|group_I_intron|tmRNA|tmRNA|tmRNA|group_I_intron|group_I_intron|SRP,0.0,0,0.09790410200533764,0.3333333333333333,0.33962264150943394,0.3364485981308411,1.3030541090001861,0.0008487640006933361,0.0,1.3039028730008795,RNaseP
RNaseP-a_bacterial-A.salinestris-184,RNaseP,294,rnafm_faiss_guided_k14_lofo,faiss,1,consensus,0,14,tmRNA|tmRNA|tmRNA|tmRNA|tmRNA|tmRNA|tmRNA|tmRNA|tmRNA|tmRNA|tmRNA|tmRNA|tmRNA|tmRNA,0.0,0,0.0710174477463962,0.2328767123287671,0.4358974358974359,0.30357142857142855,1.5648272560001715,0.0009560039998177672,0.0,1.5657832599999892,RNaseP
RNaseP-T.syrichta,RNaseP,286,rnafm_faiss_guided_k14_lofo,faiss,1,consensus,0,14,SRP|SRP|SRP|SRP|SRP|group_I_intron|group_I_intron|RfamFamily|group_I_intron|tmRNA|group_I_intron|SRP|SRP|group_I_intron,0.0,0,0.3037638403128433,0.24324324324324326,0.10112359550561797,0.14285714285714288,1.92127185299978,0.001038012000208255,0.0,1.9223098649999883,RNaseP
RNaseP-H.chlorum-partial,RNaseP,120,rnafm_faiss_guided_k14_lofo,faiss,1,consensus,0,14,RfamFamily|RfamFamily|SRP|tmRNA|RfamFamily|RfamFamily|RfamFamily|RfamFamily|RfamFamily|SRP|RfamFamily|SRP|RfamFamily|RfamFamily,0.0,0,0.21842812364800754,0.0,0.0,0.0,0.9611661890003234,0.0009562670002196683,0.0,0.962122456000543,RNaseP
RNaseP-SM-A07,RNaseP,294,rnafm_faiss_guided_k14_lofo,faiss,1,consensus,0,14,group_I_intron|SRP|group_I_intron|tmRNA|tmRNA|SRP|tmRNA|RfamFamily|tmRNA|group_I_intron|tmRNA|tmRNA|group_I_intron|RfamFamily,0.0,0,0.08716595579796556,0.4024390243902439,0.3707865168539326,0.3859649122807018,2.0221968040004867,0.0009003230006783269,0.0,2.023097127001165,RNaseP
RNaseP-LGW17,RNaseP,411,rnafm_faiss_guided_k14_lofo,faiss,1,consensus,0,14,group_I_intron|SRP|group_I_intron|group_I_intron|group_I_intron|group_I_intron|group_I_intron|group_I_intron|group_I_intron|group_I_intron|SRP|group_I_intron|group_I_intron|SRP,0.0,0,0.13149690961377264,0.4959349593495935,0.4765625,0.4860557768924303,1.3213472769994041,0.0008427450002272963,0.0,1.3221900219996314,RNaseP
RNaseP-Synechocystis-PCC6803,RNaseP,437,rnafm_faiss_guided_k14_lofo,faiss,1,consensus,0,14,SRP|group_I_intron|group_I_intron|group_I_intron|SRP|SRP|RfamFamily|group_I_intron|group_I_intron|group_I_intron|SRP|SRP|group_I_intron|group_I_intron,0.0,0,0.12914700441853524,0.55,0.5422535211267606,0.5460992907801419,1.2828639449999173,0.0007958579999467474,0.0,1.283659802999864,RNaseP
RNaseP-a_bacterial-SM-A01,RNaseP,389,rnafm_faiss_guided_k14_lofo,faiss,1,consensus,0,14,SRP|group_I_intron|group_I_intron|RfamFamily|SRP|group_I_intron|tmRNA|SRP|group_I_intron|group_I_intron|SRP|group_I_intron|tmRNA|SRP,0.0,0,0.10973737732962943,0.5420560747663551,0.5225225225225225,0.5321100917431193,1.3239384649996282,0.000853269000799628,0.0,1.3247917340004278,RNaseP
RNaseP-M.maripaludus,RNaseP,233,rnafm_faiss_guided_k14_lofo,faiss,1,consensus,0,14,group_I_intron|group_I_intron|group_I_intron|group_I_intron|group_I_intron|group_I_intron|tmRNA|group_I_intron|tmRNA|SRP|group_I_intron|RfamFamily|group_I_intron|group_I_intron,0.0,0,0.49104315248668684,0.6307692307692307,0.5774647887323944,0.6029411764705882,1.1849963129998287,0.0009640210000725347,0.0,1.1859603339999012,RNaseP
RNaseP-nuclear-C.opuntiae,RNaseP,196,rnafm_faiss_guided_k14_lofo,faiss,1,consensus,0,14,SRP|SRP|SRP|group_I_intron|RfamFamily|group_I_intron|group_I_intron|RfamFamily|SRP|group_I_intron|group_I_intron|group_I_intron|SRP|group_I_intron,0.0,0,0.9039651102556825,0.7560975609756098,0.5254237288135594,0.62,0.9949332239993964,0.0008157460006259498,0.0,0.9957489700000224,RNaseP
RNaseP-vertibrate_nuclear-M.musculus,RNaseP,289,rnafm_faiss_guided_k14_lofo,faiss,1,consensus,0,14,SRP|SRP|SRP|SRP|SRP|SRP|SRP|SRP|SRP|SRP|SRP|SRP|SRP|SRP,0.0,0,0.21639962044898553,0.5416666666666666,0.325,0.40624999999999994,1.319329650000327,0.0008182199999282602,0.0,1.3201478700002554,RNaseP
RNaseP-archaea-S.solfataricus,RNaseP,259,rnafm_faiss_guided_k14_lofo,faiss,1,consensus,0,14,tmRNA|tmRNA|group_I_intron|group_I_intron|tmRNA|group_I_intron|group_I_intron|group_I_intron|group_I_intron|group_I_intron|group_I_intron|group_I_intron|group_I_intron|group_I_intron,0.0,0,0.5600338066942199,0.7090909090909091,0.5652173913043478,0.6290322580645161,1.5531649510003263,0.0009353490004286868,0.0,1.554100300000755,RNaseP
RNaseP-P.gingivalis,RNaseP,398,rnafm_faiss_guided_k14_lofo,faiss,1,consensus,0,14,SRP|group_I_intron|SRP|group_I_intron|group_I_intron|SRP|SRP|group_I_intron|group_I_intron|group_I_intron|group_I_intron|group_I_intron|group_I_intron|SRP,0.0,0,0.2117063763632221,0.3828125,0.3602941176470588,0.37121212121212116,1.937146938999831,0.001176545999442169,0.0,1.9383234849992732,RNaseP
RNaseP-B.bronchiseptica,RNaseP,243,rnafm_faiss_guided_k14_lofo,faiss,1,consensus,0,14,SRP|SRP|group_I_intron|group_I_intron|SRP|group_I_intron|group_I_intron|tmRNA|RfamFamily|group_I_intron|group_I_intron|group_I_intron|group_I_intron|group_I_intron,0.0,0,0.13992425926456695,0.921875,0.7763157894736842,0.842857142857143,1.8703742329998931,0.0011041030002161278,0.0,1.8714783360001093,RNaseP
RNaseP-a_bacterial-LGB23,RNaseP,347,rnafm_faiss_guided_k14_lofo,faiss,1,consensus,0,14,SRP|RfamFamily|SRP|group_I_intron|group_I_intron|SRP|group_I_intron|tmRNA|tmRNA|SRP|SRP|RfamFamily|group_I_intron|group_I_intron,0.0,0,0.10054105291800695,0.6043956043956044,0.55,0.5759162303664922,1.4647157649997098,0.0010082130002047052,0.0,1.4657239779999145,RNaseP
RNaseP-a_bacterial-B.burgdorferi-g,RNaseP,352,rnafm_faiss_guided_k14_lofo,faiss,1,consensus,0,14,RfamFamily|SRP|SRP|tmRNA|group_I_intron|tmRNA|tmRNA|group_I_intron|group_I_intron|tmRNA|SRP|SRP|group_I_intron|SRP,0.0,0,0.10509937798048788,0.7526881720430108,0.7142857142857143,0.7329842931937173,1.3090723080003954,0.0011832830005005235,0.0,1.310255591000896,RNaseP
RNaseP-a_bacterial-E.agglomerulans,RNaseP,383,rnafm_faiss_guided_k14_lofo,faiss,1,consensus,0,14,tmRNA|tmRNA|tmRNA|tmRNA|tmRNA|RfamFamily|tmRNA|tmRNA|tmRNA|SRP|tmRNA|tmRNA|RfamFamily|tmRNA,0.0,0,0.06304565126035121,0.4594594594594595,0.5204081632653061,0.48803827751196177,1.4229406499998731,0.0008416919999945094,0.0,1.4237823419998676,RNaseP
RNaseP-a_bacterial-Pseudoanabaena-PCC6903,RNaseP,450,rnafm_faiss_guided_k14_lofo,faiss,1,consensus,0,14,RfamFamily|RfamFamily|SRP|RfamFamily|SRP|SRP|SRP|SRP|group_I_intron|group_I_intron|tmRNA|group_I_intron|SRP|group_I_intron,0.0,0,0.09246829582845913,0.5620437956204379,0.5273972602739726,0.5441696113074205,1.3165252979997604,0.0008049329999266774,0.0,1.317330230999687,RNaseP
RNaseP-a_bacterial-C.abortus-B577,RNaseP,390,rnafm_faiss_guided_k14_lofo,faiss,1,consensus,0,14,group_I_intron|group_I_intron|group_I_intron|RfamFamily|SRP|group_I_intron|group_I_intron|group_I_intron|group_I_intron|group_I_intron|group_I_intron|tmRNA|tmRNA|group_I_intron,0.0,0,0.2270508093209571,0.6126126126126126,0.5862068965517241,0.5991189427312774,1.2926795559997117,0.0008407630002693622,0.0,1.293520318999981,RNaseP
RNaseP-S.pombe,RNaseP,284,rnafm_faiss_guided_k14_lofo,faiss,1,consensus,0,14,SRP|SRP|group_I_intron|SRP|group_I_intron|group_I_intron|SRP|SRP|group_I_intron|group_I_intron|group_I_intron|group_I_intron|SRP|group_I_intron,0.0,0,0.8770111040929154,0.42028985507246375,0.30851063829787234,0.35582822085889576,1.316013617999488,0.0008129959996949765,0.0,1.3168266139991829,RNaseP
RNaseP-a_bacterial-SM-A37(61),RNaseP,392,rnafm_faiss_guided_k14_lofo,faiss,1,consensus,0,14,group_I_intron|group_I_intron|SRP|group_I_intron|tmRNA|tmRNA|group_I_intron|RfamFamily|group_I_intron|SRP|group_I_intron|SRP|SRP|group_I_intron,0.0,0,0.13366208984240055,0.6886792452830188,0.6759259259259259,0.6822429906542056,1.3605875100001867,0.0009615300004952587,0.0,1.361549040000682,RNaseP
RNaseP-a_bacterial-A.chroococcum,RNaseP,294,rnafm_faiss_guided_k14_lofo,faiss,1,consensus,0,14,tmRNA|tmRNA|tmRNA|tmRNA|tmRNA|tmRNA|tmRNA|tmRNA|tmRNA|tmRNA|tmRNA|tmRNA|tmRNA|RfamFamily,0.0,0,0.06810505251521307,0.2328767123287671,0.3269230769230769,0.272,1.9438921910004865,0.000999951000267174,0.0,1.9448921420007537,RNaseP
RNaseP-a_bacterial-S.caesia-K200,RNaseP,339,rnafm_faiss_guided_k14_lofo,faiss,1,consensus,0,14,SRP|RfamFamily|SRP|tmRNA|group_I_intron|tmRNA|SRP|SRP|group_I_intron|SRP|SRP|SRP|SRP|SRP,0.0,0,0.10023443110246089,0.5108695652173914,0.47,0.4895833333333333,2.0915851679992556,0.0010473250003997236,0.0,2.0926324929996554,RNaseP
RNaseP-P.cultripes,RNaseP,311,rnafm_faiss_guided_k14_lofo,faiss,1,consensus,0,14,RfamFamily|RfamFamily|group_I_intron|group_I_intron|group_I_intron|SRP|SRP|SRP|SRP|SRP|group_I_intron|group_I_intron|SRP|group_I_intron,0.0,0,0.36052479818128147,0.4897959183673469,0.25263157894736843,0.3333333333333333,1.612309262999588,0.0008374210001420579,0.0,1.6131466839997302,RNaseP
RNaseP-nuclear-S.pombe,RNaseP,284,rnafm_faiss_guided_k14_lofo,faiss,1,consensus,0,14,SRP|SRP|group_I_intron|SRP|group_I_intron|group_I_intron|SRP|SRP|group_I_intron|group_I_intron|group_I_intron|group_I_intron|SRP|group_I_intron,0.0,0,0.8770111040929154,0.5806451612903226,0.3829787234042553,0.46153846153846156,1.286897658000271,0.0008079639992502052,0.0,1.287705621999521,RNaseP
RNaseP-a_bacterial-N.albus,RNaseP,281,rnafm_faiss_guided_k14_lofo,faiss,1,consensus,0,14,SRP|SRP|RfamFamily|group_I_intron|SRP|SRP|group_I_intron|SRP|SRP|tmRNA|SRP|SRP|group_I_intron|SRP,0.0,0,0.10003590029089192,0.7012987012987013,0.6352941176470588,0.6666666666666666,1.3181210369994005,0.0008763599998928839,0.0,1.3189973969992934,RNaseP
RNaseP-a_bacterial-P.stutzeri,RNaseP,294,rnafm_faiss_guided_k14_lofo,faiss,1,consensus,0,14,tmRNA|tmRNA|tmRNA|tmRNA|tmRNA|tmRNA|tmRNA|tmRNA|tmRNA|tmRNA|tmRNA|tmRNA|tmRNA|tmRNA,0.0,0,0.06613742044781998,0.2328767123287671,0.3469387755102041,0.2786885245901639,1.3043272149998302,0.0008255769998868345,0.0,1.305152791999717,RNaseP
RNaseP-a_bacterial-S.polymorpha,RNaseP,304,rnafm_faiss_guided_k14_lofo,faiss,1,consensus,0,14,RfamFamily|group_I_intron|group_I_intron|SRP|SRP|SRP|group_I_intron|tmRNA|RfamFamily|tmRNA|SRP|group_I_intron|SRP|SRP,0.0,0,0.10044160034586049,0.863013698630137,0.7159090909090909,0.782608695652174,1.2893859820005673,0.0008362720000150148,0.0,1.2902222540005823,RNaseP
RNaseP-a_bacterial-PS31,RNaseP,372,rnafm_faiss_guided_k14_lofo,faiss,1,consensus,0,14,RfamFamily|group_I_intron|tmRNA|group_I_intron|SRP|SRP|tmRNA|SRP|SRP|SRP|SRP|group_I_intron|group_I_intron|SRP,0.0,0,0.11268708540828103,0.6391752577319587,0.5961538461538461,0.6169154228855721,1.3119316010006514,0.0008246509996752138,0.0,1.3127562520003266,RNaseP
RNaseP-H.pylori-RU1,RNaseP,317,rnafm_faiss_guided_k14_lofo,faiss,1,consensus,0,14,tmRNA|tmRNA|tmRNA|tmRNA|tmRNA|tmRNA|tmRNA|tmRNA|tmRNA|tmRNA|tmRNA|tmRNA|tmRNA|RfamFamily,0.0,0,0.05980048295439826,0.3191489361702128,0.5084745762711864,0.3921568627450981,1.4387822660000893,0.000853268000355456,0.0,1.4396355340004447,RNaseP
RNaseP-T.neapolitana,RNaseP,338,rnafm_faiss_guided_k14_lofo,faiss,1,consensus,0,14,group_I_intron|group_I_intron|SRP|group_I_intron|SRP|SRP|SRP|group_I_intron|group_I_intron|group_I_intron|group_I_intron|group_I_intron|group_I_intron|group_I_intron,0.0,0,0.12275949611857818,0.37383177570093457,0.37735849056603776,0.37558685446009393,1.6866661249996469,0.0009359959994981182,0.0,1.687602120999145,RNaseP
RNaseP-nuclear-X.laevis,RNaseP,318,rnafm_faiss_guided_k14_lofo,faiss,1,consensus,0,14,SRP|group_I_intron|RfamFamily|group_I_intron|SRP|group_I_intron|SRP|group_I_intron|RfamFamily|tmRNA|RfamFamily|SRP|SRP|SRP,0.0,0,0.3093649113897037,0.125,0.0625,0.08333333333333333,1.9619387169996116,0.0009599180002624053,0.0,1.962898634999874,RNaseP
RNaseP-a_bacterial-Wolbachia-sp,RNaseP,348,rnafm_faiss_guided_k14_lofo,faiss,1,consensus,0,14,group_I_intron|SRP|tmRNA|group_I_intron|SRP|tmRNA|SRP|RfamFamily|tmRNA|group_I_intron|group_I_intron|group_I_intron|tmRNA|tmRNA,0.0,0,0.10174854135818791,0.7938144329896907,0.7264150943396226,0.7586206896551725,1.9173353619999034,0.0008502049995513516,0.0,1.9181855669994547,RNaseP
RNaseP-PS22,RNaseP,299,rnafm_faiss_guided_k14_lofo,faiss,1,consensus,0,14,group_I_intron|SRP|SRP|group_I_intron|SRP|group_I_intron|RfamFamily|tmRNA|tmRNA|tmRNA|SRP|tmRNA|tmRNA|group_I_intron,0.0,0,0.09877027133997975,0.5595238095238095,0.5340909090909091,0.5465116279069768,1.2956629439995595,0.0008132909997584647,0.0,1.296476234999318,RNaseP
RNaseP-CPA62,RNaseP,354,rnafm_faiss_guided_k14_lofo,faiss,1,consensus,0,14,group_I_intron|group_I_intron|group_I_intron|group_I_intron|group_I_intron|SRP|tmRNA|tmRNA|RfamFamily|group_I_intron|group_I_intron|group_I_intron|group_I_intron|group_I_intron,0.0,0,0.09694556281784261,0.67,0.6504854368932039,0.6600985221674877,1.3261363800002073,0.0008888120000847266,0.0,1.327025192000292,RNaseP
RNaseP-T.pallidum,RNaseP,340,rnafm_faiss_guided_k14_lofo,faiss,1,consensus,0,14,group_I_intron|group_I_intron|SRP|tmRNA|tmRNA|group_I_intron|group_I_intron|SRP|SRP|group_I_intron|group_I_intron|group_I_intron|group_I_intron|group_I_intron,0.0,0,0.14594951171548212,0.19230769230769232,0.18867924528301888,0.19047619047619047,1.3234605049992751,0.0008747060001041973,0.0,1.3243352109993793,RNaseP
RNaseP-a_bacterial-ESH26-4,RNaseP,281,rnafm_faiss_guided_k14_lofo,faiss,1,consensus,0,14,group_I_intron|group_I_intron|group_I_intron|SRP|group_I_intron|group_I_intron|tmRNA|tmRNA|group_I_intron|SRP|group_I_intron|SRP|SRP|SRP,0.0,0,0.20023894205308176,0.6119402985074627,0.5857142857142857,0.5985401459854015,1.2416792330004682,0.0008237449992520851,0.0,1.2425029779997203,RNaseP
RNaseP-nuclear-E.asper,RNaseP,307,rnafm_faiss_guided_k14_lofo,faiss,1,consensus,0,14,SRP|tmRNA|tmRNA|SRP|group_I_intron|group_I_intron|group_I_intron|group_I_intron|group_I_intron|tmRNA|SRP|SRP|tmRNA|tmRNA,0.0,0,0.4340844181553772,0.5833333333333334,0.345679012345679,0.43410852713178294,1.3178514840001299,0.0008450160003121709,0.0,1.318696500000442,RNaseP
RNaseP-S.bovis,RNaseP,331,rnafm_faiss_guided_k14_lofo,faiss,1,consensus,0,14,RfamFamily|tmRNA|RfamFamily|tmRNA|SRP|SRP|SRP|SRP|tmRNA|tmRNA|SRP|tmRNA|RfamFamily|tmRNA,0.0,0,0.08282224069761564,0.775,0.7126436781609196,0.7425149700598801,1.3185723340002369,0.0008372850006708177,0.0,1.3194096190009077,RNaseP
RNaseP-vertibrate_nuclear-G.gorilla,RNaseP,320,rnafm_faiss_guided_k14_lofo,faiss,1,consensus,0,14,SRP|SRP|SRP|SRP|SRP|SRP|SRP|SRP|SRP|SRP|SRP|SRP|SRP|SRP,0.0,0,0.16739606545917554,0.47058823529411764,0.24489795918367346,0.32214765100671144,1.4555839909999122,0.0030371230004675454,0.0,1.4586211140003797,RNaseP
RNaseP-UK2,RNaseP,294,rnafm_faiss_guided_k14_lofo,faiss,1,consensus,0,14,tmRNA|tmRNA|tmRNA|tmRNA|tmRNA|tmRNA|tmRNA|tmRNA|tmRNA|tmRNA|tmRNA|tmRNA|tmRNA|tmRNA,0.0,0,0.0625329495945854,0.29411764705882354,0.4716981132075472,0.3623188405797102,1.9626464870007112,0.0009663450000516605,0.0,1.9636128320007629,RNaseP
RNaseP-a_bacterial-vHge3-5,RNaseP,359,rnafm_faiss_guided_k14_lofo,faiss,1,consensus,0,14,SRP|tmRNA|group_I_intron|SRP|SRP|group_I_intron|group_I_intron|RfamFamily|tmRNA|tmRNA|group_I_intron|SRP|group_I_intron|group_I_intron,0.0,0,0.10100209261936831,0.7978723404255319,0.78125,0.7894736842105263,2.1348620019998634,0.001126314000430284,0.0,2.1359883160002937,RNaseP
RNaseP-ESH21b-4,RNaseP,293,rnafm_faiss_guided_k14_lofo,faiss,1,consensus,0,14,tmRNA|tmRNA|tmRNA|tmRNA|tmRNA|tmRNA|tmRNA|tmRNA|tmRNA|tmRNA|tmRNA|RfamFamily|tmRNA|tmRNA,0.0,0,0.0627997202060707,0.27380952380952384,0.39655172413793105,0.323943661971831,1.469029449000118,0.0009035820003191475,0.0,1.469933031000437,RNaseP
RNaseP-SM-A1012,RNaseP,335,rnafm_faiss_guided_k14_lofo,faiss,1,consensus,0,14,SRP|group_I_intron|tmRNA|tmRNA|SRP|SRP|group_I_intron|group_I_intron|group_I_intron|tmRNA|tmRNA|group_I_intron|group_I_intron|SRP,0.0,0,0.11185026241261341,0.6057692307692307,0.6116504854368932,0.6086956521739131,1.2919349499998134,0.0008229479999499745,0.0,1.2927578979997634,RNaseP
RNaseP-a_bacterial-CPB141,RNaseP,301,rnafm_faiss_guided_k14_lofo,faiss,1,consensus,0,14,tmRNA|tmRNA|tmRNA|tmRNA|tmRNA|tmRNA|tmRNA|tmRNA|tmRNA|tmRNA|tmRNA|tmRNA|tmRNA|RfamFamily,0.0,0,0.07081794786050752,0.22972972972972974,0.4146341463414634,0.2956521739130435,1.3044153639993965,0.0008212160000766744,0.0,1.3052365799994732,RNaseP
RNaseP-vertibrate_nuclear-T.syrichta,RNaseP,286,rnafm_faiss_guided_k14_lofo,faiss,1,consensus,0,14,SRP|SRP|SRP|SRP|SRP|group_I_intron|group_I_intron|RfamFamily|group_I_intron|tmRNA|group_I_intron|SRP|SRP|group_I_intron,0.0,0,0.3037638403128433,0.2727272727272727,0.10112359550561797,0.14754098360655735,1.2824125720007942,0.0008264289999715402,0.0,1.2832390010007657,RNaseP
RNaseP-a_bacterial-C.psittaci-R54,RNaseP,351,rnafm_faiss_guided_k14_lofo,faiss,1,consensus,0,14,group_I_intron|group_I_intron|group_I_intron|group_I_intron|tmRNA|group_I_intron|SRP|RfamFamily|group_I_intron|group_I_intron|group_I_intron|tmRNA|group_I_intron|group_I_intron,0.0,0,0.22888875397182074,0.6538461538461539,0.5862068965517241,0.6181818181818182,1.2944081509995158,0.000846205000016198,0.0,1.295254355999532,RNaseP
RNaseP-H.cutirubrum,RNaseP,375,rnafm_faiss_guided_k14_lofo,faiss,1,consensus,0,14,group_I_intron|group_I_intron|group_I_intron|group_I_intron|SRP|group_I_intron|SRP|group_I_intron|group_I_intron|group_I_intron|group_I_intron|group_I_intron|tmRNA|group_I_intron,0.0,0,0.30202479052745235,0.17592592592592593,0.17592592592592593,0.17592592592592593,1.3710845750001681,0.000969603999692481,0.0,1.3720541789998606,RNaseP
RNaseP-a_bacterial-CPB144,RNaseP,421,rnafm_faiss_guided_k14_lofo,faiss,1,consensus,0,14,group_I_intron|SRP|group_I_intron|group_I_intron|group_I_intron|tmRNA|group_I_intron|group_I_intron|SRP|tmRNA|group_I_intron|SRP|group_I_intron|tmRNA,0.0,0,0.17439801255707116,0.7931034482758621,0.773109243697479,0.7829787234042553,1.3107457250007428,0.0008557330002076924,0.0,1.3116014580009505,RNaseP
RNaseP-S.glauca-K195,RNaseP,340,rnafm_faiss_guided_k14_lofo,faiss,1,consensus,0,14,SRP|SRP|RfamFamily|tmRNA|group_I_intron|SRP|tmRNA|SRP|SRP|SRP|tmRNA|tmRNA|tmRNA|tmRNA,0.0,0,0.08809866114061861,0.5436893203883495,0.5185185185185185,0.5308056872037915,1.8686770149997756,0.0009126539998760563,0.0,1.8695896689996516,RNaseP
RNaseP-b_bacterial-B.stearothermophilus,RNaseP,417,rnafm_faiss_guided_k14_lofo,faiss,1,consensus,0,14,SRP|SRP|RfamFamily|group_I_intron|group_I_intron|SRP|RfamFamily|tmRNA|tmRNA|tmRNA|group_I_intron|group_I_intron|group_I_intron|RfamFamily,0.0,0,0.11887172400864496,0.6283185840707964,0.5634920634920635,0.5941422594142258,1.9354549039999256,0.0009348940002382733,0.0,1.9363897980001639,RNaseP
RNaseP-a_bacterial-ESH30-3,RNaseP,318,rnafm_faiss_guided_k14_lofo,faiss,1,consensus,0,14,group_I_intron|SRP|group_I_intron|SRP|group_I_intron|SRP|group_I_intron|SRP|tmRNA|group_I_intron|SRP|group_I_intron|group_I_intron|group_I_intron,0.0,0,0.20654736757745187,0.575,0.5897435897435898,0.5822784810126582,1.5776733650000097,0.0008880030000000261,0.0,1.5785613680000097,RNaseP
RNaseP-LGA8,RNaseP,339,rnafm_faiss_guided_k14_lofo,faiss,1,consensus,0,14,group_I_intron|group_I_intron|SRP|group_I_intron|group_I_intron|SRP|SRP|SRP|tmRNA|tmRNA|tmRNA|group_I_intron|tmRNA|tmRNA,0.0,0,0.1169357043028371,0.5961538461538461,0.6078431372549019,0.6019417475728156,1.3328592679999929,0.0008024799999475363,0.0,1.3336617479999404,RNaseP
RNaseP-M.leprae,RNaseP,423,rnafm_faiss_guided_k14_lofo,faiss,1,consensus,0,14,RfamFamily|group_I_intron|SRP|SRP|SRP|SRP|group_I_intron|SRP|SRP|tmRNA|SRP|SRP|SRP|RfamFamily,0.0,0,0.12117782759925662,0.5,0.4855072463768116,0.49264705882352944,1.409843077000005,0.0008440279998467304,0.0,1.4106871049998517,RNaseP
RNaseP-a_bacterial-LGW46,RNaseP,384,rnafm_faiss_guided_k14_lofo,faiss,1,consensus,0,14,group_I_intron|group_I_intron|SRP|group_I_intron|SRP|group_I_intron|group_I_intron|group_I_intron|group_I_intron|tmRNA|group_I_intron|group_I_intron|group_I_intron|group_I_intron,0.0,0,0.14218444186374585,0.5818181818181818,0.5871559633027523,0.5844748858447488,1.3333143190002374,0.0009035829998538247,0.0,1.3342179020000913,RNaseP
RNaseP-a_bacterial-C.pecorum-iB1,RNaseP,327,rnafm_faiss_guided_k14_lofo,faiss,1,consensus,0,14,tmRNA|group_I_intron|group_I_intron|group_I_intron|group_I_intron|group_I_intron|SRP|group_I_intron|group_I_intron|group_I_intron|SRP|RfamFamily|SRP|RfamFamily,0.0,0,0.7694577976115974,0.6222222222222222,0.6021505376344086,0.6120218579234973,1.3150629189995016,0.0008379650007555028,0.0,1.315900884000257,RNaseP
RNaseP-archaea-M.vannielli,RNaseP,234,rnafm_faiss_guided_k14_lofo,faiss,1,consensus,0,14,group_I_intron|tmRNA|group_I_intron|group_I_intron|group_I_intron|group_I_intron|group_I_intron|group_I_intron|group_I_intron|group_I_intron|group_I_intron|group_I_intron|group_I_intron|group_I_intron,0.0,0,0.8703721363832273,0.543859649122807,0.6078431372549019,0.5740740740740741,1.2159306049998122,0.0008615469996584579,0.0,1.2167921519994707,RNaseP
RNaseP-a_bacterial-CPA49,RNaseP,370,rnafm_faiss_guided_k14_lofo,faiss,1,consensus,0,14,group_I_intron|SRP|SRP|group_I_intron|group_I_intron|group_I_intron|SRP|group_I_intron|tmRNA|group_I_intron|group_I_intron|group_I_intron|group_I_intron|group_I_intron,0.0,0,0.1637994879792126,0.5208333333333334,0.4672897196261682,0.4926108374384237,1.3312009780001972,0.000868703999913123,0.0,1.3320696820001103,RNaseP
RNaseP-a_bacterial-ESH20b-4,RNaseP,293,rnafm_faiss_guided_k14_lofo,faiss,1,consensus,0,14,tmRNA|tmRNA|tmRNA|tmRNA|tmRNA|tmRNA|tmRNA|tmRNA|tmRNA|RfamFamily|tmRNA|tmRNA|tmRNA|tmRNA,0.0,0,0.07528539581999882,0.22535211267605634,0.32653061224489793,0.26666666666666666,1.8595748730003834,0.000948242000049504,0.0,1.8605231150004329,RNaseP
RNaseP-nuclear-S.pombe,RNaseP,284,rnafm_faiss_guided_k14_lofo,faiss,1,consensus,0,14,SRP|SRP|group_I_intron|SRP|group_I_intron|group_I_intron|SRP|SRP|group_I_intron|group_I_intron|group_I_intron|group_I_intron|SRP|group_I_intron,0.0,0,0.8770111040929154,0.5806451612903226,0.3829787234042553,0.46153846153846156,2.161883624999973,0.001293418999921414,0.0,2.1631770439998945,RNaseP
RNaseP-a_bacterial-N.gonnorhoeae,RNaseP,360,rnafm_faiss_guided_k14_lofo,faiss,1,consensus,0,14,group_I_intron|group_I_intron|group_I_intron|tmRNA|tmRNA|group_I_intron|group_I_intron|SRP|group_I_intron|group_I_intron|tmRNA|tmRNA|SRP|tmRNA,0.0,0,0.11081322138019759,0.4375,0.42857142857142855,0.43298969072164945,1.7913993980000669,0.0008336560003954219,0.0,1.7922330540004623,RNaseP
RNaseP-C.tepidum,RNaseP,381,rnafm_faiss_guided_k14_lofo,faiss,1,consensus,0,14,group_I_intron|group_I_intron|group_I_intron|group_I_intron|SRP|group_I_intron|group_I_intron|SRP|group_I_intron|group_I_intron|group_I_intron|group_I_intron|group_I_intron|group_I_intron,0.0,0,0.2027817112652223,0.488,0.5258620689655172,0.5062240663900415,1.2963895799994134,0.0008411799999521463,0.0,1.2972307599993655,RNaseP
RNaseP-a_bacterial-K.pneumoniae,RNaseP,383,rnafm_faiss_guided_k14_lofo,faiss,1,consensus,0,14,tmRNA|tmRNA|tmRNA|tmRNA|tmRNA|RfamFamily|tmRNA|tmRNA|tmRNA|SRP|tmRNA|tmRNA|RfamFamily|tmRNA,0.0,0,0.06304565126035121,0.4594594594594595,0.5204081632653061,0.48803827751196177,1.3123507299997073,0.0008382389996768325,0.0,1.313188968999384,RNaseP
RNaseP-a_bacterial-A.vinlandii-CA,RNaseP,294,rnafm_faiss_guided_k14_lofo,faiss,1,consensus,0,14,tmRNA|tmRNA|tmRNA|tmRNA|tmRNA|tmRNA|tmRNA|tmRNA|tmRNA|tmRNA|tmRNA|tmRNA|tmRNA|tmRNA,0.0,0,0.06959668249953581,0.2328767123287671,0.32075471698113206,0.2698412698412698,1.331264934000501,0.0008330680002472945,0.0,1.3320980020007482,RNaseP
RNaseP-a_bacterial-ESH183D,RNaseP,281,rnafm_faiss_guided_k14_lofo,faiss,1,consensus,0,14,group_I_intron|tmRNA|SRP|tmRNA|group_I_intron|group_I_intron|group_I_intron|RfamFamily|group_I_intron|SRP|SRP|SRP|group_I_intron|group_I_intron,0.0,0,0.21486591230505284,0.5217391304347826,0.48,0.4999999999999999,1.289288463000048,0.0008551930004614405,0.0,1.2901436560005095,RNaseP
RNaseP-a_bacterial-SM-A03,RNaseP,321,rnafm_faiss_guided_k14_lofo,faiss,1,consensus,0,14,group_I_intron|RfamFamily|SRP|group_I_intron|SRP|SRP|group_I_intron|tmRNA|RfamFamily|SRP|tmRNA|tmRNA|group_I_intron|tmRNA,0.0,0,0.09494143954680331,0.7721518987341772,0.7093023255813954,0.7393939393939394,1.3108533350005018,0.0008375520001209225,0.0,1.3116908870006228,RNaseP
RNaseP-a_bacterial-P.alcalifaciens,RNaseP,301,rnafm_faiss_guided_k14_lofo,faiss,1,consensus,0,14,tmRNA|tmRNA|tmRNA|tmRNA|tmRNA|tmRNA|tmRNA|tmRNA|tmRNA|tmRNA|tmRNA|tmRNA|tmRNA|tmRNA,0.0,0,0.07761985572894922,0.22666666666666666,0.425,0.2956521739130435,1.4746870839999247,0.0008580220001022099,0.0,1.4755451060000269,RNaseP
RNaseP-a_bacterial-PF101,RNaseP,381,rnafm_faiss_guided_k14_lofo,faiss,1,consensus,0,14,group_I_intron|group_I_intron|SRP|group_I_intron|group_I_intron|group_I_intron|group_I_intron|group_I_intron|group_I_intron|group_I_intron|group_I_intron|group_I_intron|group_I_intron|group_I_intron,0.0,0,0.23150810217132906,0.7117117117117117,0.6752136752136753,0.6929824561403508,1.521704349999709,0.000952112000049965,0.0,1.522656461999759,RNaseP
RNaseP-a_bacterial-Nostoc-PCC6705,RNaseP,393,rnafm_faiss_guided_k14_lofo,faiss,1,consensus,0,14,RfamFamily|RfamFamily|group_I_intron|RfamFamily|SRP|SRP|tmRNA|group_I_intron|group_I_intron|SRP|tmRNA|tmRNA|tmRNA|SRP,0.0,0,0.09679113396592662,0.7064220183486238,0.7064220183486238,0.7064220183486238,1.91638743600015,0.001012321000416705,0.0,1.9173997570005668,RNaseP
RNaseP-a_bacterial-S.marcescens,RNaseP,378,rnafm_faiss_guided_k14_lofo,faiss,1,consensus,0,14,tmRNA|tmRNA|tmRNA|RfamFamily|tmRNA|tmRNA|tmRNA|tmRNA|tmRNA|tmRNA|tmRNA|tmRNA|RfamFamily|tmRNA,0.0,0,0.06542306472774688,0.4909090909090909,0.4909090909090909,0.4909090909090909,1.9133262240002296,0.0014545279991580173,0.0,1.9147807519993876,RNaseP
RNaseP-a_bacterial-T.pallidum,RNaseP,340,rnafm_faiss_guided_k14_lofo,faiss,1,consensus,0,14,group_I_intron|group_I_intron|SRP|tmRNA|tmRNA|group_I_intron|group_I_intron|SRP|SRP|group_I_intron|group_I_intron|group_I_intron|group_I_intron|group_I_intron,0.0,0,0.14594951171548212,0.2222222222222222,0.18867924528301888,0.20408163265306123,1.294305534999694,0.0008919089996197727,0.0,1.2951974439993137,RNaseP
RNaseP-a_bacterial-A.macrocytogenes123,RNaseP,294,rnafm_faiss_guided_k14_lofo,faiss,1,consensus,0,14,tmRNA|tmRNA|tmRNA|tmRNA|tmRNA|tmRNA|tmRNA|tmRNA|tmRNA|tmRNA|tmRNA|tmRNA|tmRNA|tmRNA,0.0,0,0.06899585201822094,0.0684931506849315,0.09090909090909091,0.078125,1.3867398649999814,0.0008824359993013786,0.0,1.3876223009992827,RNaseP
RNaseP-a_bacterial-WA1,RNaseP,294,rnafm_faiss_guided_k14_lofo,faiss,1,consensus,0,14,tmRNA|tmRNA|tmRNA|tmRNA|tmRNA|tmRNA|tmRNA|tmRNA|tmRNA|tmRNA|tmRNA|tmRNA|tmRNA|RfamFamily,0.0,0,0.07330196223168164,0.2222222222222222,0.3076923076923077,0.2580645161290323,1.3297217859999364,0.0008295160005218349,0.0,1.3305513020004582,RNaseP
RNaseP-Anabaena-ATCC29413,RNaseP,385,rnafm_faiss_guided_k14_lofo,faiss,1,consensus,0,14,RfamFamily|RfamFamily|RfamFamily|SRP|SRP|tmRNA|SRP|SRP|SRP|group_I_intron|tmRNA|tmRNA|SRP|tmRNA,0.0,0,0.07816369808470125,0.4957983193277311,0.48760330578512395,0.4916666666666667,1.3026933090004604,0.0008193129997380311,0.0,1.3035126220001985,RNaseP
RNaseP-a_bacterial-UK2,RNaseP,294,rnafm_faiss_guided_k14_lofo,faiss,1,consensus,0,14,tmRNA|tmRNA|tmRNA|tmRNA|tmRNA|tmRNA|tmRNA|tmRNA|tmRNA|tmRNA|tmRNA|tmRNA|tmRNA|tmRNA,0.0,0,0.06959668249953581,0.2328767123287671,0.32075471698113206,0.2698412698412698,1.3265577269994537,0.0008690360000400688,0.0,1.3274267629994938,RNaseP
RNaseP-C.innocuum,RNaseP,308,rnafm_faiss_guided_k14_lofo,faiss,1,consensus,0,14,SRP|SRP|group_I_intron|SRP|group_I_intron|group_I_intron|tmRNA|group_I_intron|group_I_intron|group_I_intron|group_I_intron|group_I_intron|group_I_intron|SRP,0.0,0,0.10819708974781173,0.6923076923076923,0.6136363636363636,0.6506024096385543,1.3352481339998121,0.0008890870003597229,0.0,1.3361372210001718,RNaseP
RNaseP-nuclear-W.fluorescens,RNaseP,232,rnafm_faiss_guided_k14_lofo,faiss,1,consensus,0,14,SRP|SRP|group_I_intron|group_I_intron|group_I_intron|group_I_intron|group_I_intron|group_I_intron|group_I_intron|SRP|group_I_intron|group_I_intron|group_I_intron|group_I_intron,0.0,0,0.7697294895261029,0.9,0.6081081081081081,0.7258064516129032,1.1975132810002833,0.0008247189998655813,0.0,1.198338000000149,RNaseP
RNaseP-a_bacterial-LGW18,RNaseP,351,rnafm_faiss_guided_k14_lofo,faiss,1,consensus,0,14,tmRNA|tmRNA|SRP|group_I_intron|group_I_intron|group_I_intron|tmRNA|tmRNA|group_I_intron|tmRNA|SRP|group_I_intron|group_I_intron|tmRNA,0.0,0,0.11071333375550936,0.6836734693877551,0.6568627450980392,0.67,1.928245584999786,0.0009578970002621645,0.0,1.929203482000048,RNaseP
RNaseP-b_bacterial-M.flocculare,RNaseP,412,rnafm_faiss_guided_k14_lofo,faiss,1,consensus,0,14,group_I_intron|tmRNA|tmRNA|SRP|group_I_intron|group_I_intron|group_I_intron|RfamFamily|group_I_intron|tmRNA|group_I_intron|tmRNA|tmRNA|group_I_intron,0.0,0,0.15518559776353888,0.3898305084745763,0.36507936507936506,0.3770491803278688,2.1412725989994215,0.0009649749999880441,0.0,2.1422375739994095,RNaseP
RNaseP-b_bacterial-B.anthracis,RNaseP,408,rnafm_faiss_guided_k14_lofo,faiss,1,consensus,0,14,tmRNA|RfamFamily|SRP|tmRNA|RfamFamily|SRP|tmRNA|tmRNA|RfamFamily|SRP|SRP|RfamFamily|SRP|SRP,0.0,0,0.09025272601917612,0.40186915887850466,0.39814814814814814,0.4,1.5565922780006076,0.000861839999743097,0.0,1.5574541180003507,RNaseP
RNaseP-a_bacterial-P.stutzeri,RNaseP,294,rnafm_faiss_guided_k14_lofo,faiss,1,consensus,0,14,tmRNA|tmRNA|tmRNA|tmRNA|tmRNA|tmRNA|tmRNA|tmRNA|tmRNA|tmRNA|tmRNA|tmRNA|tmRNA|tmRNA,0.0,0,0.06613742044781998,0.2328767123287671,0.3469387755102041,0.2786885245901639,1.2845489230003295,0.000857177999932901,0.0,1.2854061010002624,RNaseP
RNaseP-a_bacterial-PS8,RNaseP,304,rnafm_faiss_guided_k14_lofo,faiss,1,consensus,0,14,group_I_intron|SRP|SRP|group_I_intron|SRP|tmRNA|group_I_intron|SRP|group_I_intron|group_I_intron|group_I_intron|group_I_intron|group_I_intron|group_I_intron,0.0,0,0.19785342145114823,0.38666666666666666,0.3717948717948718,0.3790849673202614,1.301794265999888,0.0009117159997913404,0.0,1.3027059819996794,RNaseP
RNaseP-a_bacterial-B.thetaiotaomicron,RNaseP,361,rnafm_faiss_guided_k14_lofo,faiss,1,consensus,0,14,RfamFamily|RfamFamily|SRP|SRP|SRP|SRP|tmRNA|RfamFamily|SRP|SRP|SRP|tmRNA|SRP|SRP,0.0,0,0.08551761319536866,0.33980582524271846,0.3645833333333333,0.3517587939698492,1.2959371229999306,0.0008327550003741635,0.0,1.2967698780003047,RNaseP
RNaseP-b_bacterial-M.hyopneumoniae,RNaseP,416,rnafm_faiss_guided_k14_lofo,faiss,1,consensus,0,14,SRP|group_I_intron|tmRNA|tmRNA|group_I_intron|SRP|tmRNA|tmRNA|group_I_intron|RfamFamily|RfamFamily|group_I_intron|tmRNA|group_I_intron,0.0,0,0.14466066830853813,0.6198347107438017,0.5597014925373134,0.588235294117647,1.2932875699998476,0.0009376469997732784,0.0,1.294225216999621,RNaseP
RNaseP-a_bacterial-LGB27,RNaseP,347,rnafm_faiss_guided_k14_lofo,faiss,1,consensus,0,14,SRP|group_I_intron|group_I_intron|SRP|group_I_intron|group_I_intron|group_I_intron|group_I_intron|tmRNA|group_I_intron|group_I_intron|group_I_intron|group_I_intron|group_I_intron,0.0,0,0.16369119087806924,0.5760869565217391,0.6022727272727273,0.5888888888888889,1.4462656249997963,0.0008381289999306318,0.0,1.447103753999727,RNaseP
RNaseP-nuclear-R.norvegicus,RNaseP,257,rnafm_faiss_guided_k14_lofo,faiss,1,consensus,0,14,SRP|SRP|SRP|SRP|SRP|SRP|SRP|SRP|SRP|SRP|SRP|SRP|SRP|SRP,0.0,0,0.15483433746773034,0.21621621621621623,0.1,0.13675213675213677,1.3179300760002661,0.0008525590001227101,0.0,1.3187826350003888,RNaseP
RNaseP-S.caesia-K76T,RNaseP,339,rnafm_faiss_guided_k14_lofo,faiss,1,consensus,0,14,SRP|SRP|RfamFamily|tmRNA|group_I_intron|SRP|SRP|SRP|SRP|tmRNA|tmRNA|RfamFamily|tmRNA|tmRNA,0.0,0,0.08931747651553441,0.44660194174757284,0.42990654205607476,0.43809523809523804,1.8948260839997602,0.0009385550001752563,0.0,1.8957646389999354,RNaseP
RNaseP-b_bacterial-S.gordonii,RNaseP,382,rnafm_faiss_guided_k14_lofo,faiss,1,consensus,0,14,tmRNA|RfamFamily|tmRNA|RfamFamily|SRP|tmRNA|SRP|SRP|group_I_intron|tmRNA|RfamFamily|tmRNA|SRP|tmRNA,0.0,0,0.08096394585522135,0.6666666666666666,0.6181818181818182,0.6415094339622642,1.9185561490003238,0.0009214849997079,0.0,1.9194776340000317,RNaseP
RNaseP-archaea-E1B,RNaseP,252,rnafm_faiss_guided_k14_lofo,faiss,1,consensus,0,14,tmRNA|tmRNA|tmRNA|group_I_intron|group_I_intron|group_I_intron|group_I_intron|group_I_intron|tmRNA|group_I_intron|group_I_intron|group_I_intron|group_I_intron|group_I_intron,0.0,0,0.43110592144058835,0.26,0.22033898305084745,0.23853211009174313,1.553410944999996,0.0008474189999105874,0.0,1.5542583639999066,RNaseP
RNaseP-vHge2,RNaseP,311,rnafm_faiss_guided_k14_lofo,faiss,1,consensus,0,14,tmRNA|RfamFamily|RfamFamily|tmRNA|SRP|RfamFamily|tmRNA|SRP|SRP|tmRNA|SRP|tmRNA|tmRNA|SRP,0.0,0,0.06960710965778728,0.6111111111111112,0.5612244897959183,0.5851063829787235,1.285386481000387,0.0008791410000412725,0.0,1.2862656220004283,RNaseP
RNaseP-LGW116,RNaseP,340,rnafm_faiss_guided_k14_lofo,faiss,1,consensus,0,14,group_I_intron|SRP|SRP|group_I_intron|SRP|tmRNA|group_I_intron|group_I_intron|tmRNA|tmRNA|SRP|group_I_intron|group_I_intron|group_I_intron,0.0,0,0.12176499279117145,0.5384615384615384,0.5384615384615384,0.5384615384615384,1.4031634329994631,0.0008325159997184528,0.0,1.4039959489991816,RNaseP
RNaseP-a_bacterial-SMB-A5,RNaseP,293,rnafm_faiss_guided_k14_lofo,faiss,1,consensus,0,14,group_I_intron|SRP|RfamFamily|group_I_intron|SRP|tmRNA|SRP|group_I_intron|SRP|group_I_intron|tmRNA|tmRNA|RfamFamily|SRP,0.0,0,0.09816710657797777,0.7317073170731707,0.7142857142857143,0.7228915662650603,1.321509765999508,0.0008891079996828921,0.0,1.322398873999191,RNaseP
RNaseP-B.brevis,RNaseP,411,rnafm_faiss_guided_k14_lofo,faiss,1,consensus,0,14,SRP|SRP|RfamFamily|group_I_intron|group_I_intron|group_I_intron|RfamFamily|tmRNA|tmRNA|group_I_intron|group_I_intron|SRP|RfamFamily|tmRNA,0.0,0,0.10019178936013311,0.5793650793650794,0.5748031496062992,0.5770750988142292,1.3458482549995097,0.0008113300000331947,0.0,1.3466595849995429,RNaseP
RNaseP-a_bacterial-CPB147,RNaseP,298,rnafm_faiss_guided_k14_lofo,faiss,1,consensus,0,14,tmRNA|tmRNA|tmRNA|tmRNA|tmRNA|tmRNA|tmRNA|tmRNA|tmRNA|tmRNA|tmRNA|tmRNA|tmRNA|SRP,0.0,0,0.07126120166246912,0.2191780821917808,0.38095238095238093,0.2782608695652174,1.3454796240002906,0.0009736459996929625,0.0,1.3464532699999836,RNaseP
RNaseP-SL2D,RNaseP,293,rnafm_faiss_guided_k14_lofo,faiss,1,consensus,0,14,group_I_intron|group_I_intron|group_I_intron|group_I_intron|group_I_intron|group_I_intron|group_I_intron|group_I_intron|group_I_intron|group_I_intron|group_I_intron|group_I_intron|group_I_intron|group_I_intron,0.0,0,0.7722345628946815,0.5324675324675324,0.5466666666666666,0.5394736842105262,1.323935547000474,0.0009784439998838934,0.0,1.3249139910003578,RNaseP
RNaseP-SMB-B2,RNaseP,334,rnafm_faiss_guided_k14_lofo,faiss,1,consensus,0,14,group_I_intron|group_I_intron|group_I_intron|SRP|group_I_intron|group_I_intron|tmRNA|tmRNA|group_I_intron|SRP|group_I_intron|group_I_intron|group_I_intron|SRP,0.0,0,0.09699450573592884,0.4387755102040816,0.3944954128440367,0.41545893719806765,1.7555426969993277,0.0009525679997750558,0.0,1.7564952649991028,RNaseP
RNaseP-LGA6,RNaseP,344,rnafm_faiss_guided_k14_lofo,faiss,1,consensus,0,14,group_I_intron|group_I_intron|group_I_intron|SRP|group_I_intron|group_I_intron|SRP|tmRNA|tmRNA|SRP|SRP|group_I_intron|tmRNA|tmRNA,0.0,0,0.13014828557417604,0.54,0.5242718446601942,0.5320197044334976,2.0856126159997075,0.0009656339998400654,0.0,2.0865782499995476,RNaseP
RNaseP-a_bacterial-SM-A32(54),RNaseP,335,rnafm_faiss_guided_k14_lofo,faiss,1,consensus,0,14,group_I_intron|group_I_intron|tmRNA|RfamFamily|SRP|tmRNA|group_I_intron|SRP|group_I_intron|tmRNA|tmRNA|SRP|RfamFamily|group_I_intron,0.0,0,0.07710616250745532,0.7411764705882353,0.6774193548387096,0.7078651685393259,1.857563919000313,0.0010273990001223865,0.0,1.8585913180004354,RNaseP
RNaseP-a_bacterial-UK2,RNaseP,294,rnafm_faiss_guided_k14_lofo,faiss,1,consensus,0,14,tmRNA|tmRNA|tmRNA|tmRNA|tmRNA|tmRNA|tmRNA|tmRNA|tmRNA|tmRNA|tmRNA|tmRNA|tmRNA|tmRNA,0.0,0,0.06959668249953581,0.2328767123287671,0.32075471698113206,0.2698412698412698,1.3266684110003553,0.0009007369999380899,0.0,1.3275691480002934,RNaseP
RNaseP-a_bacterial-CPB7776,RNaseP,357,rnafm_faiss_guided_k14_lofo,faiss,1,consensus,0,14,SRP|SRP|group_I_intron|tmRNA|SRP|SRP|group_I_intron|group_I_intron|group_I_intron|group_I_intron|SRP|SRP|SRP|group_I_intron,0.0,0,0.14678116299598357,0.52,0.49523809523809526,0.5073170731707317,1.2993146179996984,0.0008201869995900779,0.0,1.3001348049992885,RNaseP
RNaseP-a_bacterial-A.tumefaciens,RNaseP,402,rnafm_faiss_guided_k14_lofo,faiss,1,consensus,0,14,RfamFamily|tmRNA|RfamFamily|group_I_intron|SRP|SRP|SRP|RfamFamily|SRP|SRP|tmRNA|group_I_intron|tmRNA|tmRNA,0.0,0,0.08334765923139266,0.788135593220339,0.7322834645669292,0.7591836734693878,1.336239012999613,0.0008727940003154799,0.0,1.3371118069999284,RNaseP
RNaseP-a_bacterial-SM-A48(76),RNaseP,289,rnafm_faiss_guided_k14_lofo,faiss,1,consensus,0,14,SRP|RfamFamily|SRP|group_I_intron|group_I_intron|SRP|tmRNA|tmRNA|SRP|SRP|SRP|group_I_intron|SRP|RfamFamily,0.0,0,0.08647334050171977,0.5882352941176471,0.5,0.5405405405405405,1.2942212779998954,0.0008635209997009952,0.0,1.2950847989995964,RNaseP
RNaseP-a_bacterial-M.bovis,RNaseP,422,rnafm_faiss_guided_k14_lofo,faiss,1,consensus,0,14,RfamFamily|group_I_intron|SRP|SRP|group_I_intron|SRP|SRP|SRP|tmRNA|SRP|RfamFamily|SRP|SRP|tmRNA,0.0,0,0.11386044374824375,0.5042016806722689,0.4316546762589928,0.46511627906976744,1.45971306499996,0.0008382850000998587,0.0,1.4605513500000598,RNaseP
RNaseP-H.pylori-26695,RNaseP,316,rnafm_faiss_guided_k14_lofo,faiss,1,consensus,0,14,tmRNA|tmRNA|tmRNA|tmRNA|tmRNA|tmRNA|tmRNA|tmRNA|tmRNA|tmRNA|tmRNA|tmRNA|RfamFamily|tmRNA,0.0,0,0.061444045000393965,0.27956989247311825,0.45614035087719296,0.3466666666666666,1.3232194259999233,0.0008484200006932952,0.0,1.3240678460006166,RNaseP
RNaseP-archaea-ERE,RNaseP,307,rnafm_faiss_guided_k14_lofo,faiss,1,consensus,0,14,group_I_intron|tmRNA|tmRNA|group_I_intron|group_I_intron|SRP|group_I_intron|SRP|group_I_intron|group_I_intron|group_I_intron|group_I_intron|group_I_intron|group_I_intron,0.0,0,0.5329824001701203,0.5584415584415584,0.5375,0.5477707006369427,1.6362540300006003,0.0009123709996856633,0.0,1.637166401000286,RNaseP
RNaseP-S.uvarum,RNaseP,369,rnafm_faiss_guided_k14_lofo,faiss,1,consensus,0,14,group_I_intron|group_I_intron|group_I_intron|SRP|SRP|SRP|group_I_intron|SRP|SRP|group_I_intron|group_I_intron|group_I_intron|group_I_intron|group_I_intron,0.0,0,0.9819053165136141,0.6210526315789474,0.5086206896551724,0.5592417061611374,1.928902010999991,0.0009950399999070214,0.0,1.929897050999898,RNaseP
RNaseP-S.cyanea-K168T,RNaseP,339,rnafm_faiss_guided_k14_lofo,faiss,1,consensus,0,14,SRP|SRP|RfamFamily|tmRNA|group_I_intron|SRP|SRP|SRP|SRP|tmRNA|tmRNA|tmRNA|tmRNA|tmRNA,0.0,0,0.08892707287980225,0.4117647058823529,0.38181818181818183,0.39622641509433965,1.9262551169995277,0.0009996230000979267,0.0,1.9272547399996256,RNaseP
RNaseP-b_bacterial-S.equi-g,RNaseP,395,rnafm_faiss_guided_k14_lofo,faiss,1,consensus,0,14,RfamFamily|SRP|tmRNA|RfamFamily|tmRNA|group_I_intron|RfamFamily|SRP|SRP|SRP|SRP|tmRNA|tmRNA|tmRNA,0.0,0,0.07907524742681027,0.3942307692307692,0.35964912280701755,0.3761467889908257,1.324361725000017,0.0008349400004590279,0.0,1.325196665000476,RNaseP
RNaseP-a_bacterial-N.plantarum,RNaseP,307,rnafm_faiss_guided_k14_lofo,faiss,1,consensus,0,14,RfamFamily|SRP|SRP|group_I_intron|tmRNA|group_I_intron|tmRNA|SRP|SRP|SRP|SRP|SRP|group_I_intron|SRP,0.0,0,0.10294728310058836,0.6710526315789473,0.5483870967741935,0.6035502958579881,1.459063619000517,0.000880208999660681,0.0,1.4599438280001777,RNaseP
RNaseP-F.antarctica,RNaseP,312,rnafm_faiss_guided_k14_lofo,faiss,1,consensus,0,14,SRP|RfamFamily|SRP|tmRNA|group_I_intron|tmRNA|SRP|group_I_intron|SRP|SRP|SRP|SRP|group_I_intron|SRP,0.0,0,0.1022094477420259,0.6195652173913043,0.5643564356435643,0.5906735751295336,1.2649298699998326,0.0008461500001430977,0.0,1.2657760199999757,RNaseP
RNaseP-E.eschsholtzii,RNaseP,317,rnafm_faiss_guided_k14_lofo,faiss,1,consensus,0,14,SRP|SRP|SRP|SRP|SRP|SRP|SRP|SRP|SRP|SRP|group_I_intron|group_I_intron|group_I_intron|SRP,0.0,0,0.275122274039434,0.35185185185185186,0.18446601941747573,0.24203821656050953,1.2602656529998058,0.000948232000155258,0.0,1.261213884999961,RNaseP
RNaseP-a_bacterial-P.acanthamoebae,RNaseP,306,rnafm_faiss_guided_k14_lofo,faiss,1,consensus,0,14,group_I_intron|group_I_intron|group_I_intron|group_I_intron|group_I_intron|group_I_intron|group_I_intron|group_I_intron|SRP|group_I_intron|group_I_intron|group_I_intron|group_I_intron|group_I_intron,0.0,0,0.30038665336900156,0.7794117647058824,0.6385542168674698,0.7019867549668874,1.3090522070006045,0.0008567449995098286,0.0,1.3099089520001144,RNaseP
RNaseP-P.alcalifaciens,RNaseP,301,rnafm_faiss_guided_k14_lofo,faiss,1,consensus,0,14,tmRNA|tmRNA|tmRNA|RfamFamily|tmRNA|tmRNA|tmRNA|tmRNA|RfamFamily|tmRNA|tmRNA|tmRNA|tmRNA|RfamFamily,0.0,0,0.06719132933971132,0.13793103448275862,0.16666666666666666,0.1509433962264151,1.3176394629999777,0.0008679000002302928,0.0,1.318507363000208,RNaseP
RNaseP-a_bacterial-T.album,RNaseP,332,rnafm_faiss_guided_k14_lofo,faiss,1,consensus,0,14,group_I_intron|group_I_intron|group_I_intron|tmRNA|SRP|SRP|SRP|group_I_intron|group_I_intron|tmRNA|SRP|group_I_intron|group_I_intron|group_I_intron,0.0,0,0.12814571982141593,0.6705882352941176,0.59375,0.6298342541436465,1.468151424000098,0.0009998519999498967,0.0,1.4691512760000478,RNaseP
RNaseP-UK5,RNaseP,294,rnafm_faiss_guided_k14_lofo,faiss,1,consensus,0,14,tmRNA|tmRNA|tmRNA|tmRNA|tmRNA|tmRNA|tmRNA|tmRNA|tmRNA|RfamFamily|tmRNA|tmRNA|tmRNA|tmRNA,0.0,0,0.06429973114041797,0.24705882352941178,0.29577464788732394,0.2692307692307692,2.1312927129993113,0.0010559530001046369,0.0,2.132348665999416,RNaseP
RNaseP-vertibrate_nuclear-P.pygmaeus,RNaseP,320,rnafm_faiss_guided_k14_lofo,faiss,1,consensus,0,14,SRP|SRP|SRP|SRP|SRP|SRP|SRP|SRP|SRP|SRP|SRP|SRP|SRP|SRP,0.0,0,0.16902863929202963,0.47058823529411764,0.25,0.32653061224489793,1.940964788999736,0.0009367329994347529,0.0,1.9419015219991707,RNaseP
RNaseP-a_bacterial-C.psittaci-2,RNaseP,332,rnafm_faiss_guided_k14_lofo,faiss,1,consensus,0,14,group_I_intron|group_I_intron|group_I_intron|tmRNA|group_I_intron|group_I_intron|group_I_intron|group_I_intron|group_I_intron|group_I_intron|group_I_intron|group_I_intron|RfamFamily|group_I_intron,0.0,0,0.5839331139877196,0.6413043478260869,0.5728155339805825,0.6051282051282051,1.4979403239995008,0.0008660289995532366,0.0,1.498806352999054,RNaseP
RNaseP-vertibrate_nuclear-Onchorhynchus-sp-1,RNaseP,299,rnafm_faiss_guided_k14_lofo,faiss,1,consensus,0,14,SRP|SRP|tmRNA|tmRNA|SRP|group_I_intron|group_I_intron|RfamFamily|group_I_intron|group_I_intron|SRP|group_I_intron|tmRNA|SRP,0.0,0,0.31445957604277514,0.11363636363636363,0.06944444444444445,0.08620689655172414,1.3231812680005532,0.0008143229997585877,0.0,1.3239955910003118,RNaseP
RNaseP-a_bacterial-ESH167F,RNaseP,278,rnafm_faiss_guided_k14_lofo,faiss,1,consensus,0,14,tmRNA|group_I_intron|SRP|tmRNA|RfamFamily|group_I_intron|SRP|group_I_intron|SRP|SRP|SRP|SRP|group_I_intron|group_I_intron,0.0,0,0.17162589251963387,0.5625,0.48,0.5179856115107914,1.3080050100006702,0.0008528159996785689,0.0,1.3088578260003487,RNaseP
RNaseP-nuclear-S.castellii,RNaseP,354,rnafm_faiss_guided_k14_lofo,faiss,1,consensus,0,14,SRP|group_I_intron|tmRNA|group_I_intron|group_I_intron|RfamFamily|RfamFamily|SRP|group_I_intron|group_I_intron|group_I_intron|RfamFamily|tmRNA|tmRNA,0.0,0,0.6982188930904641,0.8552631578947368,0.5701754385964912,0.6842105263157894,1.3100217020000855,0.0008262669998657657,0.0,1.3108479689999513,RNaseP
RfamFamily_CP000721.1/2204674-2204778,RfamFamily,105,rnafm_faiss_guided_k14_lofo,faiss,1,consensus,0,14,SRP|SRP|SRP|SRP|SRP|tmRNA|SRP|RNaseP|tmRNA|SRP|SRP|SRP|tmRNA|tmRNA,0.0,0,0.1537331706166498,0.0,0.0,0.0,0.544033453999873,0.0007648629998584511,0.0,0.5447983169997315,RfamFamily
RfamFamily_CM001240.1/6241145-6240902,RfamFamily,244,rnafm_faiss_guided_k14_lofo,faiss,1,consensus,0,14,group_I_intron|group_I_intron|group_I_intron|tmRNA|group_I_intron|group_I_intron|group_I_intron|group_I_intron|RNaseP|group_I_intron|group_I_intron|group_I_intron|group_I_intron|group_I_intron,0.0,0,0.5438802600914938,0.0,0.0,0.0,1.406597655999576,0.0008484290001433692,0.0,1.4074460849997195,RfamFamily
RfamFamily_URS0000D6B057_12908/1-35,RfamFamily,35,rnafm_faiss_guided_k14_lofo,faiss,1,consensus,0,14,SRP|SRP|SRP|SRP|SRP|SRP|SRP|SRP|SRP|SRP|SRP|SRP|SRP|SRP,0.0,0,0.11894083778883481,0.0,0.0,0.0,0.24810830800015538,0.000910656999622006,0.0,0.24901896499977738,RfamFamily
RfamFamily_ABGV01001023.1/2243-2016,RfamFamily,228,rnafm_faiss_guided_k14_lofo,faiss,1,consensus,0,14,group_I_intron|RNaseP|RNaseP|group_I_intron|SRP|group_I_intron|group_I_intron|RNaseP|RNaseP|group_I_intron|group_I_intron|RNaseP|RNaseP|tmRNA,0.0,0,0.3658568608346299,0.0,0.0,0.0,1.166300923999188,0.0008397860001423396,0.0,1.1671407099993303,RfamFamily
RfamFamily_CP001720.1/3486549-3486413,RfamFamily,137,rnafm_faiss_guided_k14_lofo,faiss,1,consensus,0,14,group_I_intron|group_I_intron|group_I_intron|group_I_intron|SRP|SRP|group_I_intron|group_I_intron|group_I_intron|SRP|group_I_intron|group_I_intron|group_I_intron|group_I_intron,0.0,0,0.650855063573247,0.0,0.0,0.0,0.7454708859995662,0.0007936010006233118,0.0,0.7462644870001895,RfamFamily
RfamFamily_URS000075B7B3_7029/1-60,RfamFamily,60,rnafm_faiss_guided_k14_lofo,faiss,1,consensus,0,14,SRP|SRP|SRP|SRP|SRP|SRP|group_I_intron|group_I_intron|group_I_intron|tmRNA|RNaseP|RNaseP|RNaseP|group_I_intron,0.0,0,0.21357037668382792,0.0,0.0,0.0,0.37594567499945697,0.0010733029994298704,0.0,0.37701897799888684,RfamFamily
RfamFamily_AC136964.2/84202-84308,RfamFamily,107,rnafm_faiss_guided_k14_lofo,faiss,1,consensus,0,14,tRNA|tRNA|tRNA|5S_rRNA|5S_rRNA|tRNA|tRNA|tRNA|5S_rRNA|tRNA|tRNA|5S_rRNA|5S_rRNA|5S_rRNA,0.0,0,0.13622536805097046,0.0,0.0,0.0,0.9208968549992278,0.0009996230000979267,0.0,0.9218964779993257,RfamFamily
RfamFamily_CP000685.1/4418055-4417884,RfamFamily,172,rnafm_faiss_guided_k14_lofo,faiss,1,consensus,0,14,SRP|SRP|SRP|SRP|SRP|group_I_intron|SRP|SRP|SRP|SRP|SRP|SRP|SRP|SRP,0.0,0,0.16806908140379678,0.0,0.0,0.0,1.3147390559997802,0.0010020670006269938,0.0,1.3157411230004072,RfamFamily
RfamFamily_AACY020489887.1/2667-2558,RfamFamily,110,rnafm_faiss_guided_k14_lofo,faiss,1,consensus,0,14,SRP|SRP|SRP|SRP|SRP|SRP|SRP|SRP|SRP|SRP|SRP|SRP|SRP|tmRNA,0.0,0,0.11441196429689672,0.0,0.0,0.0,0.8846364450000692,0.000934857999709493,0.0,0.8855713029997787,RfamFamily
RfamFamily_ACIY01000540.1/8689-8897,RfamFamily,209,rnafm_faiss_guided_k14_lofo,faiss,1,consensus,0,14,group_I_intron|group_I_intron|group_I_intron|group_I_intron|group_I_intron|group_I_intron|group_I_intron|group_I_intron|group_I_intron|group_I_intron|group_I_intron|RNaseP|RNaseP|RNaseP,0.0,0,0.7927889681321599,0.0,0.0,0.0,1.5624710409992986,0.0010269530002915417,0.0,1.56349799399959,RfamFamily
RfamFamily_NC_027685.1/71817-71722,RfamFamily,96,rnafm_faiss_guided_k14_lofo,faiss,1,consensus,0,14,SRP|SRP|SRP|SRP|SRP|SRP|tmRNA|RNaseP|group_I_intron|group_I_intron|group_I_intron|tmRNA|group_I_intron|RNaseP,0.0,0,0.3009496758163012,0.0,0.0,0.0,0.6259243700005754,0.0008472099998471094,0.0,0.6267715800004225,RfamFamily
RfamFamily_NC_038088.1/147454-147515,RfamFamily,62,rnafm_faiss_guided_k14_lofo,faiss,1,consensus,0,14,SRP|SRP|SRP|SRP|SRP|SRP|SRP|SRP|tmRNA|SRP|SRP|SRP|SRP|RNaseP,0.0,0,0.17744841444898188,0.0,0.0,0.0,0.34798780599976453,0.0008211759995901957,0.0,0.34880898199935473,RfamFamily
RfamFamily_URS0000D565C6_135651/1-67,RfamFamily,67,rnafm_faiss_guided_k14_lofo,faiss,1,consensus,0,14,SRP|SRP|SRP|SRP|SRP|SRP|tmRNA|SRP|SRP|RNaseP|RNaseP|RNaseP|tmRNA|tmRNA,0.0,0,0.21250313303500795,0.0,0.0,0.0,0.41201248899960774,0.000815957000668277,0.0,0.412828446000276,RfamFamily
RfamFamily_CP001616.1/2621241-2621160,RfamFamily,82,rnafm_faiss_guided_k14_lofo,faiss,1,consensus,0,14,SRP|SRP|group_I_intron|SRP|SRP|SRP|SRP|group_I_intron|SRP|SRP|group_I_intron|group_I_intron|group_I_intron|group_I_intron,0.0,0,0.3208486336307539,0.0,0.0,0.0,0.4533045330008463,0.0008451749999949243,0.0,0.4541497080008412,RfamFamily
RfamFamily_AP008230.1/3094247-3094066,RfamFamily,182,rnafm_faiss_guided_k14_lofo,faiss,1,consensus,0,14,SRP|RNaseP|SRP|SRP|group_I_intron|SRP|group_I_intron|RNaseP|RNaseP|group_I_intron|group_I_intron|group_I_intron|group_I_intron|group_I_intron,0.0,0,0.14716575713276825,0.0,0.0,0.0,0.9565987900004984,0.0009881439991659136,0.0,0.9575869339996643,RfamFamily
RfamFamily_URS0000D6C6A4_12908/1-80,RfamFamily,80,rnafm_faiss_guided_k14_lofo,faiss,1,consensus,0,14,group_I_intron|SRP|group_I_intron|SRP|SRP|SRP|group_I_intron|group_I_intron|group_I_intron|group_I_intron|group_I_intron|group_I_intron|group_I_intron|SRP,0.0,0,0.39601493002640226,0.0,0.0,0.0,0.4629169190002358,0.0008513519996995456,0.0,0.46376827099993534,RfamFamily
RfamFamily_AJ247116.1/133-53,RfamFamily,81,rnafm_faiss_guided_k14_lofo,faiss,1,consensus,0,14,SRP|SRP|SRP|SRP|SRP|SRP|SRP|SRP|group_I_intron|group_I_intron|SRP|SRP|group_I_intron|SRP,0.0,0,0.4185229305973085,0.0,0.0,0.0,0.4659842220007704,0.000842000999909942,0.0,0.46682622300068033,RfamFamily
RfamFamily_URS0000D67EB6_12908/1-59,RfamFamily,59,rnafm_faiss_guided_k14_lofo,faiss,1,consensus,0,14,SRP|SRP|SRP|SRP|SRP|SRP|SRP|SRP|SRP|SRP|SRP|RNaseP|SRP|SRP,0.0,0,0.20891199446698752,0.0,0.0,0.0,0.3488143200002014,0.0009241530005965615,0.0,0.34973847300079797,RfamFamily
RfamFamily_URS0000D66745_12908/1-120,RfamFamily,120,rnafm_faiss_guided_k14_lofo,faiss,1,consensus,0,14,SRP|SRP|group_I_intron|group_I_intron|SRP|SRP|SRP|group_I_intron|SRP|group_I_intron|group_I_intron|SRP|group_I_intron|SRP,0.0,0,0.28319142196708047,0.0,0.0,0.0,0.6754391679996843,0.0008483009996780311,0.0,0.6762874689993623,RfamFamily
RfamFamily_URS0000D69A1F_12908/1-130,RfamFamily,130,rnafm_faiss_guided_k14_lofo,faiss,1,consensus,0,14,SRP|SRP|SRP|SRP|group_I_intron|SRP|SRP|group_I_intron|RNaseP|RNaseP|RNaseP|group_I_intron|SRP|SRP,0.0,0,0.3602906058629977,0.0,0.0,0.0,0.7135743270000603,0.0008120200000121258,0.0,0.7143863470000724,RfamFamily
RfamFamily_URS0000D6C842_12908/1-108,RfamFamily,108,rnafm_faiss_guided_k14_lofo,faiss,1,consensus,0,14,SRP|SRP|SRP|group_I_intron|group_I_intron|group_I_intron|group_I_intron|group_I_intron|group_I_intron|group_I_intron|group_I_intron|RNaseP|group_I_intron|group_I_intron,0.0,0,0.4557206237640155,0.0,0.0,0.0,0.6059332609993362,0.0008520900000803522,0.0,0.6067853509994166,RfamFamily
RfamFamily_NC_031370.1/67054-66934,RfamFamily,121,rnafm_faiss_guided_k14_lofo,faiss,1,consensus,0,14,SRP|SRP|SRP|RNaseP|RNaseP|RNaseP|RNaseP|SRP|SRP|SRP|group_I_intron|SRP|SRP|group_I_intron,0.0,0,0.42539957302316617,0.0,0.0,0.0,0.6951833819994135,0.0008317480005644029,0.0,0.6960151299999779,RfamFamily
RfamFamily_CP002040.1/5022556-5022415,RfamFamily,142,rnafm_faiss_guided_k14_lofo,faiss,1,consensus,0,14,SRP|SRP|SRP|SRP|SRP|SRP|SRP|SRP|SRP|SRP|SRP|SRP|group_I_intron|RNaseP,0.0,0,0.13228789976606842,0.0,0.0,0.0,0.8947316699996009,0.0008625109994682134,0.0,0.8955941809990691,RfamFamily
RfamFamily_URS0000D686DE_6183/1-71,RfamFamily,71,rnafm_faiss_guided_k14_lofo,faiss,1,consensus,0,14,SRP|SRP|SRP|SRP|SRP|SRP|SRP|SRP|SRP|SRP|SRP|SRP|SRP|5S_rRNA,0.0,0,0.1710246075750415,0.0,0.0,0.0,0.42472156599978916,0.0008413019995714421,0.0,0.4255628679993606,RfamFamily
RfamFamily_AAIZ01005649.1/2104-2174,RfamFamily,71,rnafm_faiss_guided_k14_lofo,faiss,1,consensus,0,14,RNaseP|SRP|tmRNA|SRP|SRP|SRP|group_I_intron|RNaseP|SRP|RNaseP|SRP|group_I_intron|group_I_intron|SRP,0.0,0,0.3148555650562653,0.0,0.0,0.0,0.4200300190004782,0.0008734829998502391,0.0,0.42090350200032844,RfamFamily
RfamFamily_NZ_FDEZ01000019.1/21331-21536,RfamFamily,206,rnafm_faiss_guided_k14_lofo,faiss,1,consensus,0,14,group_I_intron|group_I_intron|group_I_intron|group_I_intron|tmRNA|group_I_intron|group_I_intron|tmRNA|tmRNA|group_I_intron|group_I_intron|group_I_intron|group_I_intron|group_I_intron,0.0,0,0.42840687664654237,0.0,0.0,0.0,1.0395459609999307,0.0008767389999775332,0.0,1.0404226999999082,RfamFamily
RfamFamily_NC_039350.1/69142-69041,RfamFamily,102,rnafm_faiss_guided_k14_lofo,faiss,1,consensus,0,14,SRP|SRP|tmRNA|tmRNA|group_I_intron|tmRNA|SRP|group_I_intron|group_I_intron|group_I_intron|group_I_intron|SRP|group_I_intron|RNaseP,0.0,0,0.36430288628410257,0.0,0.0,0.0,0.5125421170005211,0.00083160099984525,0.0,0.5133737180003664,RfamFamily
RfamFamily_URS0000D6BBB9_1128398/1-72,RfamFamily,72,rnafm_faiss_guided_k14_lofo,faiss,1,consensus,0,14,SRP|SRP|SRP|SRP|SRP|SRP|SRP|SRP|SRP|SRP|SRP|SRP|SRP|SRP,0.0,0,0.10239687423507668,0.0,0.0,0.0,0.5832391739995728,0.0009933999999702792,0.0,0.5842325739995431,RfamFamily
RfamFamily_NC_030540.1/62811-62690,RfamFamily,122,rnafm_faiss_guided_k14_lofo,faiss,1,consensus,0,14,SRP|SRP|SRP|RNaseP|SRP|SRP|RNaseP|SRP|SRP|SRP|SRP|SRP|SRP|SRP,0.0,0,0.3453055402255757,0.0,0.0,0.0,0.9808638100003009,0.0009241409998139716,0.0,0.9817879510001148,RfamFamily
RfamFamily_AJ132198.1/1-116,RfamFamily,116,rnafm_faiss_guided_k14_lofo,faiss,1,consensus,0,14,5S_rRNA|5S_rRNA|5S_rRNA|5S_rRNA|5S_rRNA|5S_rRNA|5S_rRNA|5S_rRNA|5S_rRNA|5S_rRNA|5S_rRNA|5S_rRNA|5S_rRNA|5S_rRNA,0.0,0,0.45379699518861655,0.0,0.0,0.0,0.9276218559998597,0.0009389730003022123,0.0,0.9285608290001619,RfamFamily
RfamFamily_AACY020081738.1/987-1054,RfamFamily,68,rnafm_faiss_guided_k14_lofo,faiss,1,consensus,0,14,SRP|SRP|SRP|SRP|tRNA|SRP|SRP|tmRNA|tmRNA|SRP|SRP|SRP|SRP|RNaseP,0.0,0,0.11619810851537116,0.0,0.0,0.0,0.5671831780000502,0.0009335919994555297,0.0,0.5681167699995058,RfamFamily
RfamFamily_URS0000D6CFF9_1144319/1-64,RfamFamily,64,rnafm_faiss_guided_k14_lofo,faiss,1,consensus,0,14,SRP|SRP|SRP|RNaseP|group_I_intron|group_I_intron|group_I_intron|SRP|RNaseP|RNaseP|RNaseP|RNaseP|group_I_intron|group_I_intron,0.0,0,0.3900624101658647,0.0,0.0,0.0,0.5455730169996968,0.0008968359998107189,0.0,0.5464698529995076,RfamFamily
RfamFamily_AACY020555885.1/2520-2467,RfamFamily,54,rnafm_faiss_guided_k14_lofo,faiss,1,consensus,0,14,SRP|SRP|SRP|SRP|SRP|SRP|SRP|SRP|SRP|SRP|SRP|SRP|SRP|SRP,0.0,0,0.1000673678037952,0.0,0.0,0.0,0.47071543999936694,0.0009395890001542284,0.0,0.47165502899952116,RfamFamily
RfamFamily_CP000653.1/651194-651270,RfamFamily,77,rnafm_faiss_guided_k14_lofo,faiss,1,consensus,0,14,SRP|SRP|SRP|SRP|SRP|RNaseP|RNaseP|RNaseP|group_I_intron|RNaseP|SRP|group_I_intron|group_I_intron|group_I_intron,0.0,0,0.3464493583310964,0.0,0.0,0.0,0.6254942420000589,0.003172870000526018,0.0,0.6286671120005849,RfamFamily
RfamFamily_AC068900.3/7333-7404,RfamFamily,72,rnafm_faiss_guided_k14_lofo,faiss,1,consensus,0,14,tRNA|tRNA|tRNA|tRNA|tRNA|tRNA|tRNA|tRNA|tRNA|tRNA|tRNA|tRNA|tRNA|tRNA,0.0,0,0.4062482900225862,0.0,0.0,0.0,0.5856338019993927,0.0009480160006205551,0.0,0.5865818180000133,RfamFamily
RfamFamily_URS0000D6C6A0_12908/1-47,RfamFamily,47,rnafm_faiss_guided_k14_lofo,faiss,1,consensus,0,14,SRP|group_I_intron|group_I_intron|SRP|SRP|SRP|group_I_intron|SRP|SRP|group_I_intron|SRP|SRP|group_I_intron|group_I_intron,0.0,0,0.3254376079745707,0.0,0.0,0.0,0.3160955710000053,0.0008275789996332605,0.0,0.31692314999963855,RfamFamily
RfamFamily_URS0000D69819_12908/1-91,RfamFamily,91,rnafm_faiss_guided_k14_lofo,faiss,1,consensus,0,14,SRP|SRP|SRP|SRP|SRP|SRP|SRP|SRP|SRP|SRP|SRP|SRP|SRP|tmRNA,0.0,0,0.13711611953703146,0.0,0.0,0.0,0.49631006399977196,0.0009027339992826455,0.0,0.4972127979990546,RfamFamily
RfamFamily_CP000762.1/37633-37699,RfamFamily,67,rnafm_faiss_guided_k14_lofo,faiss,1,consensus,0,14,SRP|SRP|RNaseP|SRP|SRP|SRP|SRP|SRP|SRP|RNaseP|SRP|RNaseP|RNaseP|RNaseP,0.0,0,0.34593385333496224,0.0,0.0,0.0,0.3830935670002873,0.0008492380002280697,0.0,0.38394280500051536,RfamFamily
RfamFamily_AACY024040712.1/28-108,RfamFamily,81,rnafm_faiss_guided_k14_lofo,faiss,1,consensus,0,14,SRP|SRP|SRP|SRP|SRP|SRP|SRP|SRP|SRP|SRP|SRP|SRP|RNaseP|SRP,0.0,0,0.2809810645210868,0.0,0.0,0.0,0.45422682099979284,0.0008248960002674721,0.0,0.4550517170000603,RfamFamily
RfamFamily_URS0001A233CB_1410649/1-57,RfamFamily,57,rnafm_faiss_guided_k14_lofo,faiss,1,consensus,0,14,SRP|RNaseP|SRP|SRP|SRP|RNaseP|group_I_intron|SRP|group_I_intron|group_I_intron|group_I_intron|group_I_intron|SRP|group_I_intron,0.0,0,0.4759686481986814,0.0,0.0,0.0,0.3537288389998139,0.0008299479995912407,0.0,0.35455878699940513,RfamFamily
RfamFamily_URS0000D667DA_12908/1-40,RfamFamily,40,rnafm_faiss_guided_k14_lofo,faiss,1,consensus,0,14,SRP|SRP|SRP|SRP|SRP|SRP|SRP|SRP|SRP|SRP|SRP|SRP|SRP|SRP,0.0,0,0.12935573663926106,0.0,0.0,0.0,0.2660263320003651,0.0008885890001693042,0.0,0.2669149210005344,RfamFamily
RfamFamily_AAIY01141103.1/124-267,RfamFamily,144,rnafm_faiss_guided_k14_lofo,faiss,1,consensus,0,14,SRP|SRP|SRP|SRP|SRP|SRP|SRP|SRP|SRP|RNaseP|RNaseP|RNaseP|SRP|SRP,0.0,0,0.107023349673723,0.0,0.0,0.0,0.7861114180004733,0.0009413110001332825,0.0,0.7870527290006066,RfamFamily
RfamFamily_V00677.1/264-332,RfamFamily,69,rnafm_faiss_guided_k14_lofo,faiss,1,consensus,0,14,tRNA|tRNA|tRNA|tRNA|tRNA|tRNA|tRNA|tRNA|tRNA|tRNA|tRNA|tRNA|tRNA|tRNA,0.0,0,0.13079674594077625,0.0,0.0,0.0,0.45028698700025416,0.0007977599998412188,0.0,0.4510847470000954,RfamFamily
RfamFamily_ABVD01019942.1/296-352,RfamFamily,57,rnafm_faiss_guided_k14_lofo,faiss,1,consensus,0,14,group_I_intron|group_I_intron|group_I_intron|SRP|SRP|SRP|group_I_intron|group_I_intron|SRP|SRP|group_I_intron|group_I_intron|SRP|SRP,0.0,0,0.4354131475825639,0.0,0.0,0.0,0.37076053300006606,0.0008827609999570996,0.0,0.37164329400002316,RfamFamily
RfamFamily_URS0000D69BB2_62928/1-69,RfamFamily,69,rnafm_faiss_guided_k14_lofo,faiss,1,consensus,0,14,SRP|SRP|SRP|SRP|SRP|SRP|SRP|SRP|SRP|SRP|SRP|SRP|SRP|SRP,0.0,0,0.22251658905288774,0.0,0.0,0.0,0.39416283199989266,0.000832229000479856,0.0,0.3949950610003725,RfamFamily
RfamFamily_URS0000D67B5D_1262778/1-52,RfamFamily,52,rnafm_faiss_guided_k14_lofo,faiss,1,consensus,0,14,SRP|SRP|SRP|SRP|SRP|SRP|SRP|SRP|SRP|SRP|SRP|SRP|SRP|SRP,0.0,0,0.13677199045866334,0.0,0.0,0.0,0.3011080439991929,0.0009091000001717475,0.0,0.30201714399936463,RfamFamily
RfamFamily_GQ418834.1/83-169,RfamFamily,87,rnafm_faiss_guided_k14_lofo,faiss,1,consensus,0,14,SRP|SRP|SRP|SRP|SRP|SRP|SRP|SRP|SRP|tmRNA|SRP|tmRNA|tmRNA|SRP,0.0,0,0.17953654382896128,0.0,0.0,0.0,0.4699567580000803,0.0008652100004837848,0.0,0.4708219680005641,RfamFamily
RfamFamily_NC_041495.1/41655-41604,RfamFamily,52,rnafm_faiss_guided_k14_lofo,faiss,1,consensus,0,14,SRP|SRP|SRP|SRP|SRP|SRP|group_I_intron|SRP|tmRNA|SRP|SRP|SRP|SRP|SRP,0.0,0,0.15916639960102705,0.0,0.0,0.0,0.3089989930003867,0.0008495579995724256,0.0,0.3098485509999591,RfamFamily
RfamFamily_U32378.1/5114-5169,RfamFamily,56,rnafm_faiss_guided_k14_lofo,faiss,1,consensus,0,14,SRP|SRP|SRP|SRP|group_I_intron|SRP|SRP|SRP|group_I_intron|group_I_intron|SRP|group_I_intron|group_I_intron|group_I_intron,0.0,0,0.31706993263603217,0.0,0.0,0.0,0.346592265000254,0.0008128399995257496,0.0,0.3474051049997797,RfamFamily
RfamFamily_URS0000D6C204_12908/1-211,RfamFamily,211,rnafm_faiss_guided_k14_lofo,faiss,1,consensus,0,14,SRP|SRP|SRP|SRP|SRP|SRP|SRP|SRP|SRP|SRP|SRP|SRP|SRP|RNaseP,0.0,0,0.1670380196539187,0.0,0.0,0.0,1.0969241969996801,0.0008398330001000431,0.0,1.0977640299997802,RfamFamily
RfamFamily_URS0001A238BD_12908/1-76,RfamFamily,76,rnafm_faiss_guided_k14_lofo,faiss,1,consensus,0,14,SRP|SRP|SRP|SRP|SRP|SRP|SRP|SRP|group_I_intron|group_I_intron|group_I_intron|group_I_intron|SRP|group_I_intron,0.0,0,0.39605494174085587,0.0,0.0,0.0,0.4185024190001059,0.0008173590003934805,0.0,0.41931977800049935,RfamFamily
RfamFamily_AAIY01323892.1/583-511,RfamFamily,73,rnafm_faiss_guided_k14_lofo,faiss,1,consensus,0,14,SRP|group_I_intron|tmRNA|RNaseP|RNaseP|group_I_intron|group_I_intron|group_I_intron|RNaseP|RNaseP|group_I_intron|SRP|SRP|RNaseP,0.0,0,0.2785366312226933,0.0,0.0,0.0,0.41152559100009967,0.0015428000006068032,0.0,0.41306839100070647,RfamFamily
RfamFamily_CP000614.1/2842482-2842648,RfamFamily,167,rnafm_faiss_guided_k14_lofo,faiss,1,consensus,0,14,tmRNA|tmRNA|SRP|SRP|SRP|RNaseP|group_I_intron|group_I_intron|SRP|SRP|SRP|group_I_intron|tmRNA|group_I_intron,0.0,0,0.26278651046582235,0.0,0.0,0.0,0.8643550129991127,0.0008214649997171364,0.0,0.8651764779988298,RfamFamily
RfamFamily_URS0000D6BDD7_12908/1-134,RfamFamily,134,rnafm_faiss_guided_k14_lofo,faiss,1,consensus,0,14,SRP|SRP|SRP|SRP|SRP|SRP|SRP|group_I_intron|group_I_intron|SRP|SRP|group_I_intron|RNaseP|RNaseP,0.0,0,0.35716264331580516,0.0,0.0,0.0,0.721702309999273,0.0008324120008182945,0.0,0.7225347220000913,RfamFamily
RfamFamily_NC_044846.1/437-378,RfamFamily,60,rnafm_faiss_guided_k14_lofo,faiss,1,consensus,0,14,SRP|tmRNA|group_I_intron|SRP|SRP|group_I_intron|group_I_intron|group_I_intron|tmRNA|SRP|group_I_intron|group_I_intron|group_I_intron|RNaseP,0.0,0,0.21675783199211932,0.0,0.0,0.0,0.34597212500011665,0.0008572940005251439,0.0,0.3468294190006418,RfamFamily
RfamFamily_AASG02000279.1/67999-67862,RfamFamily,138,rnafm_faiss_guided_k14_lofo,faiss,1,consensus,0,14,SRP|SRP|SRP|SRP|SRP|SRP|SRP|tmRNA|SRP|SRP|RNaseP|SRP|tmRNA|SRP,0.0,0,0.18417888284201775,0.0,0.0,0.0,0.9600568670002758,0.0009191440003633033,0.0,0.9609760110006391,RfamFamily
RfamFamily_URS0001A2387D_1290393/1-51,RfamFamily,51,rnafm_faiss_guided_k14_lofo,faiss,1,consensus,0,14,SRP|SRP|SRP|SRP|SRP|SRP|SRP|SRP|group_I_intron|SRP|SRP|group_I_intron|SRP|group_I_intron,0.0,0,0.2758029379584127,0.0,0.0,0.0,0.47623255800044717,0.0009058680007001385,0.0,0.4771384260011473,RfamFamily
RfamFamily_URS0001A23C23_1123284/1-35,RfamFamily,35,rnafm_faiss_guided_k14_lofo,faiss,1,consensus,0,14,SRP|SRP|SRP|SRP|SRP|SRP|SRP|SRP|SRP|SRP|SRP|SRP|SRP|SRP,0.0,0,0.17792931994801178,0.0,0.0,0.0,0.3470535389997167,0.0009286759996030014,0.0,0.3479822149993197,RfamFamily
RfamFamily_NC_041530.1/68132-68008,RfamFamily,125,rnafm_faiss_guided_k14_lofo,faiss,1,consensus,0,14,SRP|SRP|SRP|SRP|SRP|SRP|SRP|group_I_intron|group_I_intron|group_I_intron|tmRNA|group_I_intron|RNaseP|RNaseP,0.0,0,0.2926568983245588,0.0,0.0,0.0,1.0969818189996658,0.0011756169997170218,0.0,1.0981574359993829,RfamFamily
RfamFamily_URS0001A23A01_12908/1-38,RfamFamily,38,rnafm_faiss_guided_k14_lofo,faiss,1,consensus,0,14,RNaseP|SRP|SRP|SRP|RNaseP|SRP|SRP|SRP|group_I_intron|tmRNA|SRP|RNaseP|SRP|RNaseP,0.0,0,0.3003806744598866,0.0,0.0,0.0,0.4109557270003279,0.0009412649997102562,0.0,0.41189699200003815,RfamFamily
RfamFamily_URS0000D6A1F5_12908/1-220,RfamFamily,220,rnafm_faiss_guided_k14_lofo,faiss,1,consensus,0,14,group_I_intron|group_I_intron|group_I_intron|group_I_intron|RNaseP|tmRNA|group_I_intron|SRP|group_I_intron|group_I_intron|group_I_intron|group_I_intron|group_I_intron|tmRNA,0.0,0,0.46965412653116145,0.0,0.0,0.0,1.6991326769993975,0.0009849560001384816,0.0,1.700117632999536,RfamFamily
RfamFamily_ABEU01004381.1/198994-198909,RfamFamily,86,rnafm_faiss_guided_k14_lofo,faiss,1,consensus,0,14,SRP|SRP|SRP|SRP|SRP|SRP|SRP|SRP|SRP|SRP|tmRNA|SRP|tmRNA|tmRNA,0.0,0,0.09855650579397635,0.0,0.0,0.0,0.6662859019997995,0.0008549530002710526,0.0,0.6671408550000706,RfamFamily
RfamFamily_URS0001A23405_1227491/1-74,RfamFamily,74,rnafm_faiss_guided_k14_lofo,faiss,1,consensus,0,14,SRP|SRP|SRP|SRP|SRP|group_I_intron|group_I_intron|group_I_intron|group_I_intron|group_I_intron|group_I_intron|group_I_intron|group_I_intron|group_I_intron,0.0,0,0.37868063725635864,0.0,0.0,0.0,0.40808486500009167,0.0008097109994196217,0.0,0.4088945759995113,RfamFamily
RfamFamily_URS0001A23C0C_12908/1-39,RfamFamily,39,rnafm_faiss_guided_k14_lofo,faiss,1,consensus,0,14,SRP|group_I_intron|tmRNA|SRP|SRP|group_I_intron|SRP|SRP|SRP|group_I_intron|group_I_intron|SRP|group_I_intron|group_I_intron,0.0,0,0.17224339191107155,0.0,0.0,0.0,0.2570335000000341,0.0008130209998853388,0.0,0.25784652099991945,RfamFamily
RfamFamily_URS000075ABEC_9544/1-80,RfamFamily,80,rnafm_faiss_guided_k14_lofo,faiss,1,consensus,0,14,SRP|SRP|SRP|SRP|SRP|SRP|SRP|SRP|SRP|SRP|SRP|group_I_intron|group_I_intron|SRP,0.0,0,0.25225378034044427,0.0,0.0,0.0,0.446047088999876,0.0008303519998662523,0.0,0.44687744099974225,RfamFamily
RfamFamily_NC_041267.1/72111-71936,RfamFamily,176,rnafm_faiss_guided_k14_lofo,faiss,1,consensus,0,14,group_I_intron|SRP|tmRNA|group_I_intron|SRP|RNaseP|RNaseP|RNaseP|group_I_intron|RNaseP|group_I_intron|RNaseP|group_I_intron|group_I_intron,0.0,0,0.5063876082246616,0.0,0.0,0.0,0.9098420589998568,0.0008281580003313138,0.0,0.9106702170001881,RfamFamily
RfamFamily_AASG02000597.1/43226-43418,RfamFamily,193,rnafm_faiss_guided_k14_lofo,faiss,1,consensus,0,14,group_I_intron|tmRNA|SRP|tmRNA|SRP|SRP|tmRNA|tmRNA|tmRNA|tmRNA|tmRNA|tmRNA|tmRNA|tmRNA,0.0,0,0.1067093268700479,0.0,0.0,0.0,1.0107191970000713,0.0008331839999300428,0.0,1.0115523810000013,RfamFamily
RfamFamily_URS00005734A7_3702/1-102,RfamFamily,102,rnafm_faiss_guided_k14_lofo,faiss,1,consensus,0,14,SRP|SRP|SRP|SRP|SRP|SRP|SRP|tmRNA|tmRNA|tmRNA|tmRNA|RNaseP|RNaseP|RNaseP,0.0,0,0.1489436165341624,0.0,0.0,0.0,0.5146360479993746,0.0008713090001037926,0.0,0.5155073569994784,RfamFamily
RfamFamily_X96661.1/1-73,RfamFamily,73,rnafm_faiss_guided_k14_lofo,faiss,1,consensus,0,14,SRP|SRP|SRP|SRP|SRP|RNaseP|SRP|tmRNA|tmRNA|SRP|tmRNA|SRP|SRP|SRP,0.0,0,0.07553043116035195,0.0,0.0,0.0,0.4244079640002383,0.0008483769997837953,0.0,0.4252563410000221,RfamFamily
RfamFamily_CP000647.1/3514533-3514615,RfamFamily,83,rnafm_faiss_guided_k14_lofo,faiss,1,consensus,0,14,SRP|SRP|SRP|SRP|SRP|SRP|SRP|SRP|RNaseP|RNaseP|RNaseP|RNaseP|SRP|SRP,0.0,0,0.3108693779319978,0.0,0.0,0.0,0.4514492889993562,0.00086834000012459,0.0,0.4523176289994808,RfamFamily
RfamFamily_NC_016468.1/71275-71079,RfamFamily,197,rnafm_faiss_guided_k14_lofo,faiss,1,consensus,0,14,group_I_intron|RNaseP|RNaseP|RNaseP|RNaseP|tmRNA|group_I_intron|group_I_intron|SRP|group_I_intron|tmRNA|tmRNA|SRP|group_I_intron,0.0,0,0.4544417450168042,0.0,0.0,0.0,1.0340470900000582,0.0009694860000308836,0.0,1.0350165760000891,RfamFamily
RfamFamily_NC_035414.1/7695-7746,RfamFamily,52,rnafm_faiss_guided_k14_lofo,faiss,1,consensus,0,14,SRP|SRP|SRP|SRP|SRP|SRP|SRP|SRP|SRP|SRP|SRP|tmRNA|SRP|SRP,0.0,0,0.16500931213028264,0.0,0.0,0.0,0.3161601840001822,0.0008178569996744045,0.0,0.3169780409998566,RfamFamily
RfamFamily_AACY020382879.1/268-217,RfamFamily,52,rnafm_faiss_guided_k14_lofo,faiss,1,consensus,0,14,SRP|SRP|SRP|SRP|SRP|SRP|SRP|SRP|SRP|SRP|SRP|SRP|SRP|SRP,0.0,0,0.10131793886056766,0.0,0.0,0.0,0.3248406940001587,0.0008982110002762056,0.0,0.3257389050004349,RfamFamily
RfamFamily_URS0000D6A4FA_12908/1-189,RfamFamily,189,rnafm_faiss_guided_k14_lofo,faiss,1,consensus,0,14,group_I_intron|group_I_intron|group_I_intron|group_I_intron|group_I_intron|group_I_intron|group_I_intron|group_I_intron|group_I_intron|group_I_intron|group_I_intron|group_I_intron|group_I_intron|group_I_intron,0.0,0,0.28016784217459406,0.0,0.0,0.0,1.1095874729999196,0.0008472959998471197,0.0,1.1104347689997667,RfamFamily
RfamFamily_AAGV020005347.1/44-104,RfamFamily,61,rnafm_faiss_guided_k14_lofo,faiss,1,consensus,0,14,SRP|SRP|SRP|SRP|SRP|SRP|SRP|group_I_intron|SRP|group_I_intron|group_I_intron|group_I_intron|group_I_intron|SRP,0.0,0,0.3023833062553643,0.0,0.0,0.0,0.38099818699993193,0.0008424790003118687,0.0,0.3818406660002438,RfamFamily
RfamFamily_CP001037.1/871141-871196,RfamFamily,56,rnafm_faiss_guided_k14_lofo,faiss,1,consensus,0,14,SRP|SRP|SRP|group_I_intron|SRP|group_I_intron|SRP|SRP|SRP|group_I_intron|SRP|group_I_intron|group_I_intron|SRP,0.0,0,0.25739269938625303,0.0,0.0,0.0,0.33438629700049205,0.000817799999822455,0.0,0.3352040970003145,RfamFamily
RfamFamily_AADN03009150.1/1764-1692,RfamFamily,73,rnafm_faiss_guided_k14_lofo,faiss,1,consensus,0,14,SRP|SRP|SRP|SRP|SRP|SRP|SRP|SRP|SRP|RNaseP|SRP|tmRNA|tmRNA|SRP,0.0,0,0.07128692487016566,0.0,0.0,0.0,0.43184698000004573,0.0008838880003168015,0.0,0.43273086800036253,RfamFamily
RfamFamily_URS000075A9D1_9031/11-88,RfamFamily,78,rnafm_faiss_guided_k14_lofo,faiss,1,consensus,0,14,SRP|SRP|SRP|SRP|SRP|SRP|SRP|SRP|SRP|SRP|SRP|SRP|SRP|SRP,0.0,0,0.14970146208143456,0.0,0.0,0.0,0.4190428600004452,0.0008342860000993824,0.0,0.4198771460005446,RfamFamily
RfamFamily_URS0000D6A071_12908/1-214,RfamFamily,214,rnafm_faiss_guided_k14_lofo,faiss,1,consensus,0,14,group_I_intron|group_I_intron|group_I_intron|group_I_intron|SRP|tmRNA|group_I_intron|group_I_intron|group_I_intron|group_I_intron|group_I_intron|SRP|group_I_intron|tmRNA,0.0,0,1.18378739760212,0.0,0.0,0.0,1.1616574770005172,0.0010513619999983348,0.0,1.1627088390005156,RfamFamily
RfamFamily_URS0001A2355D_12908/1-39,RfamFamily,39,rnafm_faiss_guided_k14_lofo,faiss,1,consensus,0,14,tmRNA|tmRNA|SRP|SRP|group_I_intron|group_I_intron|tmRNA|group_I_intron|group_I_intron|group_I_intron|group_I_intron|group_I_intron|group_I_intron|group_I_intron,0.0,0,0.15082446102389074,0.0,0.0,0.0,0.4000226540001677,0.0009399959999427665,0.0,0.40096265000011044,RfamFamily
RfamFamily_URS0000D66C32_12908/1-64,RfamFamily,64,rnafm_faiss_guided_k14_lofo,faiss,1,consensus,0,14,SRP|tmRNA|SRP|SRP|SRP|RNaseP|group_I_intron|group_I_intron|group_I_intron|group_I_intron|RNaseP|RNaseP|group_I_intron|RNaseP,0.0,0,0.3097613997040674,0.0,0.0,0.0,0.5415469340005075,0.000925106000067899,0.0,0.5424720400005754,RfamFamily
RfamFamily_AAFU01001022.1/48358-48247,RfamFamily,112,rnafm_faiss_guided_k14_lofo,faiss,1,consensus,0,14,SRP|SRP|SRP|SRP|SRP|SRP|SRP|SRP|SRP|SRP|SRP|SRP|SRP|SRP,0.0,0,0.16318430246089413,0.0,0.0,0.0,0.8934116919999724,0.0010492279998288723,0.0,0.8944609199998013,RfamFamily
RfamFamily_AAWF01000098.1/4178-4263,RfamFamily,86,rnafm_faiss_guided_k14_lofo,faiss,1,consensus,0,14,SRP|SRP|SRP|RNaseP|SRP|SRP|SRP|SRP|SRP|SRP|SRP|group_I_intron|tmRNA|SRP,0.0,0,0.16478519223174012,0.0,0.0,0.0,0.6997682299997905,0.0009374929995829007,0.0,0.7007057229993734,RfamFamily
RfamFamily_NC_022432.1/425-368,RfamFamily,58,rnafm_faiss_guided_k14_lofo,faiss,1,consensus,0,14,SRP|SRP|SRP|SRP|SRP|tmRNA|SRP|tmRNA|SRP|SRP|SRP|SRP|tmRNA|SRP,0.0,0,0.15575371238613064,0.0,0.0,0.0,0.5032648899996275,0.000925390000702464,0.0,0.50419028000033,RfamFamily
RfamFamily_URS0001A244BA_12908/1-100,RfamFamily,100,rnafm_faiss_guided_k14_lofo,faiss,1,consensus,0,14,SRP|SRP|SRP|SRP|SRP|SRP|SRP|SRP|SRP|SRP|SRP|SRP|SRP|SRP,0.0,0,0.20181540568579645,0.0,0.0,0.0,0.8022257180000452,0.0009451969999645371,0.0,0.8031709150000097,RfamFamily
RfamFamily_URS0000D4FED4_34740/2-79,RfamFamily,78,rnafm_faiss_guided_k14_lofo,faiss,1,consensus,0,14,SRP|SRP|SRP|SRP|SRP|RNaseP|RNaseP|RNaseP|SRP|RNaseP|group_I_intron|group_I_intron|group_I_intron|tmRNA,0.0,0,0.270727308307584,0.0,0.0,0.0,0.6835092220007937,0.0009807010001168237,0.0,0.6844899230009105,RfamFamily
RfamFamily_BABF01001090.1/2371-2540,RfamFamily,170,rnafm_faiss_guided_k14_lofo,faiss,1,consensus,0,14,RNaseP|group_I_intron|tmRNA|group_I_intron|group_I_intron|group_I_intron|RNaseP|group_I_intron|group_I_intron|group_I_intron|group_I_intron|SRP|group_I_intron|group_I_intron,0.0,0,0.6222271095258984,0.0,0.0,0.0,0.9879540140000245,0.001016328000332578,0.0,0.988970342000357,RfamFamily
RfamFamily_NC_042272.1/74284-74187,RfamFamily,98,rnafm_faiss_guided_k14_lofo,faiss,1,consensus,0,14,SRP|SRP|SRP|SRP|SRP|SRP|SRP|SRP|tmRNA|group_I_intron|group_I_intron|SRP|RNaseP|group_I_intron,0.0,0,0.2773592173003837,0.0,0.0,0.0,0.5072425779999321,0.0008094529994195909,0.0,0.5080520309993517,RfamFamily
RfamFamily_URS0000D6C504_12908/1-170,RfamFamily,170,rnafm_faiss_guided_k14_lofo,faiss,1,consensus,0,14,group_I_intron|group_I_intron|group_I_intron|group_I_intron|group_I_intron|group_I_intron|group_I_intron|group_I_intron|group_I_intron|group_I_intron|group_I_intron|group_I_intron|group_I_intron|group_I_intron,0.0,0,0.599562894403317,0.0,0.0,0.0,1.0024529779993827,0.0008191759998226189,0.0,1.0032721539992053,RfamFamily
RfamFamily_AJ312125.1/523-454,RfamFamily,70,rnafm_faiss_guided_k14_lofo,faiss,1,consensus,0,14,SRP|group_I_intron|SRP|SRP|SRP|SRP|group_I_intron|group_I_intron|SRP|RNaseP|SRP|SRP|SRP|SRP,0.0,0,0.4060474455720385,0.0,0.0,0.0,0.39909665400045924,0.0008384210004805936,0.0,0.39993507500093983,RfamFamily
RfamFamily_URS000075A8AA_9913/8-81,RfamFamily,74,rnafm_faiss_guided_k14_lofo,faiss,1,consensus,0,14,SRP|SRP|SRP|SRP|SRP|SRP|SRP|SRP|SRP|SRP|SRP|SRP|SRP|SRP,0.0,0,0.15451200199154802,0.0,0.0,0.0,0.42091514600087976,0.0008007599999473314,0.0,0.4217159060008271,RfamFamily
RfamFamily_URS0000D6B415_12908/1-68,RfamFamily,68,rnafm_faiss_guided_k14_lofo,faiss,1,consensus,0,14,SRP|SRP|SRP|SRP|SRP|SRP|SRP|SRP|SRP|SRP|SRP|SRP|SRP|SRP,0.0,0,0.08881242289664984,0.0,0.0,0.0,0.3799388370007364,0.0008357489996342338,0.0,0.3807745860003706,RfamFamily
RfamFamily_URS0000D6C2FA_12908/1-100,RfamFamily,100,rnafm_faiss_guided_k14_lofo,faiss,1,consensus,0,14,SRP|SRP|SRP|SRP|SRP|SRP|SRP|SRP|SRP|SRP|SRP|SRP|SRP|SRP,0.0,0,0.23813158753556887,0.0,0.0,0.0,0.5252296150001712,0.0007982070001162356,0.0,0.5260278220002874,RfamFamily
RfamFamily_AACY020092547.1/380-527,RfamFamily,148,rnafm_faiss_guided_k14_lofo,faiss,1,consensus,0,14,group_I_intron|group_I_intron|group_I_intron|group_I_intron|group_I_intron|group_I_intron|group_I_intron|group_I_intron|group_I_intron|group_I_intron|group_I_intron|group_I_intron|group_I_intron|RNaseP,0.0,0,0.5786708591222726,0.0,0.0,0.0,0.7703364700000748,0.0008194770007321495,0.0,0.7711559470008069,RfamFamily
RfamFamily_DQ078753.1/38568-37097,RfamFamily,1472,rnafm_faiss_guided_k14_lofo,faiss,1,consensus,0,14,16S_rRNA|16S_rRNA|16S_rRNA|16S_rRNA|group_I_intron|group_I_intron|tRNA|tRNA|tRNA|group_I_intron|group_I_intron|group_I_intron|SRP|group_I_intron,0.0,0,0.08720968604155437,0.0,0.0,0.0,1.3240190669994263,0.0008293730006698752,0.0,1.3248484400000962,RfamFamily
RfamFamily_URS000075ED36_9606/1-62,RfamFamily,62,rnafm_faiss_guided_k14_lofo,faiss,1,consensus,0,14,SRP|SRP|SRP|SRP|SRP|SRP|SRP|SRP|SRP|SRP|SRP|SRP|SRP|SRP,0.0,0,0.24141253296366866,0.0,0.0,0.0,0.52729830699991,0.003160030000799452,0.0,0.5304583370007094,RfamFamily
RfamFamily_AACY021138991.1/535-589,RfamFamily,55,rnafm_faiss_guided_k14_lofo,faiss,1,consensus,0,14,SRP|SRP|SRP|SRP|SRP|SRP|SRP|SRP|SRP|SRP|SRP|SRP|SRP|SRP,0.0,0,0.09263950512094922,0.0,0.0,0.0,0.6167568190003294,0.002317753999705019,0.0,0.6190745730000344,RfamFamily
RfamFamily_NC_034820.1/63786-63645,RfamFamily,142,rnafm_faiss_guided_k14_lofo,faiss,1,consensus,0,14,SRP|SRP|SRP|RNaseP|tmRNA|SRP|RNaseP|RNaseP|RNaseP|RNaseP|SRP|SRP|SRP|group_I_intron,0.0,0,0.37951784360476953,0.0,0.0,0.0,1.1166479570001684,0.00092851800036442,0.0,1.1175764750005328,RfamFamily
RfamFamily_URS0000D689CB_12908/1-96,RfamFamily,96,rnafm_faiss_guided_k14_lofo,faiss,1,consensus,0,14,SRP|SRP|SRP|SRP|SRP|SRP|SRP|group_I_intron|RNaseP|SRP|SRP|SRP|SRP|RNaseP,0.0,0,0.36509825448344835,0.0,0.0,0.0,0.7455884720002359,0.0009480339995207032,0.0,0.7465365059997566,RfamFamily
RfamFamily_NC_039348.1/117840-117800,RfamFamily,41,rnafm_faiss_guided_k14_lofo,faiss,1,consensus,0,14,SRP|SRP|SRP|SRP|SRP|SRP|SRP|SRP|SRP|SRP|SRP|SRP|SRP|SRP,0.0,0,0.12919309865122597,0.0,0.0,0.0,0.40917036900009407,0.000902970999959507,0.0,0.4100733400000536,RfamFamily
RfamFamily_URS0000D67D20_12908/1-174,RfamFamily,174,rnafm_faiss_guided_k14_lofo,faiss,1,consensus,0,14,SRP|SRP|SRP|SRP|group_I_intron|group_I_intron|group_I_intron|group_I_intron|group_I_intron|group_I_intron|group_I_intron|RNaseP|group_I_intron|SRP,0.0,0,0.5192471199202511,0.0,0.0,0.0,1.0570627720007906,0.0008276859998659347,0.0,1.0578904580006565,RfamFamily
RfamFamily_URS0000D6B570_220664/1-79,RfamFamily,79,rnafm_faiss_guided_k14_lofo,faiss,1,consensus,0,14,SRP|SRP|group_I_intron|SRP|SRP|SRP|group_I_intron|group_I_intron|group_I_intron|SRP|SRP|RNaseP|group_I_intron|group_I_intron,0.0,0,0.4350885407174906,0.0,0.0,0.0,0.46756810799979576,0.0008412750003117253,0.0,0.4684093830001075,RfamFamily
RfamFamily_AAAB01008807.1/5121648-5121542,RfamFamily,107,rnafm_faiss_guided_k14_lofo,faiss,1,consensus,0,14,5S_rRNA|5S_rRNA|5S_rRNA|5S_rRNA|5S_rRNA|5S_rRNA|5S_rRNA|5S_rRNA|5S_rRNA|5S_rRNA|5S_rRNA|5S_rRNA|5S_rRNA|5S_rRNA,0.0,0,0.10770542486922649,0.0,0.0,0.0,0.6088634550005736,0.0009580819996699574,0.0,0.6098215370002436,RfamFamily
RfamFamily_X00865.1/1-119,RfamFamily,119,rnafm_faiss_guided_k14_lofo,faiss,1,consensus,0,14,5S_rRNA|5S_rRNA|5S_rRNA|5S_rRNA|5S_rRNA|5S_rRNA|5S_rRNA|5S_rRNA|5S_rRNA|5S_rRNA|5S_rRNA|5S_rRNA|5S_rRNA|5S_rRNA,0.0,0,0.35215203119332944,0.0,0.0,0.0,0.6819853619999776,0.0008215540001401678,0.0,0.6828069160001178,RfamFamily
RfamFamily_K03454.1/282-300,RfamFamily,19,rnafm_faiss_guided_k14_lofo,faiss,1,consensus,0,14,group_I_intron|group_I_intron|RNaseP|group_I_intron|RNaseP|RNaseP|group_I_intron|RNaseP|group_I_intron|SRP|group_I_intron|group_I_intron|RNaseP|RNaseP,0.0,0,0.4671165609431746,0.0,0.0,0.0,0.17759834400021646,0.0008330279997608159,0.0,0.17843137199997727,RfamFamily
RfamFamily_GQ282618.1/1-1471,RfamFamily,1471,rnafm_faiss_guided_k14_lofo,faiss,1,consensus,0,14,16S_rRNA|16S_rRNA|16S_rRNA|RNaseP|RNaseP|group_I_intron|16S_rRNA|RNaseP|group_I_intron|RNaseP|RNaseP|16S_rRNA|tmRNA|RNaseP,0.0,0,0.06729834724867848,0.0,0.0,0.0,1.3208209679996799,0.0008471159999317024,0.0,1.3216680839996116,RfamFamily
RfamFamily_NC_041255.1/119029-119087,RfamFamily,59,rnafm_faiss_guided_k14_lofo,faiss,1,consensus,0,14,SRP|SRP|SRP|SRP|SRP|SRP|SRP|SRP|SRP|SRP|SRP|SRP|SRP|SRP,0.0,0,0.25374273361530664,0.0,0.0,0.0,0.3587287889995423,0.0010000640004363959,0.0,0.3597288529999787,RfamFamily
RfamFamily_URS0001A2498A_1684144/1-32,RfamFamily,32,rnafm_faiss_guided_k14_lofo,faiss,1,consensus,0,14,SRP|SRP|SRP|SRP|SRP|SRP|SRP|SRP|SRP|SRP|SRP|SRP|SRP|SRP,0.0,0,0.13060516430077979,0.0,0.0,0.0,0.23126188500009448,0.0008021589992495137,0.0,0.232064043999344,RfamFamily
RfamFamily_AAZG01000006.1/28699-28507,RfamFamily,193,rnafm_faiss_guided_k14_lofo,faiss,1,consensus,0,14,tmRNA|group_I_intron|RNaseP|SRP|tmRNA|tmRNA|SRP|RNaseP|RNaseP|RNaseP|tmRNA|tmRNA|group_I_intron|SRP,0.0,0,0.23359073785520373,0.0,0.0,0.0,1.2818781039995883,0.0009455670005991124,0.0,1.2828236710001875,RfamFamily
RfamFamily_NC_040143.1/63591-63464,RfamFamily,128,rnafm_faiss_guided_k14_lofo,faiss,1,consensus,0,14,SRP|SRP|SRP|SRP|group_I_intron|SRP|group_I_intron|RNaseP|SRP|RNaseP|RNaseP|RNaseP|group_I_intron|group_I_intron,0.0,0,0.4118484852709677,0.0,0.0,0.0,1.0090287920002083,0.0009397650001119473,0.0,1.0099685570003203,RfamFamily
RfamFamily_AATT01000185.1/2392-2654,RfamFamily,263,rnafm_faiss_guided_k14_lofo,faiss,1,consensus,0,14,SRP|SRP|SRP|RNaseP|SRP|RNaseP|RNaseP|RNaseP|RNaseP|SRP|group_I_intron|group_I_intron|SRP|SRP,0.0,0,0.2587279130321123,0.0,0.0,0.0,1.911043086999598,0.0009249940003428492,0.0,1.9119680809999409,RfamFamily
RfamFamily_CP000667.1/4593132-4593060,RfamFamily,73,rnafm_faiss_guided_k14_lofo,faiss,1,consensus,0,14,SRP|SRP|SRP|SRP|SRP|SRP|SRP|group_I_intron|group_I_intron|tmRNA|group_I_intron|RNaseP|RNaseP|tmRNA,0.0,0,0.1613932973380138,0.0,0.0,0.0,0.5999105810005858,0.0010078610002892674,0.0,0.6009184420008751,RfamFamily
RfamFamily_AC122240.4/64364-64570,RfamFamily,207,rnafm_faiss_guided_k14_lofo,faiss,1,consensus,0,14,group_I_intron|RNaseP|RNaseP|group_I_intron|group_I_intron|RNaseP|RNaseP|RNaseP|group_I_intron|SRP|group_I_intron|group_I_intron|group_I_intron|group_I_intron,0.0,0,0.5274944589013728,0.0,0.0,0.0,1.2699400050005352,0.0009476309996898635,0.0,1.270887636000225,RfamFamily
RfamFamily_URS0000D6C999_350701/1-83,RfamFamily,83,rnafm_faiss_guided_k14_lofo,faiss,1,consensus,0,14,SRP|SRP|SRP|SRP|SRP|SRP|SRP|SRP|group_I_intron|SRP|SRP|SRP|SRP|SRP,0.0,0,0.19904940273751687,0.0,0.0,0.0,0.4516963500000202,0.0008388530004594941,0.0,0.45253520300047967,RfamFamily
RfamFamily_URS0000D6967E_1262787/1-72,RfamFamily,72,rnafm_faiss_guided_k14_lofo,faiss,1,consensus,0,14,SRP|SRP|SRP|SRP|SRP|SRP|SRP|SRP|SRP|SRP|SRP|SRP|SRP|SRP,0.0,0,0.09315295122950538,0.0,0.0,0.0,0.5125477880001199,0.0010365600001023267,0.0,0.5135843480002222,RfamFamily
RfamFamily_URS0000D6A812_12908/1-64,RfamFamily,64,rnafm_faiss_guided_k14_lofo,faiss,1,consensus,0,14,SRP|SRP|SRP|SRP|SRP|SRP|RNaseP|SRP|SRP|group_I_intron|RNaseP|RNaseP|RNaseP|SRP,0.0,0,0.30353871912995384,0.0,0.0,0.0,0.38594531400030974,0.0008013019996724324,0.0,0.38674661599998217,RfamFamily
RfamFamily_URS0000D6C4B2_585520/1-122,RfamFamily,122,rnafm_faiss_guided_k14_lofo,faiss,1,consensus,0,14,SRP|group_I_intron|RNaseP|RNaseP|RNaseP|SRP|group_I_intron|RNaseP|group_I_intron|group_I_intron|SRP|RNaseP|group_I_intron|group_I_intron,0.0,0,0.7336884891392043,0.0,0.0,0.0,0.6542737399995531,0.0009412859999429202,0.0,0.655215025999496,RfamFamily
RfamFamily_ABRO01046980.1/7145-7030,RfamFamily,116,rnafm_faiss_guided_k14_lofo,faiss,1,consensus,0,14,SRP|SRP|SRP|group_I_intron|group_I_intron|SRP|SRP|group_I_intron|group_I_intron|group_I_intron|group_I_intron|group_I_intron|group_I_intron|RNaseP,0.0,0,0.5152471098180881,0.0,0.0,0.0,0.6293875579995074,0.0008441569998467457,0.0,0.6302317149993542,RfamFamily
RfamFamily_URS0000D68555_12908/1-74,RfamFamily,74,rnafm_faiss_guided_k14_lofo,faiss,1,consensus,0,14,SRP|SRP|SRP|SRP|SRP|SRP|SRP|SRP|SRP|SRP|SRP|SRP|SRP|SRP,0.0,0,0.10208725742470749,0.0,0.0,0.0,0.4267795850000766,0.0008359439998457674,0.0,0.4276155289999224,RfamFamily
RfamFamily_CP000269.1/1701914-1701996,RfamFamily,83,rnafm_faiss_guided_k14_lofo,faiss,1,consensus,0,14,group_I_intron|group_I_intron|group_I_intron|group_I_intron|group_I_intron|group_I_intron|group_I_intron|SRP|group_I_intron|group_I_intron|group_I_intron|group_I_intron|group_I_intron|group_I_intron,0.0,0,0.36509128624117043,0.0,0.0,0.0,0.4745976630001678,0.0011010220005118754,0.0,0.4756986850006797,RfamFamily
RfamFamily_NC_002645.1/12521-12595,RfamFamily,75,rnafm_faiss_guided_k14_lofo,faiss,1,consensus,0,14,SRP|SRP|SRP|SRP|SRP|SRP|SRP|SRP|SRP|SRP|SRP|SRP|group_I_intron|group_I_intron,0.0,0,0.3817564337845455,0.0,0.0,0.0,0.4164039289998982,0.0008314790002259542,0.0,0.41723540800012415,RfamFamily
RfamFamily_NC_042408.1/120289-120344,RfamFamily,56,rnafm_faiss_guided_k14_lofo,faiss,1,consensus,0,14,SRP|SRP|SRP|SRP|SRP|tmRNA|SRP|tmRNA|tmRNA|tmRNA|RNaseP|RNaseP|RNaseP|tmRNA,0.0,0,0.2102182294453318,0.0,0.0,0.0,0.3499765149999803,0.0008473900006720214,0.0,0.3508239050006523,RfamFamily
RfamFamily_URS0000D67D5F_12908/1-78,RfamFamily,78,rnafm_faiss_guided_k14_lofo,faiss,1,consensus,0,14,SRP|SRP|SRP|SRP|SRP|SRP|SRP|SRP|SRP|tmRNA|SRP|SRP|SRP|tmRNA,0.0,0,0.13435358779909332,0.0,0.0,0.0,0.4226641989998825,0.0008473920006508706,0.0,0.42351159100053337,RfamFamily
RfamFamily_URS0000674535_13616/1-64,RfamFamily,64,rnafm_faiss_guided_k14_lofo,faiss,1,consensus,0,14,SRP|SRP|SRP|SRP|SRP|SRP|SRP|SRP|SRP|RNaseP|SRP|SRP|SRP|SRP,0.0,0,0.13369258764003406,0.0,0.0,0.0,0.38006793900058256,0.0008651010002722614,0.0,0.3809330400008548,RfamFamily
RfamFamily_ABLU01108090.1/105-6,RfamFamily,100,rnafm_faiss_guided_k14_lofo,faiss,1,consensus,0,14,SRP|SRP|SRP|SRP|SRP|SRP|SRP|group_I_intron|group_I_intron|group_I_intron|group_I_intron|group_I_intron|group_I_intron|group_I_intron,0.0,0,0.394159717127784,0.0,0.0,0.0,0.5138333189997866,0.000846998000270105,0.0,0.5146803170000567,RfamFamily
RfamFamily_LUGM01000002.1/1454968-1454794,RfamFamily,175,rnafm_faiss_guided_k14_lofo,faiss,1,consensus,0,14,group_I_intron|SRP|group_I_intron|group_I_intron|group_I_intron|RNaseP|tmRNA|SRP|group_I_intron|group_I_intron|group_I_intron|group_I_intron|group_I_intron|group_I_intron,0.0,0,0.42350834707933965,0.0,0.0,0.0,0.909749808000015,0.0007955930004754919,0.0,0.9105454010004905,RfamFamily
RfamFamily_AAGE02005905.1/5861-5816,RfamFamily,46,rnafm_faiss_guided_k14_lofo,faiss,1,consensus,0,14,SRP|SRP|SRP|SRP|group_I_intron|SRP|SRP|tmRNA|SRP|SRP|SRP|SRP|group_I_intron|SRP,0.0,0,0.15075476691879078,0.0,0.0,0.0,0.2787107759995706,0.0008203059996958473,0.0,0.27953108199926646,RfamFamily
RfamFamily_AACY022724003.1/39-129,RfamFamily,91,rnafm_faiss_guided_k14_lofo,faiss,1,consensus,0,14,SRP|SRP|SRP|SRP|SRP|SRP|SRP|tRNA|SRP|SRP|SRP|SRP|SRP|SRP,0.0,0,0.10009473929591187,0.0,0.0,0.0,0.4873068679999051,0.0008326889992531505,0.0,0.48813955699915823,RfamFamily
RfamFamily_NC_030166.1/2458-2525,RfamFamily,68,rnafm_faiss_guided_k14_lofo,faiss,1,consensus,0,14,SRP|SRP|SRP|SRP|SRP|SRP|RNaseP|SRP|group_I_intron|group_I_intron|RNaseP|RNaseP|RNaseP|SRP,0.0,0,0.19347996734197428,0.0,0.0,0.0,0.3859581939996133,0.0008315780005432316,0.0,0.3867897720001565,RfamFamily
RfamFamily_NC_032040.1/65920-65984,RfamFamily,65,rnafm_faiss_guided_k14_lofo,faiss,1,consensus,0,14,SRP|SRP|SRP|SRP|SRP|SRP|SRP|SRP|SRP|SRP|SRP|SRP|SRP|group_I_intron,0.0,0,0.15738778623649605,0.0,0.0,0.0,0.37229731799925503,0.0008227799999076524,0.0,0.3731200979991627,RfamFamily
RfamFamily_URS0000D67632_12908/1-218,RfamFamily,218,rnafm_faiss_guided_k14_lofo,faiss,1,consensus,0,14,SRP|group_I_intron|SRP|group_I_intron|SRP|group_I_intron|SRP|SRP|SRP|group_I_intron|SRP|group_I_intron|group_I_intron|group_I_intron,0.0,0,0.8892054978892022,0.0,0.0,0.0,1.1204526749997967,0.002114122000421048,0.0,1.1225667970002178,RfamFamily
RfamFamily_URS0000D6CCE1_12908/1-48,RfamFamily,48,rnafm_faiss_guided_k14_lofo,faiss,1,consensus,0,14,SRP|SRP|SRP|SRP|SRP|SRP|SRP|SRP|SRP|SRP|SRP|SRP|SRP|SRP,0.0,0,0.19500721834784165,0.0,0.0,0.0,0.46102108500053873,0.0009241089992428897,0.0,0.4619451939997816,RfamFamily
RfamFamily_URS0000D69AC9_1259812/1-146,RfamFamily,146,rnafm_faiss_guided_k14_lofo,faiss,1,consensus,0,14,SRP|RNaseP|SRP|RNaseP|SRP|SRP|group_I_intron|group_I_intron|SRP|SRP|group_I_intron|group_I_intron|SRP|group_I_intron,0.0,0,0.7772923108953528,0.0,0.0,0.0,1.1457582409993847,0.0009402160003446625,0.0,1.1466984569997294,RfamFamily
RfamFamily_NC_015891.1/70304-70181,RfamFamily,124,rnafm_faiss_guided_k14_lofo,faiss,1,consensus,0,14,SRP|SRP|SRP|SRP|SRP|SRP|SRP|SRP|group_I_intron|SRP|SRP|group_I_intron|group_I_intron|group_I_intron,0.0,0,0.39120393857983776,0.0,0.0,0.0,1.070311079000021,0.0009809580005821772,0.0,1.0712920370006032,RfamFamily
RfamFamily_AACY024118785.1/615-567,RfamFamily,49,rnafm_faiss_guided_k14_lofo,faiss,1,consensus,0,14,SRP|SRP|SRP|SRP|SRP|SRP|SRP|SRP|SRP|SRP|SRP|SRP|SRP|SRP,0.0,0,0.10498350530135461,0.0,0.0,0.0,0.4523650060000364,0.0009047679996001534,0.0,0.4532697739996365,RfamFamily
RfamFamily_AAQQ01366707.1/1100-973,RfamFamily,128,rnafm_faiss_guided_k14_lofo,faiss,1,consensus,0,14,RNaseP|RNaseP|SRP|SRP|SRP|SRP|SRP|SRP|SRP|SRP|SRP|SRP|SRP|RNaseP,0.0,0,0.11879026412940852,0.0,0.0,0.0,0.9873884429998725,0.0009147840000878205,0.0,0.9883032269999603,RfamFamily
RfamFamily_AAFR03008173.1/71752-71627,RfamFamily,126,rnafm_faiss_guided_k14_lofo,faiss,1,consensus,0,14,SRP|SRP|SRP|SRP|RNaseP|RNaseP|SRP|SRP|SRP|group_I_intron|group_I_intron|tmRNA|group_I_intron|SRP,0.0,0,0.12396178183613618,0.0,0.0,0.0,0.9863292099998944,0.0010053260002678144,0.0,0.9873345360001622,RfamFamily
RfamFamily_URS0000D67EB4_12908/32-156,RfamFamily,125,rnafm_faiss_guided_k14_lofo,faiss,1,consensus,0,14,SRP|SRP|group_I_intron|RNaseP|RNaseP|RNaseP|group_I_intron|RNaseP|group_I_intron|SRP|group_I_intron|tmRNA|SRP|SRP,0.0,0,0.4081230155541747,0.0,0.0,0.0,0.7592442260001917,0.000838934000057634,0.0,0.7600831600002493,RfamFamily
RfamFamily_URS0000D666B6_12908/1-65,RfamFamily,65,rnafm_faiss_guided_k14_lofo,faiss,1,consensus,0,14,SRP|SRP|SRP|SRP|SRP|SRP|SRP|group_I_intron|RNaseP|group_I_intron|SRP|SRP|RNaseP|RNaseP,0.0,0,0.35997911532721144,0.0,0.0,0.0,0.3873588269998436,0.0008393460002480424,0.0,0.38819817300009163,RfamFamily
RfamFamily_M35165.1/2-110,RfamFamily,109,rnafm_faiss_guided_k14_lofo,faiss,1,consensus,0,14,5S_rRNA|5S_rRNA|5S_rRNA|5S_rRNA|5S_rRNA|5S_rRNA|5S_rRNA|5S_rRNA|5S_rRNA|5S_rRNA|5S_rRNA|5S_rRNA|5S_rRNA|5S_rRNA,0.0,0,0.32170230507841097,0.0,0.0,0.0,0.6091994890002752,0.0008091220006463118,0.0,0.6100086110009215,RfamFamily
RfamFamily_URS000075C468_9544/17-102,RfamFamily,86,rnafm_faiss_guided_k14_lofo,faiss,1,consensus,0,14,SRP|SRP|SRP|SRP|SRP|SRP|SRP|SRP|SRP|RNaseP|RNaseP|group_I_intron|group_I_intron|SRP,0.0,0,0.2035057935857551,0.0,0.0,0.0,0.4673868099998799,0.000890025999979116,0.0,0.46827683599985903,RfamFamily
RfamFamily_AAWR02035292.1/38650-38777,RfamFamily,128,rnafm_faiss_guided_k14_lofo,faiss,1,consensus,0,14,SRP|SRP|SRP|RNaseP|SRP|SRP|SRP|SRP|SRP|SRP|SRP|SRP|SRP|RNaseP,0.0,0,0.09871942716757062,0.0,0.0,0.0,0.686124947999815,0.0008349649997398956,0.0,0.686959912999555,RfamFamily
RfamFamily_ABDH01025479.1/472-571,RfamFamily,100,rnafm_faiss_guided_k14_lofo,faiss,1,consensus,0,14,SRP|group_I_intron|SRP|group_I_intron|group_I_intron|group_I_intron|group_I_intron|group_I_intron|group_I_intron|group_I_intron|group_I_intron|group_I_intron|group_I_intron|RNaseP,0.0,0,0.552863676795787,0.0,0.0,0.0,0.5348611440003879,0.0008272000004581059,0.0,0.535688344000846,RfamFamily
RfamFamily_AAWZ02028783.1/6715-6851,RfamFamily,137,rnafm_faiss_guided_k14_lofo,faiss,1,consensus,0,14,RNaseP|SRP|RNaseP|SRP|SRP|SRP|SRP|SRP|SRP|SRP|SRP|SRP|SRP|SRP,0.0,0,0.15341865798356702,0.0,0.0,0.0,0.7416871479999827,0.0010392060003141523,0.0,0.7427263540002969,RfamFamily
RfamFamily_NC_044828.1/418-358,RfamFamily,61,rnafm_faiss_guided_k14_lofo,faiss,1,consensus,0,14,SRP|tmRNA|SRP|SRP|group_I_intron|group_I_intron|SRP|tmRNA|group_I_intron|RNaseP|tmRNA|group_I_intron|group_I_intron|RNaseP,0.0,0,0.21727772544944093,0.0,0.0,0.0,0.3677835580001556,0.0008269279996966361,0.0,0.36861048599985224,RfamFamily
RfamFamily_URS0001A24157_865937/1-64,RfamFamily,64,rnafm_faiss_guided_k14_lofo,faiss,1,consensus,0,14,SRP|SRP|SRP|SRP|SRP|RNaseP|RNaseP|tmRNA|tmRNA|tmRNA|RNaseP|SRP|tmRNA|SRP,0.0,0,0.060489475845040504,0.0,0.0,0.0,0.36987700300051074,0.0008354479996341979,0.0,0.37071245100014494,RfamFamily
RfamFamily_NC_034949.1/174-112,RfamFamily,63,rnafm_faiss_guided_k14_lofo,faiss,1,consensus,0,14,SRP|SRP|SRP|SRP|SRP|tmRNA|SRP|tmRNA|tmRNA|SRP|group_I_intron|SRP|group_I_intron|tmRNA,0.0,0,0.1996843651157065,0.0,0.0,0.0,0.37414421399989806,0.0008433089997197385,0.0,0.3749875229996178,RfamFamily
RfamFamily_URS000002152D_7260/1-91,RfamFamily,91,rnafm_faiss_guided_k14_lofo,faiss,1,consensus,0,14,SRP|SRP|SRP|SRP|SRP|SRP|SRP|SRP|tmRNA|RNaseP|SRP|SRP|tmRNA|SRP,0.0,0,0.15746641347953821,0.0,0.0,0.0,0.47746072099926096,0.0009086600002774503,0.0,0.4783693809995384,RfamFamily
RfamFamily_AACY024059966.1/6-207,RfamFamily,202,rnafm_faiss_guided_k14_lofo,faiss,1,consensus,0,14,SRP|group_I_intron|group_I_intron|group_I_intron|group_I_intron|SRP|SRP|SRP|SRP|group_I_intron|SRP|group_I_intron|RNaseP|group_I_intron,0.0,0,1.085973670118325,0.0,0.0,0.0,1.1458282430003237,0.0008698909996383009,0.0,1.146698133999962,RfamFamily
RfamFamily_URS0000D672D5_12908/1-104,RfamFamily,104,rnafm_faiss_guided_k14_lofo,faiss,1,consensus,0,14,SRP|SRP|SRP|group_I_intron|group_I_intron|group_I_intron|group_I_intron|group_I_intron|group_I_intron|group_I_intron|group_I_intron|group_I_intron|RNaseP|RNaseP,0.0,0,0.31470968047379877,0.0,0.0,0.0,0.6437828580001224,0.0008388719998038141,0.0,0.6446217299999262,RfamFamily
RfamFamily_BA000028.3/2437307-2437208,RfamFamily,100,rnafm_faiss_guided_k14_lofo,faiss,1,consensus,0,14,SRP|SRP|SRP|SRP|SRP|SRP|SRP|SRP|SRP|SRP|SRP|SRP|SRP|SRP,0.0,0,0.12452900091929266,0.0,0.0,0.0,0.523191754000436,0.0009322699997937889,0.0,0.5241240240002298,RfamFamily
RfamFamily_CP000829.1/1321853-1321711,RfamFamily,143,rnafm_faiss_guided_k14_lofo,faiss,1,consensus,0,14,SRP|SRP|SRP|group_I_intron|group_I_intron|RNaseP|RNaseP|RNaseP|tmRNA|tmRNA|tmRNA|group_I_intron|SRP|group_I_intron,0.0,0,0.41560969455375807,0.0,0.0,0.0,0.7714097669995681,0.00085036900054547,0.0,0.7722601360001136,RfamFamily
RfamFamily_URS0000D65D3B_12908/1-151,RfamFamily,151,rnafm_faiss_guided_k14_lofo,faiss,1,consensus,0,14,SRP|SRP|SRP|RNaseP|SRP|SRP|tmRNA|SRP|group_I_intron|group_I_intron|RNaseP|tmRNA|SRP|SRP,0.0,0,0.2479479669717343,0.0,0.0,0.0,0.802976906999902,0.0008665459999974701,0.0,0.8038434529998995,RfamFamily
RfamFamily_NC_042444.1/69666-69570,RfamFamily,97,rnafm_faiss_guided_k14_lofo,faiss,1,consensus,0,14,SRP|SRP|SRP|SRP|tmRNA|group_I_intron|SRP|SRP|RNaseP|RNaseP|group_I_intron|tmRNA|RNaseP|RNaseP,0.0,0,0.3172000662255477,0.0,0.0,0.0,0.6292582809992382,0.0011721549999492709,0.0,0.6304304359991875,RfamFamily
RfamFamily_AE017126.1/924642-924462,RfamFamily,181,rnafm_faiss_guided_k14_lofo,faiss,1,consensus,0,14,SRP|tmRNA|tmRNA|SRP|tmRNA|tmRNA|tmRNA|tmRNA|SRP|tmRNA|tmRNA|tmRNA|SRP|SRP,0.0,0,0.13751199914106504,0.0,0.0,0.0,1.403600400999494,0.0009384920003867592,0.0,1.4045388929998808,RfamFamily
RfamFamily_AL773527.8/127279-127217,RfamFamily,63,rnafm_faiss_guided_k14_lofo,faiss,1,consensus,0,14,SRP|SRP|SRP|SRP|SRP|SRP|SRP|SRP|SRP|SRP|RNaseP|RNaseP|RNaseP|tmRNA,0.0,0,0.08331053046755339,0.0,0.0,0.0,0.5322847980005463,0.0009644679994380567,0.0,0.5332492659999843,RfamFamily
RfamFamily_CP000325.1/140970-141189,RfamFamily,220,rnafm_faiss_guided_k14_lofo,faiss,1,consensus,0,14,RNaseP|RNaseP|SRP|RNaseP|RNaseP|group_I_intron|group_I_intron|SRP|group_I_intron|SRP|RNaseP|group_I_intron|group_I_intron|group_I_intron,0.0,0,0.15396996272498922,0.0,0.0,0.0,1.6781683489998613,0.0009207120001519797,0.0,1.6790890610000133,RfamFamily
RfamFamily_JF735124.1/585-665,RfamFamily,81,rnafm_faiss_guided_k14_lofo,faiss,1,consensus,0,14,SRP|SRP|SRP|RNaseP|RNaseP|RNaseP|SRP|SRP|SRP|SRP|SRP|SRP|SRP|RNaseP,0.0,0,0.2893883997933218,0.0,0.0,0.0,0.6683316069993452,0.0009968269996534218,0.0,0.6693284339989987,RfamFamily
RfamFamily_URS0000D678C0_243265/1-130,RfamFamily,130,rnafm_faiss_guided_k14_lofo,faiss,1,consensus,0,14,SRP|SRP|SRP|SRP|SRP|SRP|SRP|tmRNA|SRP|SRP|tmRNA|SRP|SRP|SRP,0.0,0,0.17629764871777914,0.0,0.0,0.0,0.8252214719996118,0.0008079369999904884,0.0,0.8260294089996023,RfamFamily
RfamFamily_MN099165.1/11358-11425,RfamFamily,68,rnafm_faiss_guided_k14_lofo,faiss,1,consensus,0,14,SRP|SRP|SRP|group_I_intron|group_I_intron|group_I_intron|group_I_intron|SRP|SRP|group_I_intron|group_I_intron|group_I_intron|SRP|group_I_intron,0.0,0,0.3439024510985688,0.0,0.0,0.0,0.4052100850003626,0.0007981970002219896,0.0,0.4060082820005846,RfamFamily
RfamFamily_URS0001A23E60_12908/1-28,RfamFamily,28,rnafm_faiss_guided_k14_lofo,faiss,1,consensus,0,14,SRP|SRP|SRP|SRP|tmRNA|SRP|tmRNA|SRP|SRP|SRP|SRP|SRP|SRP|group_I_intron,0.0,0,0.09755168537096483,0.0,0.0,0.0,0.21516384900041885,0.0009389440001541516,0.0,0.216102793000573,RfamFamily
RfamFamily_URS0000D6A558_12908/1-224,RfamFamily,224,rnafm_faiss_guided_k14_lofo,faiss,1,consensus,0,14,group_I_intron|tmRNA|group_I_intron|group_I_intron|group_I_intron|group_I_intron|group_I_intron|group_I_intron|group_I_intron|group_I_intron|group_I_intron|RNaseP|group_I_intron|group_I_intron,0.0,0,0.8496500891133477,0.0,0.0,0.0,1.2411437729997488,0.0008440080000582384,0.0,1.241987780999807,RfamFamily
RfamFamily_URS0000D6766E_1402570/1-92,RfamFamily,92,rnafm_faiss_guided_k14_lofo,faiss,1,consensus,0,14,SRP|SRP|SRP|group_I_intron|SRP|SRP|SRP|SRP|group_I_intron|group_I_intron|group_I_intron|group_I_intron|group_I_intron|group_I_intron,0.0,0,0.42434026871010905,0.0,0.0,0.0,0.47999867299949983,0.0006248029994821991,0.0,0.48062347599898203,RfamFamily
RfamFamily_URS00007E4BD2_9823/1-77,RfamFamily,77,rnafm_faiss_guided_k14_lofo,faiss,1,consensus,0,14,SRP|SRP|SRP|SRP|SRP|SRP|SRP|SRP|SRP|SRP|SRP|SRP|SRP|SRP,0.0,0,0.1883299161471416,0.0,0.0,0.0,0.4006154439994134,0.0008234550004999619,0.0,0.40143889899991336,RfamFamily
RfamFamily_NC_025655.1/64617-64498,RfamFamily,120,rnafm_faiss_guided_k14_lofo,faiss,1,consensus,0,14,SRP|SRP|SRP|RNaseP|RNaseP|SRP|SRP|RNaseP|RNaseP|RNaseP|SRP|SRP|group_I_intron|group_I_intron,0.0,0,0.349863097856334,0.0,0.0,0.0,0.676884911000343,0.0008573630002501886,0.0,0.6777422740005932,RfamFamily
RfamFamily_AE008922.1/876753-877065,RfamFamily,313,rnafm_faiss_guided_k14_lofo,faiss,1,consensus,0,14,SRP|SRP|SRP|SRP|RNaseP|RNaseP|group_I_intron|SRP|SRP|SRP|tmRNA|group_I_intron|group_I_intron|group_I_intron,0.0,0,0.6686460383184247,0.0,0.0,0.0,1.290816034999807,0.0008419559999310877,0.0,1.291657990999738,RfamFamily
RfamFamily_AL359751.12/12472-12675,RfamFamily,204,rnafm_faiss_guided_k14_lofo,faiss,1,consensus,0,14,group_I_intron|RNaseP|RNaseP|group_I_intron|group_I_intron|RNaseP|RNaseP|RNaseP|RNaseP|SRP|SRP|RNaseP|group_I_intron|SRP,0.0,0,0.4579107177800435,0.0,0.0,0.0,1.0364296890002151,0.0008465210003123502,0.0,1.0372762100005275,RfamFamily
RfamFamily_URS0000D5617F_7998/1-63,RfamFamily,63,rnafm_faiss_guided_k14_lofo,faiss,1,consensus,0,14,SRP|SRP|SRP|SRP|SRP|SRP|SRP|SRP|SRP|SRP|SRP|SRP|SRP|SRP,0.0,0,0.16047411155842511,0.0,0.0,0.0,0.3636532860000443,0.0008525570001438609,0.0,0.3645058430001882,RfamFamily
RfamFamily_URS0000D6BC5E_12908/1-85,RfamFamily,85,rnafm_faiss_guided_k14_lofo,faiss,1,consensus,0,14,SRP|group_I_intron|SRP|group_I_intron|SRP|SRP|group_I_intron|group_I_intron|group_I_intron|group_I_intron|group_I_intron|group_I_intron|RNaseP|group_I_intron,0.0,0,0.30890658472853605,0.0,0.0,0.0,0.4785750659993937,0.000821182000436238,0.0,0.47939624799982994,RfamFamily
RfamFamily_NC_035356.1/326-379,RfamFamily,54,rnafm_faiss_guided_k14_lofo,faiss,1,consensus,0,14,SRP|SRP|SRP|SRP|SRP|SRP|SRP|SRP|SRP|SRP|tmRNA|SRP|SRP|group_I_intron,0.0,0,0.22126078890503512,0.0,0.0,0.0,0.32074194300003,0.0009304309996878146,0.0,0.3216723739997178,RfamFamily
RfamFamily_URS0000D51C3B_6253/9-79,RfamFamily,71,rnafm_faiss_guided_k14_lofo,faiss,1,consensus,0,14,SRP|SRP|SRP|SRP|SRP|SRP|SRP|SRP|SRP|SRP|SRP|SRP|RNaseP|SRP,0.0,0,0.22193167051726753,0.0,0.0,0.0,0.4182830339996144,0.0008534910002708784,0.0,0.4191365249998853,RfamFamily
RfamFamily_AANU01175104.1/38293-38330,RfamFamily,38,rnafm_faiss_guided_k14_lofo,faiss,1,consensus,0,14,SRP|SRP|SRP|tmRNA|SRP|tmRNA|RNaseP|SRP|SRP|SRP|SRP|group_I_intron|SRP|SRP,0.0,0,0.1545017163027286,0.0,0.0,0.0,0.25435144800030685,0.0008350910002263845,0.0,0.25518653900053323,RfamFamily
RfamFamily_CU638697.5/2356-2485,RfamFamily,130,rnafm_faiss_guided_k14_lofo,faiss,1,consensus,0,14,SRP|SRP|SRP|SRP|SRP|SRP|SRP|SRP|RNaseP|SRP|SRP|SRP|SRP|SRP,0.0,0,0.14337181010620242,0.0,0.0,0.0,0.693705826999576,0.0009738710004967288,0.0,0.6946796980000727,RfamFamily
RfamFamily_CAAJ01000274.1/402-548,RfamFamily,147,rnafm_faiss_guided_k14_lofo,faiss,1,consensus,0,14,SRP|SRP|SRP|tmRNA|tmRNA|tmRNA|RNaseP|RNaseP|RNaseP|SRP|SRP|RNaseP|group_I_intron|group_I_intron,0.0,0,0.20792018143263685,0.0,0.0,0.0,0.7671647730003315,0.0008367250002265791,0.0,0.7680014980005581,RfamFamily
RfamFamily_CR848038.1/730177-730601,RfamFamily,425,rnafm_faiss_guided_k14_lofo,faiss,1,consensus,0,14,tmRNA|tmRNA|tmRNA|tmRNA|tmRNA|tmRNA|tmRNA|tmRNA|tmRNA|tmRNA|tmRNA|tmRNA|tmRNA|tmRNA,0.0,0,1.2941737992670146,0.0,0.0,0.0,1.9352307389999623,0.001993762999518367,0.0,1.9372245019994807,RfamFamily
RfamFamily_URS00008FED3F_32046/1-61,RfamFamily,61,rnafm_faiss_guided_k14_lofo,faiss,1,consensus,0,14,SRP|SRP|SRP|SRP|group_I_intron|group_I_intron|SRP|SRP|SRP|SRP|group_I_intron|SRP|group_I_intron|group_I_intron,0.0,0,0.48085264401771566,0.0,0.0,0.0,0.588553481999952,0.0009551769999234239,0.0,0.5895086589998755,RfamFamily
RfamFamily_URS0000D6B0E8_1286640/1-80,RfamFamily,80,rnafm_faiss_guided_k14_lofo,faiss,1,consensus,0,14,SRP|SRP|group_I_intron|group_I_intron|group_I_intron|SRP|SRP|RNaseP|group_I_intron|SRP|SRP|group_I_intron|SRP|SRP,0.0,0,0.2932082967795838,0.0,0.0,0.0,0.6431360329997915,0.0009145869998974376,0.0,0.6440506199996889,RfamFamily
RfamFamily_Y13052.1/1021-1172,RfamFamily,152,rnafm_faiss_guided_k14_lofo,faiss,1,consensus,0,14,SRP|group_I_intron|RNaseP|RNaseP|RNaseP|group_I_intron|tmRNA|group_I_intron|group_I_intron|SRP|RNaseP|group_I_intron|group_I_intron|RNaseP,0.0,0,0.4435472674434552,0.0,0.0,0.0,1.168865525000001,0.0009257519996026531,0.0,1.1697912769996037,RfamFamily
RfamFamily_URS0000D6772B_498213/1-210,RfamFamily,210,rnafm_faiss_guided_k14_lofo,faiss,1,consensus,0,14,SRP|SRP|SRP|RNaseP|RNaseP|SRP|SRP|SRP|SRP|SRP|SRP|SRP|RNaseP|SRP,0.0,0,0.14624590132359194,0.0,0.0,0.0,1.475696097000764,0.0008160900006259908,0.0,1.47651218700139,RfamFamily
RfamFamily_URS0000D65CD1_12908/24-82,RfamFamily,59,rnafm_faiss_guided_k14_lofo,faiss,1,consensus,0,14,SRP|SRP|SRP|SRP|group_I_intron|SRP|group_I_intron|SRP|SRP|SRP|SRP|SRP|SRP|SRP,0.0,0,0.29439488090121746,0.0,0.0,0.0,0.351059453999369,0.0008226669997384306,0.0,0.35188212099910743,RfamFamily
RfamFamily_NC_030706.1/27409-27361,RfamFamily,49,rnafm_faiss_guided_k14_lofo,faiss,1,consensus,0,14,SRP|SRP|RNaseP|tmRNA|group_I_intron|RNaseP|SRP|RNaseP|RNaseP|RNaseP|group_I_intron|SRP|SRP|RNaseP,0.0,0,0.26008724602185335,0.0,0.0,0.0,0.30742814099994575,0.0008562030006942223,0.0,0.30828434400064,RfamFamily
RfamFamily_URS0000D68DE1_12908/1-49,RfamFamily,49,rnafm_faiss_guided_k14_lofo,faiss,1,consensus,0,14,SRP|SRP|SRP|SRP|SRP|SRP|SRP|SRP|SRP|SRP|SRP|SRP|SRP|SRP,0.0,0,0.23384706647804165,0.0,0.0,0.0,0.29100011300033657,0.0008052930006670067,0.0,0.2918054060010036,RfamFamily
RfamFamily_URS0000D67D69_12908/1-73,RfamFamily,73,rnafm_faiss_guided_k14_lofo,faiss,1,consensus,0,14,SRP|SRP|SRP|SRP|SRP|SRP|SRP|SRP|SRP|SRP|SRP|SRP|SRP|SRP,0.0,0,0.09435184541043681,0.0,0.0,0.0,0.41287560100045084,0.0010837219997483771,0.0,0.4139593230001992,RfamFamily
RfamFamily_CP000685.1/30089-30168,RfamFamily,80,rnafm_faiss_guided_k14_lofo,faiss,1,consensus,0,14,SRP|SRP|SRP|SRP|SRP|SRP|SRP|SRP|SRP|SRP|SRP|SRP|SRP|SRP,0.0,0,0.09199411267741267,0.0,0.0,0.0,0.450898340999629,0.0008384780003325432,0.0,0.45173681899996154,RfamFamily
RfamFamily_URS000022682F_9600/11-97,RfamFamily,87,rnafm_faiss_guided_k14_lofo,faiss,1,consensus,0,14,SRP|SRP|SRP|SRP|SRP|SRP|SRP|SRP|SRP|SRP|SRP|SRP|RNaseP|SRP,0.0,0,0.1472752259015593,0.0,0.0,0.0,0.46809618699990097,0.0008482550001644995,0.0,0.46894444200006546,RfamFamily
RfamFamily_URS0000D69B17_6183/1-71,RfamFamily,71,rnafm_faiss_guided_k14_lofo,faiss,1,consensus,0,14,SRP|SRP|SRP|SRP|SRP|SRP|SRP|SRP|SRP|SRP|SRP|SRP|SRP|SRP,0.0,0,0.17468107879701003,0.0,0.0,0.0,0.39910908799993194,0.0009377739997944445,0.0,0.4000468619997264,RfamFamily
RfamFamily_U08309.1/180-219,RfamFamily,40,rnafm_faiss_guided_k14_lofo,faiss,1,consensus,0,14,SRP|SRP|SRP|SRP|SRP|SRP|SRP|group_I_intron|SRP|SRP|RNaseP|group_I_intron|group_I_intron|group_I_intron,0.0,0,0.25291106716882383,0.0,0.0,0.0,0.26848195900038263,0.0008664229999340023,0.0,0.26934838200031663,RfamFamily
RfamFamily_ABIN01000073.1/238558-238450,RfamFamily,109,rnafm_faiss_guided_k14_lofo,faiss,1,consensus,0,14,group_I_intron|group_I_intron|group_I_intron|group_I_intron|group_I_intron|group_I_intron|group_I_intron|group_I_intron|group_I_intron|group_I_intron|RNaseP|group_I_intron|group_I_intron|SRP,0.0,0,0.6213089694063638,0.0,0.0,0.0,0.6106021240002519,0.0008400439992328756,0.0,0.6114421679994848,RfamFamily
RfamFamily_AL596169.1/42600-42374,RfamFamily,227,rnafm_faiss_guided_k14_lofo,faiss,1,consensus,0,14,group_I_intron|tmRNA|group_I_intron|tmRNA|RNaseP|group_I_intron|group_I_intron|group_I_intron|RNaseP|RNaseP|RNaseP|group_I_intron|group_I_intron|SRP,0.0,0,0.5386122329806692,0.0,0.0,0.0,1.143508099000428,0.0008822259997032234,0.0,1.1443903250001313,RfamFamily
RfamFamily_AL591976.1/163031-162948,RfamFamily,84,rnafm_faiss_guided_k14_lofo,faiss,1,consensus,0,14,SRP|tmRNA|tmRNA|SRP|group_I_intron|SRP|group_I_intron|group_I_intron|SRP|group_I_intron|group_I_intron|group_I_intron|group_I_intron|group_I_intron,0.0,0,0.23405756023658175,0.0,0.0,0.0,0.4648366649998934,0.000826616000267677,0.0,0.4656632810001611,RfamFamily
RfamFamily_URS0001A240B9_1262650/1-30,RfamFamily,30,rnafm_faiss_guided_k14_lofo,faiss,1,consensus,0,14,SRP|SRP|SRP|SRP|SRP|SRP|SRP|SRP|SRP|RNaseP|SRP|SRP|SRP|SRP,0.0,0,0.15698040389259518,0.0,0.0,0.0,0.2308187190001263,0.0008954259992606239,0.0,0.23171414499938692,RfamFamily
RfamFamily_AP012224.1/1116719-1116633,RfamFamily,87,rnafm_faiss_guided_k14_lofo,faiss,1,consensus,0,14,SRP|SRP|SRP|SRP|SRP|SRP|SRP|RNaseP|RNaseP|RNaseP|RNaseP|SRP|RNaseP|tmRNA,0.0,0,0.22222795861546604,0.0,0.0,0.0,0.6025260469996283,0.0009539459997540689,0.0,0.6034799929993824,RfamFamily
RfamFamily_URS000075AE4F_9598/4-89,RfamFamily,86,rnafm_faiss_guided_k14_lofo,faiss,1,consensus,0,14,SRP|SRP|SRP|SRP|SRP|SRP|SRP|SRP|SRP|SRP|SRP|SRP|SRP|RNaseP,0.0,0,0.15881036499413995,0.0,0.0,0.0,0.45144505799999024,0.0007996989997991477,0.0,0.4522447569997894,RfamFamily
RfamFamily_OQ570952.1/3340-3389,RfamFamily,50,rnafm_faiss_guided_k14_lofo,faiss,1,consensus,0,14,SRP|SRP|SRP|SRP|SRP|SRP|SRP|group_I_intron|group_I_intron|group_I_intron|SRP|SRP|tmRNA|group_I_intron,0.0,0,0.3224293666985987,0.0,0.0,0.0,0.3015633529994375,0.0011783859999923152,0.0,0.3027417389994298,RfamFamily
RfamFamily_AEYY01000041.1/46473-46538,RfamFamily,66,rnafm_faiss_guided_k14_lofo,faiss,1,consensus,0,14,SRP|SRP|SRP|tmRNA|RNaseP|SRP|group_I_intron|group_I_intron|RNaseP|tmRNA|RNaseP|group_I_intron|RNaseP|group_I_intron,0.0,0,0.2160694425380494,0.0,0.0,0.0,0.38239630899988697,0.0008125049998852774,0.0,0.38320881399977225,RfamFamily
RfamFamily_CP000879.1/1345398-1345321,RfamFamily,78,rnafm_faiss_guided_k14_lofo,faiss,1,consensus,0,14,SRP|SRP|SRP|SRP|group_I_intron|group_I_intron|SRP|group_I_intron|group_I_intron|SRP|SRP|group_I_intron|group_I_intron|SRP,0.0,0,0.2841962544167515,0.0,0.0,0.0,0.41342858799998794,0.0008300110002892325,0.0,0.4142585990002772,RfamFamily
RfamFamily_AAQQ01697070.1/589-684,RfamFamily,96,rnafm_faiss_guided_k14_lofo,faiss,1,consensus,0,14,SRP|SRP|SRP|SRP|SRP|SRP|RNaseP|group_I_intron|SRP|SRP|group_I_intron|SRP|RNaseP|SRP,0.0,0,0.3307842336134243,0.0,0.0,0.0,0.5155407460006245,0.0008280470001409412,0.0,0.5163687930007654,RfamFamily
RfamFamily_X53443.1/135-206,RfamFamily,72,rnafm_faiss_guided_k14_lofo,faiss,1,consensus,0,14,tRNA|tRNA|tRNA|tRNA|tRNA|tRNA|tRNA|tRNA|tRNA|tRNA|tRNA|tRNA|tRNA|tRNA,0.0,0,0.30912154078970816,0.0,0.0,0.0,0.3983358989999033,0.001015959999676852,0.0,0.39935185899958014,RfamFamily
RfamFamily_URS00002ECE14_9606/4-72,RfamFamily,69,rnafm_faiss_guided_k14_lofo,faiss,1,consensus,0,14,SRP|SRP|SRP|SRP|SRP|SRP|SRP|SRP|SRP|SRP|SRP|SRP|SRP|SRP,0.0,0,0.13680421787310582,0.0,0.0,0.0,0.40243676999944,0.0008600299997851835,0.0,0.4032967999992252,RfamFamily
RfamFamily_ABDC01385912.1/1808-1883,RfamFamily,76,rnafm_faiss_guided_k14_lofo,faiss,1,consensus,0,14,RNaseP|SRP|SRP|SRP|group_I_intron|SRP|SRP|group_I_intron|RNaseP|RNaseP|group_I_intron|RNaseP|group_I_intron|RNaseP,0.0,0,0.35298601418372366,0.0,0.0,0.0,0.4172929700007444,0.0008247519999713404,0.0,0.41811772200071573,RfamFamily
SRP-Clos.botu._AM412317,SRP,244,rnafm_faiss_guided_k14_lofo,faiss,1,consensus,0,14,RfamFamily|RfamFamily|RfamFamily|RfamFamily|RfamFamily|group_I_intron|tmRNA|tmRNA|tmRNA|tmRNA|tmRNA|RfamFamily|RfamFamily|tmRNA,0.0,0,0.11510507297321168,0.6619718309859155,0.6911764705882353,0.6762589928057554,1.7832439750000049,0.0008777100001680083,0.0,1.7841216850001729,SRP
SRP-archael-Arch.fulg._AE000782,SRP,310,rnafm_faiss_guided_k14_lofo,faiss,1,consensus,0,14,RNaseP|RNaseP|RfamFamily|RNaseP|group_I_intron|RNaseP|RfamFamily|group_I_intron|group_I_intron|group_I_intron|tmRNA|RNaseP|group_I_intron|group_I_intron,0.0,0,0.24302424312189147,0.839622641509434,0.8557692307692307,0.8476190476190476,1.9001316399999268,0.000920141000278818,0.0,1.9010517810002057,SRP
SRP-plant-Oryz.sati._AP008207,SRP,318,rnafm_faiss_guided_k14_lofo,faiss,1,consensus,0,14,RNaseP|RNaseP|group_I_intron|RfamFamily|group_I_intron|group_I_intron|group_I_intron|tmRNA|group_I_intron|group_I_intron|RNaseP|group_I_intron|RNaseP|group_I_intron,0.0,0,0.14388413922589088,0.22988505747126436,0.2,0.21390374331550802,1.7320435490000818,0.0008506760004820535,0.0,1.732894225000564,SRP
SRP-fungal-Kluy.walt._AADM01000319,SRP,411,rnafm_faiss_guided_k14_lofo,faiss,1,consensus,0,14,group_I_intron|RNaseP|RNaseP|RNaseP|group_I_intron|group_I_intron|group_I_intron|group_I_intron|group_I_intron|group_I_intron|group_I_intron|group_I_intron|group_I_intron|RNaseP,0.0,0,0.9829642560096171,0.43410852713178294,0.4628099173553719,0.448,1.4265786770001796,0.0008610940003563883,0.0,1.427439771000536,SRP
SRP-protozoan-Leis.braz._AM494942,SRP,279,rnafm_faiss_guided_k14_lofo,faiss,1,consensus,0,14,group_I_intron|group_I_intron|group_I_intron|group_I_intron|group_I_intron|group_I_intron|group_I_intron|group_I_intron|group_I_intron|group_I_intron|group_I_intron|group_I_intron|group_I_intron|group_I_intron,0.0,0,0.5543872944499791,0.3793103448275862,0.3548387096774194,0.36666666666666664,1.3127266609999424,0.0008667350002724561,0.0,1.3135933960002149,SRP
SRP-animal-Homo.sapi._BU566619,SRP,302,rnafm_faiss_guided_k14_lofo,faiss,1,consensus,0,14,5S_rRNA|RNaseP|RNaseP|RfamFamily|RNaseP|RNaseP|RNaseP|RNaseP|RNaseP|RNaseP|RNaseP|tRNA|tRNA|tRNA,0.0,0,0.09255973008699296,0.21568627450980393,0.24175824175824176,0.22797927461139894,1.2917650590006815,0.0008606230003351811,0.0,1.2926256820010167,SRP
SRP-Brug.mala._GSP-6279,SRP,301,rnafm_faiss_guided_k14_lofo,faiss,1,consensus,0,14,RNaseP|RNaseP|RNaseP|RNaseP|group_I_intron|RfamFamily|RNaseP|group_I_intron|RNaseP|group_I_intron|RNaseP|RNaseP|RNaseP|RNaseP,0.0,0,0.14339544864475212,0.8367346938775511,0.8118811881188119,0.8241206030150754,1.2663742409995393,0.0007608639998579747,0.0,1.2671351049993973,SRP
SRP-protozoan-Tryp.viva._SDB-5699,SRP,290,rnafm_faiss_guided_k14_lofo,faiss,1,consensus,0,14,RfamFamily|group_I_intron|RfamFamily|group_I_intron|RNaseP|group_I_intron|RfamFamily|group_I_intron|RfamFamily|group_I_intron|group_I_intron|group_I_intron|group_I_intron|tmRNA,0.0,0,0.638863962825276,0.8041237113402062,0.7959183673469388,0.8,1.2838148169994383,0.0009026589996210532,0.0,1.2847174759990594,SRP
SRP-Stap.aure._BA000018,SRP,101,rnafm_faiss_guided_k14_lofo,faiss,1,consensus,0,14,RfamFamily|RfamFamily|RfamFamily|RfamFamily|RfamFamily|RfamFamily|5S_rRNA|RfamFamily|RfamFamily|5S_rRNA|RfamFamily|RfamFamily|5S_rRNA|RfamFamily,0.0,0,0.14748528883888376,0.0,0.0,0.0,0.5321070159998271,0.0008552940007575671,0.0,0.5329623100005847,SRP
SRP-Lact.lact._AE006305,SRP,77,rnafm_faiss_guided_k14_lofo,faiss,1,consensus,0,14,RfamFamily|RfamFamily|RfamFamily|RfamFamily|RfamFamily|RfamFamily|RfamFamily|RfamFamily|RfamFamily|RfamFamily|RfamFamily|RfamFamily|RfamFamily|RfamFamily,0.0,0,0.3183825285602979,0.9130434782608695,0.84,0.8749999999999999,0.41780479999943054,0.0008468959995298064,0.0,0.41865169599896035,SRP
SRP-animal-Sus.scro._BP459377,SRP,284,rnafm_faiss_guided_k14_lofo,faiss,1,consensus,0,14,RfamFamily|RNaseP|RNaseP|RNaseP|RNaseP|RNaseP|RNaseP|RNaseP|RfamFamily|RNaseP|RNaseP|tRNA|5S_rRNA|RNaseP,0.0,0,0.0687292667550875,0.5978260869565217,0.5978260869565217,0.5978260869565217,1.416480400999717,0.000915145000362827,0.0,1.4173955460000798,SRP
SRP-plant-Trit.aest._X13914,SRP,302,rnafm_faiss_guided_k14_lofo,faiss,1,consensus,0,14,RNaseP|RNaseP|RfamFamily|tmRNA|group_I_intron|RfamFamily|RNaseP|tmRNA|tmRNA|tmRNA|tmRNA|RfamFamily|group_I_intron|group_I_intron,0.0,0,0.12546949236065535,0.5473684210526316,0.5473684210526316,0.5473684210526316,2.0044763230007447,0.000963931000114826,0.0,2.0054402540008596,SRP
SRP-Proc.mari._CP000554,SRP,81,rnafm_faiss_guided_k14_lofo,faiss,1,consensus,0,14,RfamFamily|RfamFamily|RfamFamily|RfamFamily|RfamFamily|RfamFamily|RfamFamily|RfamFamily|group_I_intron|RfamFamily|RfamFamily|RfamFamily|RfamFamily|RfamFamily,0.0,0,0.21246581351946606,0.0,0.0,0.0,0.6830388929993205,0.0009399430000485154,0.0,0.683978835999369,SRP
SRP-Myco.hyop._AE017243,SRP,101,rnafm_faiss_guided_k14_lofo,faiss,1,consensus,0,14,RfamFamily|RfamFamily|RfamFamily|RfamFamily|RfamFamily|RfamFamily|RfamFamily|RfamFamily|RfamFamily|RfamFamily|RfamFamily|RfamFamily|RfamFamily|RfamFamily,0.0,0,0.373413574629923,0.8,0.8571428571428571,0.8275862068965518,0.7814162239992584,0.0009340520000478136,0.0,0.7823502759993062,SRP
SRP-Zea.mays._CK700970,SRP,303,rnafm_faiss_guided_k14_lofo,faiss,1,consensus,0,14,RNaseP|RNaseP|group_I_intron|group_I_intron|RNaseP|tmRNA|group_I_intron|group_I_intron|tmRNA|group_I_intron|group_I_intron|RNaseP|group_I_intron|group_I_intron,0.0,0,0.21286021572777652,0.6907216494845361,0.6442307692307693,0.6666666666666666,1.7325749720002932,0.0008466700001008576,0.0,1.733421642000394,SRP
SRP-animal-Taen.gutt._CK235759,SRP,270,rnafm_faiss_guided_k14_lofo,faiss,1,consensus,0,14,RNaseP|RNaseP|RNaseP|RNaseP|RNaseP|RNaseP|RNaseP|RfamFamily|RNaseP|RNaseP|group_I_intron|RNaseP|RNaseP|RNaseP,0.0,0,0.08785513178724502,0.7654320987654321,0.7294117647058823,0.7469879518072289,1.2987394740002856,0.0008868659997460782,0.0,1.2996263400000316,SRP
SRP-plant-Bras.napu._EE411027,SRP,308,rnafm_faiss_guided_k14_lofo,faiss,1,consensus,0,14,RNaseP|RNaseP|group_I_intron|tmRNA|RfamFamily|RfamFamily|group_I_intron|group_I_intron|group_I_intron|group_I_intron|RNaseP|tmRNA|tmRNA|tmRNA,0.0,0,0.11897271847079309,0.6122448979591837,0.6060606060606061,0.6091370558375634,1.3140889500000412,0.0008162650001395377,0.0,1.3149052150001808,SRP
SRP-Thio.deni._CP000116,SRP,113,rnafm_faiss_guided_k14_lofo,faiss,1,consensus,0,14,RfamFamily|RfamFamily|RfamFamily|RfamFamily|RfamFamily|RfamFamily|RfamFamily|RNaseP|RfamFamily|RNaseP|RfamFamily|group_I_intron|RfamFamily|RfamFamily,0.0,0,0.18264390596108435,0.9743589743589743,0.926829268292683,0.9500000000000001,0.6208905499997854,0.0008933869994507404,0.0,0.6217839369992362,SRP
SRP-small_bacterial-Sacc.eryt._AM420293,SRP,53,rnafm_faiss_guided_k14_lofo,faiss,1,consensus,0,14,RfamFamily|RfamFamily|RfamFamily|RfamFamily|RfamFamily|RfamFamily|RfamFamily|RfamFamily|RNaseP|RfamFamily|group_I_intron|group_I_intron|RfamFamily|RNaseP,0.0,0,0.2297190332722964,0.0,0.0,0.0,0.2973632980001639,0.0006470900007116143,0.0,0.29801038800087554,SRP
SRP-small_bacterial-Lact.sali._CP000233,SRP,31,rnafm_faiss_guided_k14_lofo,faiss,1,consensus,0,14,RfamFamily|RfamFamily|RfamFamily|RfamFamily|RfamFamily|RfamFamily|RfamFamily|group_I_intron|RfamFamily|RfamFamily|group_I_intron|group_I_intron|RfamFamily|RfamFamily,0.0,0,0.16909750895525935,1.0,1.0,1.0,0.2052192159999322,0.0007972890007295064,0.0,0.2060165050006617,SRP
SRP-Borr.gari._CP000013,SRP,107,rnafm_faiss_guided_k14_lofo,faiss,1,consensus,0,14,RfamFamily|RfamFamily|RfamFamily|RfamFamily|RfamFamily|group_I_intron|RfamFamily|RfamFamily|group_I_intron|RfamFamily|RfamFamily|RfamFamily|RfamFamily|RfamFamily,0.0,0,0.21774349732443765,0.0,0.0,0.0,0.5924820469999759,0.0029885500007367227,0.0,0.5954705970007126,SRP
SRP-archael-Pyro.aero._AE009852,SRP,322,rnafm_faiss_guided_k14_lofo,faiss,1,consensus,0,14,RNaseP|group_I_intron|group_I_intron|RfamFamily|group_I_intron|group_I_intron|RfamFamily|RfamFamily|group_I_intron|RfamFamily|group_I_intron|group_I_intron|tmRNA|group_I_intron,0.0,0,0.3088698108096696,0.5490196078431373,0.49557522123893805,0.5209302325581394,1.4214233880002212,0.000831831000141392,0.0,1.4222552190003626,SRP
SRP-fungal-Pich.stip._CP000502,SRP,98,rnafm_faiss_guided_k14_lofo,faiss,1,consensus,0,14,RfamFamily|RfamFamily|RfamFamily|RfamFamily|RfamFamily|RfamFamily|RfamFamily|RfamFamily|RfamFamily|RfamFamily|RfamFamily|RfamFamily|RfamFamily|RfamFamily,0.0,0,0.5639816263865183,0.9285714285714286,0.43333333333333335,0.5909090909090909,0.5038757239999541,0.0009841149994826992,0.0,0.5048598389994368,SRP
SRP-protozoan-Leis.dono._AY781793,SRP,138,rnafm_faiss_guided_k14_lofo,faiss,1,consensus,0,14,group_I_intron|RfamFamily|group_I_intron|group_I_intron|group_I_intron|group_I_intron|group_I_intron|group_I_intron|group_I_intron|RfamFamily|group_I_intron|group_I_intron|group_I_intron|group_I_intron,0.0,0,0.585928573944952,0.42857142857142855,0.13953488372093023,0.2105263157894737,0.7395811830001549,0.0008294949993796763,0.0,0.7404106779995345,SRP
SRP-plant-Humu.japo._X65990,SRP,301,rnafm_faiss_guided_k14_lofo,faiss,1,consensus,0,14,RNaseP|RNaseP|RNaseP|group_I_intron|group_I_intron|group_I_intron|tmRNA|group_I_intron|group_I_intron|group_I_intron|group_I_intron|RNaseP|RNaseP|group_I_intron,0.0,0,0.1823915606181143,0.5922330097087378,0.6288659793814433,0.61,1.290476213999682,0.0010000980000768322,0.0,1.2914763119997588,SRP
SRP-archael-Pyro.isla._CP000504,SRP,244,rnafm_faiss_guided_k14_lofo,faiss,1,consensus,0,14,group_I_intron|group_I_intron|group_I_intron|group_I_intron|group_I_intron|group_I_intron|group_I_intron|group_I_intron|group_I_intron|group_I_intron|group_I_intron|group_I_intron|group_I_intron|group_I_intron,0.0,0,0.4546240550260459,0.6274509803921569,0.3595505617977528,0.45714285714285713,1.5736583190000601,0.0009570060001351521,0.0,1.5746153250001953,SRP
SRP-long_bacterial-Baci.thur._CP000485,SRP,269,rnafm_faiss_guided_k14_lofo,faiss,1,consensus,0,14,RfamFamily|RfamFamily|RfamFamily|RfamFamily|RNaseP|RNaseP|RNaseP|RfamFamily|RfamFamily|RNaseP|RNaseP|RNaseP|RNaseP|RNaseP,0.0,0,0.14749564279882038,0.6436781609195402,0.6588235294117647,0.6511627906976745,1.9027646869999444,0.0009395409997523529,0.0,1.9037042279996967,SRP
SRP-Baci.mega._D11414,SRP,270,rnafm_faiss_guided_k14_lofo,faiss,1,consensus,0,14,RfamFamily|RfamFamily|RfamFamily|RNaseP|RfamFamily|RNaseP|group_I_intron|RNaseP|RNaseP|RNaseP|RfamFamily|RNaseP|RNaseP|RfamFamily,0.0,0,0.15093210548905203,0.6629213483146067,0.6555555555555556,0.659217877094972,1.8927581349998945,0.001004609999654349,0.0,1.8937627449995489,SRP
SRP-archael-Pyro.furi._AE010126,SRP,319,rnafm_faiss_guided_k14_lofo,faiss,1,consensus,0,14,RNaseP|RNaseP|RNaseP|RfamFamily|group_I_intron|group_I_intron|RNaseP|group_I_intron|group_I_intron|RfamFamily|RNaseP|group_I_intron|tmRNA|group_I_intron,0.0,0,0.2416165371835446,0.8363636363636363,0.8440366972477065,0.8401826484018265,1.4460253309998734,0.0010382909995314549,0.0,1.4470636219994049,SRP
SRP-fungal-Neur.cras._AL669999,SRP,282,rnafm_faiss_guided_k14_lofo,faiss,1,consensus,0,14,RNaseP|RNaseP|group_I_intron|group_I_intron|group_I_intron|group_I_intron|group_I_intron|RfamFamily|RNaseP|group_I_intron|RfamFamily|group_I_intron|RfamFamily|group_I_intron,0.0,0,0.7765031301234825,0.654320987654321,0.5578947368421052,0.6022727272727273,1.2829301060000944,0.0008280930005639675,0.0,1.2837581990006584,SRP
SRP-small_bacterial-Lact.delb._CP000412,SRP,91,rnafm_faiss_guided_k14_lofo,faiss,1,consensus,0,14,RfamFamily|group_I_intron|RfamFamily|RfamFamily|RfamFamily|group_I_intron|RfamFamily|RfamFamily|group_I_intron|group_I_intron|RfamFamily|group_I_intron|RfamFamily|RfamFamily,0.0,0,0.20807590220560973,0.0,0.0,0.0,0.47695321399987733,0.000861581000208389,0.0,0.4778147950000857,SRP
SRP-small_bacterial-Ente.faec._AE016830,SRP,93,rnafm_faiss_guided_k14_lofo,faiss,1,consensus,0,14,RfamFamily|RfamFamily|RfamFamily|RfamFamily|RfamFamily|RfamFamily|RfamFamily|RfamFamily|RfamFamily|RfamFamily|RfamFamily|RfamFamily|RfamFamily|RfamFamily,0.0,0,0.18684884003439847,0.8076923076923077,0.8076923076923077,0.8076923076923077,0.4838459239999793,0.0007100279999576742,0.0,0.48455595199993695,SRP
SRP-protozoan-Babe.bige._GSP-5866,SRP,280,rnafm_faiss_guided_k14_lofo,faiss,1,consensus,0,14,group_I_intron|group_I_intron|group_I_intron|group_I_intron|group_I_intron|group_I_intron|group_I_intron|group_I_intron|group_I_intron|group_I_intron|RfamFamily|group_I_intron|RNaseP|RNaseP,0.0,0,0.7882789769003512,0.34444444444444444,0.3522727272727273,0.34831460674157305,1.2177527539997755,0.0006415479992938344,0.0,1.2183943019990693,SRP
SRP-plant-Arab.thal._AL161495,SRP,306,rnafm_faiss_guided_k14_lofo,faiss,1,consensus,0,14,RNaseP|RNaseP|RfamFamily|tmRNA|group_I_intron|group_I_intron|group_I_intron|group_I_intron|group_I_intron|group_I_intron|group_I_intron|tmRNA|tmRNA|tmRNA,0.0,0,0.12415716932388197,0.42574257425742573,0.45263157894736844,0.4387755102040816,1.1983286300001055,0.0008124389996737591,0.0,1.1991410689997792,SRP
SRP-Burk.mall._CP000548,SRP,105,rnafm_faiss_guided_k14_lofo,faiss,1,consensus,0,14,5S_rRNA|5S_rRNA|RfamFamily|5S_rRNA|RfamFamily|5S_rRNA|5S_rRNA|RfamFamily|5S_rRNA|5S_rRNA|tRNA|RfamFamily|5S_rRNA|5S_rRNA,0.0,0,0.1620143587296014,0.23529411764705882,0.36363636363636365,0.2857142857142857,0.5541033119998247,0.0009008769993670285,0.0,0.5550041889991917,SRP
SRP-animal-Homo.sapi._NR_002715,SRP,301,rnafm_faiss_guided_k14_lofo,faiss,1,consensus,0,14,5S_rRNA|RNaseP|RNaseP|RfamFamily|RNaseP|RNaseP|RNaseP|RNaseP|RNaseP|RNaseP|RNaseP|tRNA|tRNA|tRNA,0.0,0,0.09255973008699296,0.10891089108910891,0.11702127659574468,0.11282051282051284,1.2769338230000358,0.0008385820001421962,0.0,1.277772405000178,SRP
SRP-Leis.dono._AY722734,SRP,138,rnafm_faiss_guided_k14_lofo,faiss,1,consensus,0,14,group_I_intron|RfamFamily|group_I_intron|group_I_intron|group_I_intron|group_I_intron|group_I_intron|group_I_intron|group_I_intron|RfamFamily|group_I_intron|group_I_intron|group_I_intron|group_I_intron,0.0,0,0.585928573944952,0.42857142857142855,0.13953488372093023,0.2105263157894737,0.7337382360001357,0.0008010459996512509,0.0,0.7345392819997869,SRP
SRP-fungal-Sacc.cere._U18917,SRP,493,rnafm_faiss_guided_k14_lofo,faiss,1,consensus,0,14,RNaseP|RfamFamily|RNaseP|group_I_intron|group_I_intron|group_I_intron|group_I_intron|group_I_intron|group_I_intron|group_I_intron|group_I_intron|group_I_intron|group_I_intron|RfamFamily,0.0,0,0.9347987913286545,0.5398773006134969,0.5534591194968553,0.546583850931677,1.8233562039995377,0.0009422530001756968,0.0,1.8242984569997134,SRP
SRP-long_bacterial-Baci.amyl._D11416,SRP,271,rnafm_faiss_guided_k14_lofo,faiss,1,consensus,0,14,RfamFamily|RfamFamily|RfamFamily|RfamFamily|RfamFamily|RNaseP|RfamFamily|RNaseP|RNaseP|RNaseP|RNaseP|RNaseP|RNaseP|RNaseP,0.0,0,0.1509374675009006,0.3076923076923077,0.32558139534883723,0.3163841807909605,1.94684927399976,0.000932082999497652,0.0,1.9477813569992577,SRP
SRP-long_bacterial-Stap.sapr._AP008934,SRP,101,rnafm_faiss_guided_k14_lofo,faiss,1,consensus,0,14,RfamFamily|RfamFamily|RfamFamily|RfamFamily|RfamFamily|5S_rRNA|5S_rRNA|RfamFamily|5S_rRNA|RfamFamily|RfamFamily|5S_rRNA|5S_rRNA|RfamFamily,0.0,0,0.144834736484512,0.0,0.0,0.0,0.7884766349998245,0.0010051300005216035,0.0,0.7894817650003461,SRP
SRP-Tryp.viva._SDB-5699,SRP,290,rnafm_faiss_guided_k14_lofo,faiss,1,consensus,0,14,RfamFamily|group_I_intron|RfamFamily|group_I_intron|RNaseP|group_I_intron|RfamFamily|group_I_intron|RfamFamily|group_I_intron|group_I_intron|group_I_intron|group_I_intron|tmRNA,0.0,0,0.638863962825276,0.8041237113402062,0.7959183673469388,0.8,1.5205596730002071,0.0010019020000981982,0.0,1.5215615750003053,SRP
SRP-long_bacterial-Clos.beij._CP000721,SRP,232,rnafm_faiss_guided_k14_lofo,faiss,1,consensus,0,14,group_I_intron|group_I_intron|group_I_intron|RNaseP|group_I_intron|group_I_intron|RNaseP|group_I_intron|group_I_intron|RfamFamily|group_I_intron|RNaseP|group_I_intron|group_I_intron,0.0,0,0.2609575056718416,0.0,0.0,0.0,1.1728554319997784,0.0008228679998865118,0.0,1.1736782999996649,SRP
SRP-Vibr.harv._CP000789,SRP,98,rnafm_faiss_guided_k14_lofo,faiss,1,consensus,0,14,5S_rRNA|5S_rRNA|5S_rRNA|5S_rRNA|5S_rRNA|5S_rRNA|RfamFamily|RfamFamily|5S_rRNA|5S_rRNA|5S_rRNA|5S_rRNA|5S_rRNA|5S_rRNA,0.0,0,0.14083572030271205,0.0,0.0,0.0,0.5020717770003102,0.0008331990002261591,0.0,0.5029049760005364,SRP
SRP-fungal-Aspe.fumi._GSP-41122,SRP,278,rnafm_faiss_guided_k14_lofo,faiss,1,consensus,0,14,group_I_intron|group_I_intron|group_I_intron|group_I_intron|group_I_intron|group_I_intron|group_I_intron|group_I_intron|group_I_intron|group_I_intron|group_I_intron|group_I_intron|group_I_intron|group_I_intron,0.0,0,1.241536246426416,0.7790697674418605,0.7790697674418605,0.7790697674418605,1.294097497000621,0.0009060350002982887,0.0,1.2950035320009192,SRP
SRP-archael-Meth.acet._X17238,SRP,315,rnafm_faiss_guided_k14_lofo,faiss,1,consensus,0,14,RfamFamily|RNaseP|group_I_intron|group_I_intron|RfamFamily|group_I_intron|RfamFamily|RNaseP|RNaseP|group_I_intron|RfamFamily|group_I_intron|tmRNA|RfamFamily,0.0,0,0.1692523459910896,0.8061224489795918,0.79,0.7979797979797979,1.4089085159994283,0.0009361980000903714,0.0,1.4098447139995187,SRP
SRP-plant-Trit.aest._X13914,SRP,302,rnafm_faiss_guided_k14_lofo,faiss,1,consensus,0,14,RNaseP|RNaseP|RfamFamily|tmRNA|group_I_intron|RfamFamily|RNaseP|tmRNA|tmRNA|tmRNA|tmRNA|RfamFamily|group_I_intron|group_I_intron,0.0,0,0.12546949236065535,0.5473684210526316,0.5473684210526316,0.5473684210526316,1.2817582240004413,0.0008906040002329974,0.0,1.2826488280006743,SRP
SRP-fungal-Schi.pomb._M20264,SRP,256,rnafm_faiss_guided_k14_lofo,faiss,1,consensus,0,14,group_I_intron|group_I_intron|RNaseP|RNaseP|RNaseP|group_I_intron|group_I_intron|group_I_intron|group_I_intron|group_I_intron|group_I_intron|group_I_intron|group_I_intron|group_I_intron,0.0,0,0.6388064562065302,0.49382716049382713,0.49382716049382713,0.49382716049382713,1.2745512559995404,0.000820114999442012,0.0,1.2753713709989825,SRP
SRP-animal-Lemu.catt._GSP-9447,SRP,302,rnafm_faiss_guided_k14_lofo,faiss,1,consensus,0,14,RfamFamily|tRNA|tRNA|RNaseP|RNaseP|RNaseP|RNaseP|RNaseP|tRNA|RNaseP|RNaseP|RNaseP|RNaseP|RfamFamily,0.0,0,0.09849586588315018,0.0,0.0,0.0,1.2714211049997175,0.0008186100003513275,0.0,1.2722397150000688,SRP
SRP-Stap.aure._AC025951,SRP,101,rnafm_faiss_guided_k14_lofo,faiss,1,consensus,0,14,RfamFamily|RfamFamily|RfamFamily|RfamFamily|RfamFamily|RfamFamily|5S_rRNA|RfamFamily|RfamFamily|5S_rRNA|RfamFamily|RfamFamily|5S_rRNA|RfamFamily,0.0,0,0.14748528883888376,0.0,0.0,0.0,0.7839352549999603,0.0009087660000659525,0.0,0.7848440210000263,SRP
SRP-animal-Cani.spec._SDB-9616,SRP,299,rnafm_faiss_guided_k14_lofo,faiss,1,consensus,0,14,5S_rRNA|RNaseP|RNaseP|RNaseP|RNaseP|RNaseP|RNaseP|RNaseP|RNaseP|RNaseP|RfamFamily|tRNA|tRNA|RfamFamily,0.0,0,0.09401834371464364,0.1485148514851485,0.15151515151515152,0.15,1.8882305679999263,0.000917262000257324,0.0,1.8891478300001836,SRP
SRP-plant-Lyco.escu._Z46744,SRP,303,rnafm_faiss_guided_k14_lofo,faiss,1,consensus,0,14,RNaseP|RNaseP|RfamFamily|tmRNA|group_I_intron|group_I_intron|group_I_intron|group_I_intron|tmRNA|tmRNA|group_I_intron|group_I_intron|tmRNA|tmRNA,0.0,0,0.10873864094613113,0.28846153846153844,0.35294117647058826,0.3174603174603175,1.9317217249999885,0.0009331940000265604,0.0,1.932654919000015,SRP
SRP-protozoan-Tryp.bruc._AF047723,SRP,273,rnafm_faiss_guided_k14_lofo,faiss,1,consensus,0,14,RfamFamily|group_I_intron|RfamFamily|group_I_intron|group_I_intron|group_I_intron|group_I_intron|group_I_intron|RfamFamily|group_I_intron|group_I_intron|RNaseP|group_I_intron|group_I_intron,0.0,0,0.6611148349034652,0.8686868686868687,0.9148936170212766,0.8911917098445595,1.507760911999867,0.0007864870003686519,0.0,1.5085473990002356,SRP
SRP-Call.jacc._GSP-9483,SRP,302,rnafm_faiss_guided_k14_lofo,faiss,1,consensus,0,14,RfamFamily|5S_rRNA|tRNA|tRNA|tRNA|RNaseP|RfamFamily|RNaseP|RNaseP|RNaseP|RNaseP|RNaseP|RNaseP|RNaseP,0.0,0,0.09822455076735928,0.18,0.1935483870967742,0.18652849740932642,1.2898295299992242,0.0008964810003817547,0.0,1.290726010999606,SRP
SRP-protozoan-Leis.braz._AY781790,SRP,139,rnafm_faiss_guided_k14_lofo,faiss,1,consensus,0,14,group_I_intron|group_I_intron|RfamFamily|group_I_intron|group_I_intron|group_I_intron|group_I_intron|group_I_intron|group_I_intron|group_I_intron|group_I_intron|group_I_intron|group_I_intron|group_I_intron,0.0,0,0.633991942416133,0.4166666666666667,0.10204081632653061,0.16393442622950824,0.7286013090006236,0.000818249000076321,0.0,0.7294195580006999,SRP
SRP-Myco.geni._U39706,SRP,83,rnafm_faiss_guided_k14_lofo,faiss,1,consensus,0,14,RfamFamily|RfamFamily|RfamFamily|RfamFamily|RfamFamily|RfamFamily|RfamFamily|RfamFamily|RfamFamily|RfamFamily|RfamFamily|RfamFamily|RfamFamily|RfamFamily,0.0,0,0.24967252371640722,0.95,0.8636363636363636,0.9047619047619048,0.46077722100017127,0.000839436000205751,0.0,0.461616657000377,SRP
SRP-long_bacterial-List.mono._AL591984,SRP,103,rnafm_faiss_guided_k14_lofo,faiss,1,consensus,0,14,RfamFamily|RfamFamily|RfamFamily|RfamFamily|RfamFamily|RfamFamily|5S_rRNA|5S_rRNA|RfamFamily|RfamFamily|5S_rRNA|RfamFamily|5S_rRNA|RfamFamily,0.0,0,0.15657085176249122,0.0,0.0,0.0,0.5251696420000371,0.0008392519994231407,0.0,0.5260088939994603,SRP
SRP-Bras.napu._EE416381,SRP,308,rnafm_faiss_guided_k14_lofo,faiss,1,consensus,0,14,RNaseP|RNaseP|group_I_intron|tmRNA|RfamFamily|RfamFamily|group_I_intron|group_I_intron|group_I_intron|group_I_intron|RNaseP|tmRNA|tmRNA|tmRNA,0.0,0,0.11897271847079309,0.6122448979591837,0.6060606060606061,0.6091370558375634,1.2933502619998762,0.000946467999710876,0.0,1.2942967299995871,SRP
SRP-protozoan-Enta.terr._GSP-110771,SRP,271,rnafm_faiss_guided_k14_lofo,faiss,1,consensus,0,14,group_I_intron|group_I_intron|RNaseP|group_I_intron|group_I_intron|group_I_intron|tmRNA|group_I_intron|RNaseP|group_I_intron|group_I_intron|group_I_intron|RNaseP|RNaseP,0.0,0,0.9125201100614143,0.8241758241758241,0.872093023255814,0.847457627118644,1.2620549829998708,0.0008553479992770008,0.0,1.2629103309991478,SRP
SRP-long_bacterial-Stap.aure._CP000736,SRP,270,rnafm_faiss_guided_k14_lofo,faiss,1,consensus,0,14,RfamFamily|RfamFamily|RfamFamily|RfamFamily|tmRNA|tmRNA|RfamFamily|tmRNA|tmRNA|tmRNA|RfamFamily|tmRNA|RfamFamily|tmRNA,0.0,0,0.10442734060682549,0.045454545454545456,0.13793103448275862,0.06837606837606837,1.265362037000159,0.0008207910004784935,0.0,1.2661828280006375,SRP
SRP-animal-Maca.mula._GSP-9544,SRP,302,rnafm_faiss_guided_k14_lofo,faiss,1,consensus,0,14,RNaseP|5S_rRNA|RNaseP|RNaseP|RfamFamily|RNaseP|RNaseP|RNaseP|RNaseP|RNaseP|RNaseP|tRNA|tRNA|RfamFamily,0.0,0,0.09356131876408773,0.21568627450980393,0.24175824175824176,0.22797927461139894,1.2963114749991291,0.000832611999612709,0.0,1.2971440869987418,SRP
SRP-Rick.cono._AE008680,SRP,87,rnafm_faiss_guided_k14_lofo,faiss,1,consensus,0,14,RfamFamily|RfamFamily|RfamFamily|RfamFamily|RfamFamily|RfamFamily|RfamFamily|RfamFamily|RfamFamily|RfamFamily|RfamFamily|RfamFamily|RfamFamily|group_I_intron,0.0,0,0.24755951225707337,0.0,0.0,0.0,0.8232730869995066,0.0009324040001956746,0.0,0.8242054909997023,SRP
SRP-Sacc.baya._BN000250,SRP,524,rnafm_faiss_guided_k14_lofo,faiss,1,consensus,0,14,group_I_intron|RfamFamily|group_I_intron|RNaseP|group_I_intron|RNaseP|RNaseP|group_I_intron|RNaseP|RNaseP|RfamFamily|RfamFamily|group_I_intron|group_I_intron,0.0,0,1.1445953091427774,0.6069364161849711,0.5898876404494382,0.5982905982905983,1.9565192959998967,0.0009345059997940552,0.0,1.9574538019996908,SRP
SRP-protozoan-Leis.braz._AY781791,SRP,139,rnafm_faiss_guided_k14_lofo,faiss,1,consensus,0,14,group_I_intron|group_I_intron|RfamFamily|group_I_intron|group_I_intron|group_I_intron|group_I_intron|group_I_intron|group_I_intron|group_I_intron|group_I_intron|group_I_intron|group_I_intron|group_I_intron,0.0,0,0.633991942416133,0.4166666666666667,0.10204081632653061,0.16393442622950824,1.0925900150004964,0.0009418429999641376,0.0,1.0935318580004605,SRP
SRP-animal-Homo.sapi._BF908765,SRP,280,rnafm_faiss_guided_k14_lofo,faiss,1,consensus,0,14,RfamFamily|RNaseP|RNaseP|RNaseP|RNaseP|RNaseP|RNaseP|RNaseP|5S_rRNA|RNaseP|RNaseP|tRNA|5S_rRNA|tRNA,0.0,0,0.06639894626520357,0.1744186046511628,0.16666666666666666,0.17045454545454544,1.5280433449997872,0.0008292450002045371,0.0,1.5288725899999918,SRP
SRP-animal-Homo.sapi._X04249,SRP,299,rnafm_faiss_guided_k14_lofo,faiss,1,consensus,0,14,5S_rRNA|RNaseP|RNaseP|RfamFamily|RNaseP|RNaseP|RNaseP|RNaseP|RNaseP|RNaseP|RNaseP|tRNA|tRNA|tRNA,0.0,0,0.09341520427627568,0.1485148514851485,0.14423076923076922,0.14634146341463417,1.2959613579996585,0.0008099079996100045,0.0,1.2967712659992685,SRP
SRP-protozoan-Babe.bige._GSP-5866,SRP,280,rnafm_faiss_guided_k14_lofo,faiss,1,consensus,0,14,group_I_intron|group_I_intron|group_I_intron|group_I_intron|group_I_intron|group_I_intron|group_I_intron|group_I_intron|group_I_intron|group_I_intron|RfamFamily|group_I_intron|RNaseP|RNaseP,0.0,0,0.7882789769003512,0.34444444444444444,0.3522727272727273,0.34831460674157305,1.2890011629997389,0.0008220910003728932,0.0,1.2898232540001118,SRP
SRP-Para.bras._CN239248,SRP,127,rnafm_faiss_guided_k14_lofo,faiss,1,consensus,0,14,RfamFamily|RfamFamily|RfamFamily|group_I_intron|RfamFamily|RfamFamily|group_I_intron|group_I_intron|group_I_intron|group_I_intron|group_I_intron|RfamFamily|group_I_intron|group_I_intron,0.0,0,0.4965549804624841,0.3333333333333333,0.20588235294117646,0.2545454545454545,0.7025758149993635,0.000818741000330192,0.0,0.7033945559996937,SRP
SRP-animal-Ratt.norv._AC091616,SRP,298,rnafm_faiss_guided_k14_lofo,faiss,1,consensus,0,14,5S_rRNA|RNaseP|RNaseP|RfamFamily|RNaseP|RNaseP|RNaseP|RNaseP|RNaseP|RNaseP|RNaseP|tRNA|tRNA|tRNA,0.0,0,0.0942926440990648,0.59,0.6276595744680851,0.6082474226804124,1.43317424199995,0.0008476610000798246,0.0,1.4340219030000299,SRP
SRP-animal-Loxo.afri._GSP-9785,SRP,302,rnafm_faiss_guided_k14_lofo,faiss,1,consensus,0,14,5S_rRNA|RNaseP|RNaseP|RNaseP|RNaseP|RNaseP|RNaseP|RNaseP|RNaseP|RNaseP|RfamFamily|tRNA|tRNA|RfamFamily,0.0,0,0.09225000419877792,0.21568627450980393,0.24175824175824176,0.22797927461139894,1.2823581720003858,0.0008339449996128678,0.0,1.2831921169999987,SRP
SRP-Onch.volv._AI249203,SRP,286,rnafm_faiss_guided_k14_lofo,faiss,1,consensus,0,14,group_I_intron|group_I_intron|group_I_intron|group_I_intron|group_I_intron|group_I_intron|group_I_intron|group_I_intron|group_I_intron|group_I_intron|group_I_intron|group_I_intron|group_I_intron|group_I_intron,0.0,0,0.21298695461390585,0.4727272727272727,0.2765957446808511,0.3489932885906041,1.2810887330006153,0.000803185999757261,0.0,1.2818919190003726,SRP
SRP-plant-Bras.napu._EE411418,SRP,306,rnafm_faiss_guided_k14_lofo,faiss,1,consensus,0,14,RNaseP|RNaseP|tmRNA|tmRNA|group_I_intron|RNaseP|RfamFamily|group_I_intron|tmRNA|RNaseP|group_I_intron|group_I_intron|group_I_intron|group_I_intron,0.0,0,0.19851921844320172,0.6907216494845361,0.6836734693877551,0.6871794871794872,1.4449520870002743,0.0010386599997218582,0.0,1.4459907469999962,SRP
SRP-plant-Zea.mays._CK700970,SRP,303,rnafm_faiss_guided_k14_lofo,faiss,1,consensus,0,14,RNaseP|RNaseP|group_I_intron|group_I_intron|RNaseP|tmRNA|group_I_intron|group_I_intron|tmRNA|group_I_intron|group_I_intron|RNaseP|group_I_intron|group_I_intron,0.0,0,0.21286021572777652,0.6907216494845361,0.6442307692307693,0.6666666666666666,1.9113960639997458,0.0008839189995342167,0.0,1.91227998299928,SRP
SRP-fungal-Sacc.para._BN000251,SRP,509,rnafm_faiss_guided_k14_lofo,faiss,1,consensus,0,14,RNaseP|RNaseP|RNaseP|group_I_intron|RfamFamily|group_I_intron|RNaseP|tmRNA|RNaseP|RNaseP|RNaseP|RfamFamily|RNaseP|RNaseP,0.0,0,0.8140548950825224,0.5843373493975904,0.5843373493975904,0.5843373493975904,1.9644555029999538,0.0010268650003126822,0.0,1.9654823680002664,SRP
SRP-long_bacterial-Stap.aure._BA000033,SRP,101,rnafm_faiss_guided_k14_lofo,faiss,1,consensus,0,14,RfamFamily|RfamFamily|RfamFamily|RfamFamily|RfamFamily|RfamFamily|5S_rRNA|RfamFamily|RfamFamily|5S_rRNA|RfamFamily|RfamFamily|5S_rRNA|RfamFamily,0.0,0,0.14748528883888376,0.0,0.0,0.0,0.564597770000546,0.0008540790004190058,0.0,0.565451849000965,SRP
SRP-Proc.mari._CP000576,SRP,81,rnafm_faiss_guided_k14_lofo,faiss,1,consensus,0,14,RfamFamily|RfamFamily|RfamFamily|RfamFamily|RfamFamily|RfamFamily|RfamFamily|RfamFamily|group_I_intron|RfamFamily|RfamFamily|RfamFamily|RfamFamily|RfamFamily,0.0,0,0.21246581351946606,0.0,0.0,0.0,0.4397001490006005,0.0008291220001410693,0.0,0.4405292710007416,SRP
SRP-Stre.aver._BA000030,SRP,90,rnafm_faiss_guided_k14_lofo,faiss,1,consensus,0,14,RfamFamily|RfamFamily|RfamFamily|RfamFamily|RfamFamily|RfamFamily|RfamFamily|RfamFamily|RfamFamily|RfamFamily|5S_rRNA|5S_rRNA|RfamFamily|5S_rRNA,0.0,0,0.15856782817097,0.32,0.26666666666666666,0.2909090909090909,0.4917909490004604,0.0007788990005792584,0.0,0.49256984800103965,SRP
SRP-plant-Popu.trem._BU866844,SRP,299,rnafm_faiss_guided_k14_lofo,faiss,1,consensus,0,14,RNaseP|RNaseP|RNaseP|RNaseP|RNaseP|group_I_intron|RNaseP|RNaseP|RNaseP|group_I_intron|group_I_intron|group_I_intron|group_I_intron|RNaseP,0.0,0,0.21677055358762393,0.7419354838709677,0.7263157894736842,0.7340425531914895,1.288963214999967,0.0008250330001828843,0.0,1.28978824800015,SRP
SRP-plant-Trit.aest._CD897082,SRP,259,rnafm_faiss_guided_k14_lofo,faiss,1,consensus,0,14,RNaseP|tmRNA|tmRNA|RNaseP|RNaseP|RNaseP|tmRNA|RfamFamily|group_I_intron|group_I_intron|RNaseP|tmRNA|group_I_intron|group_I_intron,0.0,0,0.18072241966064542,0.4657534246575342,0.38202247191011235,0.41975308641975306,1.2824046940004337,0.0008139640003719251,0.0,1.2832186580008056,SRP
SRP-animal-Dros.anan._CJ969290,SRP,284,rnafm_faiss_guided_k14_lofo,faiss,1,consensus,0,14,RNaseP|RNaseP|group_I_intron|group_I_intron|group_I_intron|RNaseP|group_I_intron|group_I_intron|group_I_intron|group_I_intron|RNaseP|RfamFamily|group_I_intron|RNaseP,0.0,0,0.15058458717328363,0.9,0.9,0.9,1.287223737000204,0.0008494100002280902,0.0,1.288073147000432,SRP
SRP-Pyro.isla._CP000504,SRP,244,rnafm_faiss_guided_k14_lofo,faiss,1,consensus,0,14,group_I_intron|group_I_intron|group_I_intron|group_I_intron|group_I_intron|group_I_intron|group_I_intron|group_I_intron|group_I_intron|group_I_intron|group_I_intron|group_I_intron|group_I_intron|group_I_intron,0.0,0,0.4546240550260459,0.6274509803921569,0.3595505617977528,0.45714285714285713,1.2348521639996761,0.0008546540002498659,0.0,1.235706817999926,SRP
SRP-protozoan-Phyt.soja._GSP-67593,SRP,315,rnafm_faiss_guided_k14_lofo,faiss,1,consensus,0,14,RNaseP|RNaseP|group_I_intron|group_I_intron|group_I_intron|group_I_intron|RNaseP|RNaseP|group_I_intron|RNaseP|RNaseP|group_I_intron|RNaseP|RNaseP,0.0,0,0.13416627451931637,0.7676767676767676,0.7676767676767676,0.7676767676767676,1.298338751999836,0.0008134500003507128,0.0,1.2991522020001867,SRP
SRP-Myco.myco._BX842642,SRP,96,rnafm_faiss_guided_k14_lofo,faiss,1,consensus,0,14,RfamFamily|RfamFamily|RfamFamily|RfamFamily|RfamFamily|RfamFamily|RfamFamily|RfamFamily|RfamFamily|RfamFamily|RfamFamily|RfamFamily|RfamFamily|RfamFamily,0.0,0,0.24459425697808782,0.4642857142857143,0.52,0.49056603773584906,0.5172065679998923,0.0009448629998587421,0.0,0.518151430999751,SRP
SRP-fungal-Batr.dend._GSP-403673,SRP,308,rnafm_faiss_guided_k14_lofo,faiss,1,consensus,0,14,group_I_intron|group_I_intron|group_I_intron|group_I_intron|group_I_intron|group_I_intron|group_I_intron|group_I_intron|RfamFamily|group_I_intron|group_I_intron|group_I_intron|group_I_intron|group_I_intron,0.0,0,0.25273991222363373,0.24752475247524752,0.2777777777777778,0.2617801047120419,1.6550943140000527,0.0010112899999512592,0.0,1.656105604000004,SRP
SRP-fungal-Tric.rees._GSP-334564-1,SRP,293,rnafm_faiss_guided_k14_lofo,faiss,1,consensus,0,14,RfamFamily|group_I_intron|group_I_intron|group_I_intron|RfamFamily|group_I_intron|RfamFamily|RfamFamily|group_I_intron|group_I_intron|group_I_intron|group_I_intron|group_I_intron|tmRNA,0.0,0,0.9086174001322199,0.3939393939393939,0.27956989247311825,0.3270440251572327,1.9201924069993765,0.0009594349994586082,0.0,1.9211518419988352,SRP
SRP-Lact.delb._CR954253,SRP,91,rnafm_faiss_guided_k14_lofo,faiss,1,consensus,0,14,RfamFamily|group_I_intron|RfamFamily|RfamFamily|RfamFamily|group_I_intron|RfamFamily|RfamFamily|group_I_intron|group_I_intron|RfamFamily|group_I_intron|RfamFamily|RfamFamily,0.0,0,0.20807590220560973,0.0,0.0,0.0,0.718763484000192,0.0009635839996917639,0.0,0.7197270679998837,SRP
SRP-small_bacterial-Rhod.balt._BX294144,SRP,93,rnafm_faiss_guided_k14_lofo,faiss,1,consensus,0,14,RfamFamily|RfamFamily|RfamFamily|RfamFamily|RfamFamily|RfamFamily|RfamFamily|RfamFamily|RfamFamily|RfamFamily|group_I_intron|RfamFamily|RfamFamily|RfamFamily,0.0,0,0.23322889548592227,0.0,0.0,0.0,0.7704553160001524,0.0011821660000350676,0.0,0.7716374820001874,SRP
SRP-Zea.mays._AY108846,SRP,287,rnafm_faiss_guided_k14_lofo,faiss,1,consensus,0,14,RNaseP|RNaseP|RNaseP|RNaseP|RNaseP|RNaseP|RNaseP|RNaseP|RNaseP|RNaseP|RNaseP|RNaseP|RNaseP|RNaseP,0.0,0,0.2123332903133168,0.8021978021978022,0.776595744680851,0.7891891891891892,1.5890917799997624,0.0009526649992039893,0.0,1.5900444449989664,SRP
SRP-long_bacterial-Stap.epid._CP000029,SRP,101,rnafm_faiss_guided_k14_lofo,faiss,1,consensus,0,14,RfamFamily|RfamFamily|RfamFamily|RfamFamily|RfamFamily|RfamFamily|5S_rRNA|RfamFamily|5S_rRNA|RfamFamily|5S_rRNA|RfamFamily|RfamFamily|RfamFamily,0.0,0,0.14827283648955433,0.0,0.0,0.0,0.6387104809991797,0.0008192739996957243,0.0,0.6395297549988754,SRP
SRP-long_bacterial-Clos.botu._AM412317,SRP,244,rnafm_faiss_guided_k14_lofo,faiss,1,consensus,0,14,RfamFamily|RfamFamily|RfamFamily|RfamFamily|RfamFamily|group_I_intron|tmRNA|tmRNA|tmRNA|tmRNA|tmRNA|RfamFamily|RfamFamily|tmRNA,0.0,0,0.11510507297321168,0.6619718309859155,0.6911764705882353,0.6762589928057554,1.2589753590000328,0.000816759000372258,0.0,1.259792118000405,SRP
SRP-Erwi.caro._BX950851,SRP,30,rnafm_faiss_guided_k14_lofo,faiss,1,consensus,0,14,RfamFamily|RfamFamily|group_I_intron|RfamFamily|group_I_intron|RfamFamily|RfamFamily|RfamFamily|group_I_intron|group_I_intron|RfamFamily|RNaseP|group_I_intron|RfamFamily,0.0,0,0.21072169149702694,1.0,1.0,1.0,0.22419962300045881,0.0007911869997769827,0.0,0.2249908100002358,SRP
SRP-Trit.aest._X13915,SRP,204,rnafm_faiss_guided_k14_lofo,faiss,1,consensus,0,14,RNaseP|RNaseP|RNaseP|tmRNA|tmRNA|group_I_intron|RNaseP|group_I_intron|group_I_intron|group_I_intron|tmRNA|group_I_intron|RNaseP|RfamFamily,0.0,0,0.2076117029291886,0.3076923076923077,0.24242424242424243,0.2711864406779661,1.0586241399996652,0.0008784639994701138,0.0,1.0595026039991353,SRP
SRP-fungal-Pich.stip._CP000502,SRP,98,rnafm_faiss_guided_k14_lofo,faiss,1,consensus,0,14,RfamFamily|RfamFamily|RfamFamily|RfamFamily|RfamFamily|RfamFamily|RfamFamily|RfamFamily|RfamFamily|RfamFamily|RfamFamily|RfamFamily|RfamFamily|RfamFamily,0.0,0,0.5639816263865183,0.9285714285714286,0.43333333333333335,0.5909090909090909,0.5051860540006601,0.0008106659997793031,0.0,0.5059967200004394,SRP
SRP-animal-Dros.mela._X01056,SRP,295,rnafm_faiss_guided_k14_lofo,faiss,1,consensus,0,14,RNaseP|RNaseP|RNaseP|group_I_intron|RNaseP|RNaseP|RNaseP|RNaseP|group_I_intron|tmRNA|RNaseP|group_I_intron|RNaseP|RNaseP,0.0,0,0.13310664676612832,0.76,0.7755102040816326,0.7676767676767676,1.292566473000079,0.0008042979998208466,0.0,1.2933707709998998,SRP
SRP-small_bacterial-Chla.pneu._AE002161,SRP,110,rnafm_faiss_guided_k14_lofo,faiss,1,consensus,0,14,RfamFamily|group_I_intron|RfamFamily|RfamFamily|RfamFamily|group_I_intron|RfamFamily|RfamFamily|RfamFamily|RfamFamily|group_I_intron|RfamFamily|group_I_intron|RfamFamily,0.0,0,0.2763465420884849,0.2857142857142857,0.22857142857142856,0.25396825396825395,0.5906260849997125,0.0008880619998308248,0.0,0.5915141469995433,SRP
SRP-Cory.effi._BA000035,SRP,100,rnafm_faiss_guided_k14_lofo,faiss,1,consensus,0,14,RfamFamily|RfamFamily|5S_rRNA|RfamFamily|5S_rRNA|5S_rRNA|5S_rRNA|5S_rRNA|RfamFamily|tRNA|5S_rRNA|5S_rRNA|5S_rRNA|RfamFamily,0.0,0,0.1446998835527013,0.24,0.375,0.2926829268292683,0.5382626710006662,0.0008430190000581206,0.0,0.5391056900007243,SRP
SRP-plant-Zea.mays._CK700970,SRP,303,rnafm_faiss_guided_k14_lofo,faiss,1,consensus,0,14,RNaseP|RNaseP|group_I_intron|group_I_intron|RNaseP|tmRNA|group_I_intron|group_I_intron|tmRNA|group_I_intron|group_I_intron|RNaseP|group_I_intron|group_I_intron,0.0,0,0.21286021572777652,0.6907216494845361,0.6442307692307693,0.6666666666666666,1.3013958179999463,0.0008696119994056062,0.0,1.302265429999352,SRP
SRP-small_bacterial-Stre.pyog._CP000261,SRP,73,rnafm_faiss_guided_k14_lofo,faiss,1,consensus,0,14,RfamFamily|RfamFamily|RfamFamily|tmRNA|RfamFamily|RfamFamily|RfamFamily|RfamFamily|tmRNA|RfamFamily|tmRNA|RfamFamily|RNaseP|tmRNA,0.0,0,0.1541011569996012,0.35,1.0,0.5185185185185185,0.4427373449998413,0.0008592040003350121,0.0,0.4435965490001763,SRP
SRP-long_bacterial-Clos.perf._CP000312,SRP,268,rnafm_faiss_guided_k14_lofo,faiss,1,consensus,0,14,RfamFamily|RfamFamily|RfamFamily|RNaseP|RfamFamily|RNaseP|RNaseP|group_I_intron|RfamFamily|RfamFamily|tmRNA|tmRNA|RNaseP|RNaseP,0.0,0,0.12140636936284367,0.8,0.8780487804878049,0.8372093023255814,1.5652935110001636,0.0009173100006591994,0.0,1.5662108210008228,SRP
SRP-Symb.ther._AP006840,SRP,105,rnafm_faiss_guided_k14_lofo,faiss,1,consensus,0,14,RfamFamily|RfamFamily|RfamFamily|RfamFamily|RfamFamily|RfamFamily|RfamFamily|RfamFamily|RfamFamily|RfamFamily|RfamFamily|RfamFamily|RfamFamily|RfamFamily,0.0,0,0.18555986425050816,0.6428571428571429,0.5625,0.6000000000000001,0.9949630729997807,0.0009214820001943735,0.0,0.9958845549999751,SRP
SRP-Bloc.flor._BX248583,SRP,118,rnafm_faiss_guided_k14_lofo,faiss,1,consensus,0,14,RfamFamily|RfamFamily|RfamFamily|RfamFamily|RfamFamily|RfamFamily|RfamFamily|RfamFamily|RfamFamily|RfamFamily|RfamFamily|RfamFamily|RfamFamily|RfamFamily,0.0,0,0.2565260248308728,0.5128205128205128,0.5128205128205128,0.5128205128205128,0.9745640900000581,0.0009386660003656289,0.0,0.9755027560004237,SRP
SRP-animal-Cion.inte._BW103661,SRP,277,rnafm_faiss_guided_k14_lofo,faiss,1,consensus,0,14,RNaseP|RNaseP|RNaseP|RNaseP|RNaseP|RNaseP|RNaseP|RNaseP|RNaseP|group_I_intron|group_I_intron|group_I_intron|group_I_intron|group_I_intron,0.0,0,0.12885341834923253,0.6666666666666666,0.6,0.631578947368421,2.0012808990004487,0.0010422519999337965,0.0,2.0023231510003825,SRP
SRP-small_bacterial-Ther.ther._AP008226,SRP,105,rnafm_faiss_guided_k14_lofo,faiss,1,consensus,0,14,RfamFamily|RfamFamily|RNaseP|RfamFamily|RfamFamily|RfamFamily|RNaseP|RfamFamily|RfamFamily|RNaseP|RfamFamily|RNaseP|RNaseP|group_I_intron,0.0,0,0.17704003372743746,0.9714285714285714,0.9444444444444444,0.9577464788732395,0.7544452199999796,0.0011517480006659753,0.0,0.7555969680006456,SRP
SRP-archael-Ferr.acid._GSP-333146,SRP,316,rnafm_faiss_guided_k14_lofo,faiss,1,consensus,0,14,group_I_intron|group_I_intron|group_I_intron|group_I_intron|group_I_intron|group_I_intron|group_I_intron|group_I_intron|group_I_intron|group_I_intron|group_I_intron|group_I_intron|group_I_intron|group_I_intron,0.0,0,0.8887135785129135,0.24242424242424243,0.25,0.24615384615384617,1.3189584209994791,0.0008531210005457979,0.0,1.319811542000025,SRP
SRP-Heli.pylo._BD010626,SRP,99,rnafm_faiss_guided_k14_lofo,faiss,1,consensus,0,14,5S_rRNA|RfamFamily|RfamFamily|5S_rRNA|5S_rRNA|5S_rRNA|5S_rRNA|RfamFamily|5S_rRNA|5S_rRNA|5S_rRNA|RfamFamily|5S_rRNA|5S_rRNA,0.0,0,0.1129866484663117,0.0,0.0,0.0,0.5288694939999914,0.0008577470007367083,0.0,0.5297272410007281,SRP
SRP-Urea.parv._AE002112,SRP,102,rnafm_faiss_guided_k14_lofo,faiss,1,consensus,0,14,RfamFamily|RfamFamily|RfamFamily|RfamFamily|5S_rRNA|RfamFamily|RfamFamily|RfamFamily|RfamFamily|RfamFamily|5S_rRNA|RfamFamily|5S_rRNA|RNaseP,0.0,0,0.15481792738782227,0.0,0.0,0.0,0.5134865240006548,0.0008252850002463674,0.0,0.5143118090009011,SRP
SRP-protozoan-Tric.vagi._GSP-5722-2,SRP,306,rnafm_faiss_guided_k14_lofo,faiss,1,consensus,0,14,group_I_intron|group_I_intron|group_I_intron|group_I_intron|group_I_intron|group_I_intron|group_I_intron|group_I_intron|group_I_intron|group_I_intron|group_I_intron|group_I_intron|group_I_intron|group_I_intron,0.0,0,1.1416298744409772,0.7448979591836735,0.8021978021978022,0.7724867724867726,1.2933345860001282,0.0008132899993142928,0.0,1.2941478759994425,SRP
SRP-Shew.onei._AE014299,SRP,114,rnafm_faiss_guided_k14_lofo,faiss,1,consensus,0,14,RfamFamily|RfamFamily|RfamFamily|RfamFamily|RfamFamily|RfamFamily|RfamFamily|group_I_intron|RNaseP|group_I_intron|group_I_intron|RNaseP|RNaseP|RNaseP,0.0,0,0.22631139371472608,0.5357142857142857,0.42857142857142855,0.47619047619047616,0.6254652609995901,0.0008392830004595453,0.0,0.6263045440000496,SRP
SRP-Leis.braz._AY722726,SRP,139,rnafm_faiss_guided_k14_lofo,faiss,1,consensus,0,14,group_I_intron|group_I_intron|RfamFamily|group_I_intron|group_I_intron|group_I_intron|group_I_intron|group_I_intron|group_I_intron|group_I_intron|group_I_intron|group_I_intron|group_I_intron|group_I_intron,0.0,0,0.633991942416133,0.4166666666666667,0.10204081632653061,0.16393442622950824,0.7610277679996216,0.0008526339997843024,0.0,0.7618804019994059,SRP
SRP-Cion.inte._GSP-7719,SRP,298,rnafm_faiss_guided_k14_lofo,faiss,1,consensus,0,14,RNaseP|RNaseP|RfamFamily|RNaseP|RfamFamily|RNaseP|RNaseP|RNaseP|RNaseP|RNaseP|RNaseP|tmRNA|RNaseP|RNaseP,0.0,0,0.11458853404535395,0.8,0.8421052631578947,0.8205128205128205,1.4171711300004972,0.0008533170002920087,0.0,1.4180244470007892,SRP
SRP-small_bacterial-Ther.ther._X12643,SRP,105,rnafm_faiss_guided_k14_lofo,faiss,1,consensus,0,14,RfamFamily|RfamFamily|RNaseP|RfamFamily|RfamFamily|RfamFamily|RNaseP|RfamFamily|RfamFamily|RNaseP|RfamFamily|RNaseP|RNaseP|group_I_intron,0.0,0,0.17704003372743746,0.9722222222222222,0.9722222222222222,0.9722222222222222,0.5649909929998103,0.0008516099996995763,0.0,0.5658426029995098,SRP
SRP-Proc.spec._AJ011025,SRP,81,rnafm_faiss_guided_k14_lofo,faiss,1,consensus,0,14,RfamFamily|RfamFamily|RfamFamily|RfamFamily|RfamFamily|RfamFamily|RfamFamily|group_I_intron|RfamFamily|RfamFamily|RfamFamily|RfamFamily|RfamFamily|RfamFamily,0.0,0,0.24446350799404892,0.0,0.0,0.0,0.45442719899983786,0.0008243659995059716,0.0,0.4552515649993438,SRP
SRP-protozoan-Tetr.rost._SDB-5909,SRP,282,rnafm_faiss_guided_k14_lofo,faiss,1,consensus,0,14,group_I_intron|RNaseP|group_I_intron|group_I_intron|group_I_intron|group_I_intron|group_I_intron|group_I_intron|group_I_intron|RNaseP|group_I_intron|group_I_intron|RNaseP|tmRNA,0.0,0,0.26072226471253457,0.6352941176470588,0.5934065934065934,0.6136363636363635,1.3409655069999644,0.0008327610003107111,0.0,1.3417982680002751,SRP
SRP-archael-Meth.bark._CP000099,SRP,320,rnafm_faiss_guided_k14_lofo,faiss,1,consensus,0,14,RNaseP|group_I_intron|group_I_intron|group_I_intron|group_I_intron|group_I_intron|group_I_intron|RNaseP|group_I_intron|RNaseP|group_I_intron|group_I_intron|group_I_intron|group_I_intron,0.0,0,0.5374658821803118,0.86,0.819047619047619,0.8390243902439023,1.7579951819998314,0.0011233459999857587,0.0,1.7591185279998172,SRP
SRP-plant-Trit.aest._CA626434,SRP,269,rnafm_faiss_guided_k14_lofo,faiss,1,consensus,0,14,RNaseP|RNaseP|RNaseP|tmRNA|tmRNA|tmRNA|tmRNA|tmRNA|tmRNA|tmRNA|tmRNA|RNaseP|group_I_intron|RfamFamily,0.0,0,0.15760206520075845,0.3974358974358974,0.36046511627906974,0.3780487804878049,1.9356102020001344,0.0009994950005420833,0.0,1.9366096970006765,SRP
SRP-plant-Citr.sine._CN181543,SRP,78,rnafm_faiss_guided_k14_lofo,faiss,1,consensus,0,14,RfamFamily|RfamFamily|RfamFamily|RfamFamily|RfamFamily|RfamFamily|RfamFamily|RfamFamily|RfamFamily|RfamFamily|RfamFamily|RfamFamily|RfamFamily|RfamFamily,0.0,0,0.4542604956782363,0.0,0.0,0.0,0.6294835869994131,0.001067337000677071,0.0,0.6305509240000902,SRP
SRP-small_bacterial-Lact.john._AE017198,SRP,89,rnafm_faiss_guided_k14_lofo,faiss,1,consensus,0,14,RfamFamily|RfamFamily|group_I_intron|RfamFamily|RfamFamily|RfamFamily|RfamFamily|RfamFamily|RfamFamily|group_I_intron|RfamFamily|group_I_intron|RfamFamily|RNaseP,0.0,0,0.15732626848304276,0.2631578947368421,0.20833333333333334,0.23255813953488372,0.7193905120002455,0.0011220579999644542,0.0,0.72051257000021,SRP
SRP-Baci.anth._AE017225,SRP,269,rnafm_faiss_guided_k14_lofo,faiss,1,consensus,0,14,RfamFamily|RfamFamily|RfamFamily|RfamFamily|RNaseP|RNaseP|RNaseP|RfamFamily|RfamFamily|RNaseP|RNaseP|RNaseP|RNaseP|RNaseP,0.0,0,0.14749564279882038,0.6125,0.5764705882352941,0.593939393939394,1.5334826130001602,0.0008515800000168383,0.0,1.534334193000177,SRP
SRP-plant-Prun.arme._CV045835,SRP,67,rnafm_faiss_guided_k14_lofo,faiss,1,consensus,0,14,RfamFamily|RfamFamily|RfamFamily|RfamFamily|RfamFamily|RfamFamily|RfamFamily|RfamFamily|RfamFamily|group_I_intron|RfamFamily|RfamFamily|RfamFamily|group_I_intron,0.0,0,0.3935271133905016,0.0,0.0,0.0,0.4103357620006136,0.0008470689999739989,0.0,0.4111828310005876,SRP
SRP-Bras.napu._EE412262,SRP,308,rnafm_faiss_guided_k14_lofo,faiss,1,consensus,0,14,RNaseP|RNaseP|tmRNA|tmRNA|group_I_intron|RNaseP|RfamFamily|group_I_intron|tmRNA|RNaseP|group_I_intron|group_I_intron|group_I_intron|group_I_intron,0.0,0,0.19851921844320172,0.6907216494845361,0.6836734693877551,0.6871794871794872,1.3172618409998904,0.0008326360002683941,0.0,1.3180944770001588,SRP
SRP-Neis.gono._AE004969,SRP,92,rnafm_faiss_guided_k14_lofo,faiss,1,consensus,0,14,RfamFamily|RfamFamily|RfamFamily|RfamFamily|RfamFamily|RfamFamily|RfamFamily|RfamFamily|RfamFamily|RfamFamily|RfamFamily|RNaseP|RfamFamily|RfamFamily,0.0,0,0.21895060385713452,0.0,0.0,0.0,0.49845941599960497,0.0009386929996253457,0.0,0.4993981089992303,SRP
SRP-Sacc.mika._BN000249,SRP,525,rnafm_faiss_guided_k14_lofo,faiss,1,consensus,0,14,RNaseP|RNaseP|group_I_intron|RNaseP|group_I_intron|RNaseP|RNaseP|group_I_intron|group_I_intron|RfamFamily|group_I_intron|group_I_intron|group_I_intron|group_I_intron,0.0,0,1.006915066955709,0.46511627906976744,0.47337278106508873,0.46920821114369504,1.2967620270001134,0.0008431450005446095,0.0,1.297605172000658,SRP
SRP-fungal-Kluy.yarr._479647571,SRP,416,rnafm_faiss_guided_k14_lofo,faiss,1,consensus,0,14,group_I_intron|group_I_intron|group_I_intron|group_I_intron|RNaseP|RNaseP|RNaseP|group_I_intron|RNaseP|group_I_intron|group_I_intron|group_I_intron|group_I_intron|group_I_intron,0.0,0,0.9774265771296644,0.4230769230769231,0.4330708661417323,0.42801556420233466,1.309369003000029,0.0008670009992783889,0.0,1.3102360039993073,SRP
SRP-archael-Aero.pern._BA000002,SRP,304,rnafm_faiss_guided_k14_lofo,faiss,1,consensus,0,14,group_I_intron|group_I_intron|group_I_intron|group_I_intron|RfamFamily|group_I_intron|group_I_intron|RNaseP|group_I_intron|RfamFamily|group_I_intron|group_I_intron|RfamFamily|tmRNA,0.0,0,0.3263683632709563,0.8514851485148515,0.8113207547169812,0.8309178743961353,1.2969865260001825,0.0008853499994074809,0.0,1.29787187599959,SRP
SRP-Dani.reri._CR854846,SRP,297,rnafm_faiss_guided_k14_lofo,faiss,1,consensus,0,14,RNaseP|RNaseP|RNaseP|RNaseP|RNaseP|RNaseP|RNaseP|RNaseP|RNaseP|RNaseP|RNaseP|RNaseP|RNaseP|group_I_intron,0.0,0,0.09502386862935755,0.8061224489795918,0.797979797979798,0.8020304568527918,1.2961225920007564,0.0010548959999141516,0.0,1.2971774880006706,SRP
SRP-archael-Meth.vann._CP000742,SRP,36,rnafm_faiss_guided_k14_lofo,faiss,1,consensus,0,14,RfamFamily|RfamFamily|RfamFamily|RfamFamily|RfamFamily|RfamFamily|RfamFamily|RfamFamily|RfamFamily|RNaseP|RfamFamily|RfamFamily|RNaseP|RNaseP,0.0,0,0.19534899334206685,0.875,1.0,0.9333333333333333,0.3877196389994424,0.0011082820001320215,0.0,0.3888279209995744,SRP
SRP-Clos.perf._CP000246,SRP,268,rnafm_faiss_guided_k14_lofo,faiss,1,consensus,0,14,RfamFamily|RfamFamily|RfamFamily|RNaseP|RfamFamily|RNaseP|RNaseP|group_I_intron|RfamFamily|RfamFamily|tmRNA|tmRNA|RNaseP|RNaseP,0.0,0,0.12140636936284367,0.8,0.8780487804878049,0.8372093023255814,2.118271091000679,0.0009655240000938647,0.0,2.119236615000773,SRP
SRP-long_bacterial-Brev.brev._D12926,SRP,103,rnafm_faiss_guided_k14_lofo,faiss,1,consensus,0,14,RfamFamily|5S_rRNA|RfamFamily|RfamFamily|5S_rRNA|RfamFamily|5S_rRNA|RfamFamily|5S_rRNA|5S_rRNA|RfamFamily|5S_rRNA|RfamFamily|RfamFamily,0.0,0,0.15331399912365934,0.2727272727272727,0.6,0.37499999999999994,0.8114403529998526,0.0009948329998223926,0.0,0.812435185999675,SRP
SRP-long_bacterial-Baci.mega._D11414,SRP,270,rnafm_faiss_guided_k14_lofo,faiss,1,consensus,0,14,RfamFamily|RfamFamily|RfamFamily|RNaseP|RfamFamily|RNaseP|group_I_intron|RNaseP|RNaseP|RNaseP|RfamFamily|RNaseP|RNaseP|RfamFamily,0.0,0,0.15093210548905203,0.6629213483146067,0.6555555555555556,0.659217877094972,1.920653871000468,0.0010413640002298052,0.0,1.9216952350006977,SRP
SRP-protozoan-Leis.braz._AY722726,SRP,139,rnafm_faiss_guided_k14_lofo,faiss,1,consensus,0,14,group_I_intron|group_I_intron|RfamFamily|group_I_intron|group_I_intron|group_I_intron|group_I_intron|group_I_intron|group_I_intron|group_I_intron|group_I_intron|group_I_intron|group_I_intron|group_I_intron,0.0,0,0.633991942416133,0.4166666666666667,0.10204081632653061,0.16393442622950824,0.7344063609998557,0.0008488120001857169,0.0,0.7352551730000414,SRP
SRP-fungal-Phak.pach._GSP-170000-1,SRP,308,rnafm_faiss_guided_k14_lofo,faiss,1,consensus,0,14,RNaseP|RNaseP|RNaseP|RNaseP|RNaseP|RNaseP|RNaseP|group_I_intron|group_I_intron|RNaseP|RNaseP|RNaseP|RNaseP|group_I_intron,0.0,0,0.12637043577447207,0.5,0.5151515151515151,0.5074626865671642,1.3073225409998486,0.000814751999314467,0.0,1.308137292999163,SRP
SRP-small_bacterial-Lact.plan._AL935253,SRP,84,rnafm_faiss_guided_k14_lofo,faiss,1,consensus,0,14,RfamFamily|RfamFamily|RfamFamily|RfamFamily|RfamFamily|RfamFamily|RfamFamily|RfamFamily|RfamFamily|RfamFamily|RfamFamily|RfamFamily|RfamFamily|RfamFamily,0.0,0,0.15489800372062762,0.8076923076923077,0.7241379310344828,0.7636363636363636,0.4433786540002984,0.0008091110003078938,0.0,0.4441877650006063,SRP
SRP-Pseu.mend._CP000680,SRP,117,rnafm_faiss_guided_k14_lofo,faiss,1,consensus,0,14,RfamFamily|RfamFamily|RfamFamily|RfamFamily|RfamFamily|RfamFamily|RfamFamily|RfamFamily|RfamFamily|group_I_intron|group_I_intron|RNaseP|RfamFamily|RNaseP,0.0,0,0.21755910327523273,0.925,0.8604651162790697,0.891566265060241,0.6614252059998762,0.0008545589998902869,0.0,0.6622797649997665,SRP
SRP-small_bacterial-Fran.tula._CP000803,SRP,100,rnafm_faiss_guided_k14_lofo,faiss,1,consensus,0,14,RfamFamily|RfamFamily|RfamFamily|RfamFamily|RfamFamily|5S_rRNA|RfamFamily|5S_rRNA|RfamFamily|RfamFamily|5S_rRNA|RfamFamily|RfamFamily|5S_rRNA,0.0,0,0.15173039003619326,0.0,0.0,0.0,0.5168806060000861,0.0008239220005634706,0.0,0.5177045280006496,SRP
SRP-Meth.burt._CP000300,SRP,320,rnafm_faiss_guided_k14_lofo,faiss,1,consensus,0,14,group_I_intron|group_I_intron|group_I_intron|group_I_intron|group_I_intron|group_I_intron|group_I_intron|group_I_intron|group_I_intron|group_I_intron|group_I_intron|group_I_intron|RfamFamily|group_I_intron,0.0,0,0.592146615531411,0.2621359223300971,0.28125,0.271356783919598,1.3186552450006275,0.0008762620000197785,0.0,1.3195315070006473,SRP
SRP-animal-Dani.rrer._CU179657,SRP,282,rnafm_faiss_guided_k14_lofo,faiss,1,consensus,0,14,RNaseP|RNaseP|RNaseP|RNaseP|RNaseP|RNaseP|group_I_intron|tmRNA|group_I_intron|group_I_intron|RNaseP|RNaseP|RNaseP|RNaseP,0.0,0,0.09714361078658437,0.45454545454545453,0.45454545454545453,0.45454545454545453,1.4345483100005367,0.0008843429995977203,0.0,1.4354326530001345,SRP
SRP-Haem.infl._CP000057,SRP,115,rnafm_faiss_guided_k14_lofo,faiss,1,consensus,0,14,RfamFamily|RfamFamily|RfamFamily|RfamFamily|RfamFamily|RfamFamily|RfamFamily|RfamFamily|RfamFamily|RfamFamily|RfamFamily|RfamFamily|RfamFamily|RfamFamily,0.0,0,0.2571754006232024,0.9230769230769231,0.9230769230769231,0.9230769230769231,0.6641726069992728,0.0008417180006290437,0.0,0.6650143249999019,SRP
SRP-fungal-Hist.caps._GSP-278162,SRP,317,rnafm_faiss_guided_k14_lofo,faiss,1,consensus,0,14,group_I_intron|group_I_intron|group_I_intron|group_I_intron|group_I_intron|RfamFamily|group_I_intron|group_I_intron|group_I_intron|group_I_intron|group_I_intron|group_I_intron|RfamFamily|group_I_intron,0.0,0,1.075093130293097,0.5638297872340425,0.5,0.53,1.3019795569998678,0.0009525129999019555,0.0,1.3029320699997697,SRP
SRP-plant-Bras.oler._GSP-109376,SRP,312,rnafm_faiss_guided_k14_lofo,faiss,1,consensus,0,14,RNaseP|RNaseP|group_I_intron|RfamFamily|tmRNA|group_I_intron|group_I_intron|group_I_intron|group_I_intron|group_I_intron|tmRNA|tmRNA|RNaseP|group_I_intron,0.0,0,0.11862594134207098,0.5,0.4948453608247423,0.49740932642487046,1.5590883609993398,0.0009198560001095757,0.0,1.5600082169994494,SRP
SRP-plant-Oryz.sati._AC079888,SRP,311,rnafm_faiss_guided_k14_lofo,faiss,1,consensus,0,14,RNaseP|RNaseP|group_I_intron|group_I_intron|group_I_intron|RNaseP|RNaseP|RfamFamily|group_I_intron|RNaseP|group_I_intron|group_I_intron|group_I_intron|group_I_intron,0.0,0,0.1361323850795507,0.5714285714285714,0.5137614678899083,0.5410628019323672,1.9023651229999814,0.0009355530000902945,0.0,1.9033006760000717,SRP
SRP-protozoan-Leis.dono._AY722734,SRP,138,rnafm_faiss_guided_k14_lofo,faiss,1,consensus,0,14,group_I_intron|RfamFamily|group_I_intron|group_I_intron|group_I_intron|group_I_intron|group_I_intron|group_I_intron|group_I_intron|RfamFamily|group_I_intron|group_I_intron|group_I_intron|group_I_intron,0.0,0,0.585928573944952,0.42857142857142855,0.13953488372093023,0.2105263157894737,1.0753171269998347,0.0009932709999702638,0.0,1.076310397999805,SRP
SRP-Clos.teta._AE015936,SRP,103,rnafm_faiss_guided_k14_lofo,faiss,1,consensus,0,14,5S_rRNA|5S_rRNA|RfamFamily|5S_rRNA|RfamFamily|RfamFamily|5S_rRNA|5S_rRNA|RfamFamily|RfamFamily|RfamFamily|RfamFamily|5S_rRNA|RfamFamily,0.0,0,0.15207297137927128,0.0,0.0,0.0,0.8170416619996104,0.0009431410007891827,0.0,0.8179848030003996,SRP
SRP-Meth.acet._X17238,SRP,315,rnafm_faiss_guided_k14_lofo,faiss,1,consensus,0,14,RfamFamily|RNaseP|group_I_intron|group_I_intron|RfamFamily|group_I_intron|RfamFamily|RNaseP|RNaseP|group_I_intron|RfamFamily|group_I_intron|tmRNA|RfamFamily,0.0,0,0.1692523459910896,0.8061224489795918,0.79,0.7979797979797979,1.5094888869998613,0.0009451930000068387,0.0,1.5104340799998681,SRP
SRP-plant-Medi.trun._AJ846712,SRP,205,rnafm_faiss_guided_k14_lofo,faiss,1,consensus,0,14,RNaseP|RNaseP|RNaseP|RNaseP|RNaseP|RNaseP|RNaseP|RNaseP|RNaseP|RNaseP|RNaseP|RNaseP|RfamFamily|RNaseP,0.0,0,0.432792703216396,0.8163265306122449,0.6779661016949152,0.7407407407407407,1.0693814939995718,0.0009212340000885888,0.0,1.0703027279996604,SRP
SRP-Cand.trop._GSP-294747,SRP,266,rnafm_faiss_guided_k14_lofo,faiss,1,consensus,0,14,RNaseP|RNaseP|RNaseP|RNaseP|group_I_intron|tmRNA|group_I_intron|group_I_intron|group_I_intron|group_I_intron|RfamFamily|group_I_intron|group_I_intron|group_I_intron,0.0,0,0.9131137436718779,0.6623376623376623,0.6144578313253012,0.6375,1.2705139370000325,0.0007999590006875223,0.0,1.27131389600072,SRP
SRP-Trit.aest._BQ167677,SRP,242,rnafm_faiss_guided_k14_lofo,faiss,1,consensus,0,14,RNaseP|tmRNA|RNaseP|tmRNA|tmRNA|RNaseP|tmRNA|group_I_intron|RNaseP|group_I_intron|tmRNA|RfamFamily|tmRNA|tmRNA,0.0,0,0.17846223015557508,0.2222222222222222,0.1951219512195122,0.2077922077922078,1.2025740819999555,0.0008334280000781291,0.0,1.2034075100000337,SRP
SRP-Cory.glut._BX927148,SRP,89,rnafm_faiss_guided_k14_lofo,faiss,1,consensus,0,14,RfamFamily|RfamFamily|RfamFamily|RfamFamily|RfamFamily|RfamFamily|RfamFamily|5S_rRNA|RfamFamily|5S_rRNA|5S_rRNA|5S_rRNA|RfamFamily|5S_rRNA,0.0,0,0.13461470011075405,0.2916666666666667,0.28,0.2857142857142857,0.4906738910003696,0.0008806979994915309,0.0,0.49155458899986115,SRP
SRP-Aspe.oryz._AP007169,SRP,281,rnafm_faiss_guided_k14_lofo,faiss,1,consensus,0,14,group_I_intron|group_I_intron|RNaseP|RfamFamily|group_I_intron|RfamFamily|group_I_intron|RNaseP|group_I_intron|group_I_intron|group_I_intron|group_I_intron|group_I_intron|RfamFamily,0.0,0,1.1651127036720528,0.6904761904761905,0.6904761904761905,0.6904761904761905,1.286746265000147,0.0008409229994867928,0.0,1.287587187999634,SRP
SRP-animal-Homo.sapi._BF908767,SRP,280,rnafm_faiss_guided_k14_lofo,faiss,1,consensus,0,14,RfamFamily|RNaseP|RNaseP|RNaseP|RNaseP|RNaseP|RNaseP|RNaseP|5S_rRNA|RNaseP|RNaseP|tRNA|5S_rRNA|tRNA,0.0,0,0.06639894626520357,0.1744186046511628,0.16666666666666666,0.17045454545454544,1.2737279060002038,0.0008165580002241768,0.0,1.274544464000428,SRP
SRP-plant-Lyco.escu._Z29109,SRP,250,rnafm_faiss_guided_k14_lofo,faiss,1,consensus,0,14,RNaseP|RNaseP|group_I_intron|RNaseP|group_I_intron|group_I_intron|group_I_intron|group_I_intron|group_I_intron|tmRNA|group_I_intron|RNaseP|group_I_intron|group_I_intron,0.0,0,0.20047171305517186,0.21518987341772153,0.22077922077922077,0.21794871794871795,1.248971509000512,0.0008783180001046276,0.0,1.2498498270006166,SRP
SRP-animal-Brug.mala._GSP-6279,SRP,301,rnafm_faiss_guided_k14_lofo,faiss,1,consensus,0,14,RNaseP|RNaseP|RNaseP|RNaseP|group_I_intron|RfamFamily|RNaseP|group_I_intron|RNaseP|group_I_intron|RNaseP|RNaseP|RNaseP|RNaseP,0.0,0,0.14339544864475212,0.8367346938775511,0.8118811881188119,0.8241206030150754,2.094609323000441,0.0009331699993708753,0.0,2.0955424929998117,SRP
SRP-long_bacterial-Stap.aure._CP000255,SRP,270,rnafm_faiss_guided_k14_lofo,faiss,1,consensus,0,14,RfamFamily|RfamFamily|RfamFamily|RfamFamily|tmRNA|tmRNA|RfamFamily|tmRNA|tmRNA|tmRNA|RfamFamily|tmRNA|RfamFamily|tmRNA,0.0,0,0.10442734060682549,0.045454545454545456,0.13793103448275862,0.06837606837606837,1.9345083939997494,0.0009816359997785185,0.0,1.935490029999528,SRP
SRP-plant-Popu.trem._DN498769,SRP,299,rnafm_faiss_guided_k14_lofo,faiss,1,consensus,0,14,RNaseP|RNaseP|RNaseP|RNaseP|RNaseP|group_I_intron|RNaseP|RNaseP|RNaseP|group_I_intron|group_I_intron|group_I_intron|group_I_intron|RNaseP,0.0,0,0.21677055358762393,0.7419354838709677,0.7263157894736842,0.7340425531914895,1.7751041809997332,0.0008302239994009142,0.0,1.7759344049991341,SRP
SRP-animal-Homo.sapi._AA559987,SRP,288,rnafm_faiss_guided_k14_lofo,faiss,1,consensus,0,14,RfamFamily|RNaseP|RNaseP|RNaseP|RNaseP|RNaseP|RNaseP|RNaseP|RNaseP|RNaseP|5S_rRNA|RfamFamily|tRNA|tRNA,0.0,0,0.06862146276177437,0.11956521739130435,0.12359550561797752,0.12154696132596685,1.302477686000202,0.0008572280003136257,0.0,1.3033349140005157,SRP
SRP-Zymo.mobi._AE008692,SRP,103,rnafm_faiss_guided_k14_lofo,faiss,1,consensus,0,14,RfamFamily|RfamFamily|RfamFamily|RfamFamily|RfamFamily|RfamFamily|RfamFamily|RfamFamily|RfamFamily|RfamFamily|RfamFamily|RNaseP|RfamFamily|RfamFamily,0.0,0,0.15844272865092646,0.10714285714285714,0.1875,0.13636363636363635,0.5370792339999753,0.0008284949999506352,0.0,0.5379077289999259,SRP
SRP-Perk.mari._GSP-31276,SRP,287,rnafm_faiss_guided_k14_lofo,faiss,1,consensus,0,14,RNaseP|group_I_intron|RNaseP|RfamFamily|group_I_intron|group_I_intron|RNaseP|RNaseP|RNaseP|RNaseP|group_I_intron|group_I_intron|tmRNA|tmRNA,0.0,0,0.19136662060814333,0.3466666666666667,0.2826086956521739,0.31137724550898205,1.2806809370003975,0.0008949579996624379,0.0,1.28157589500006,SRP
SRP-long_bacterial-Stap.aure._E36052,SRP,270,rnafm_faiss_guided_k14_lofo,faiss,1,consensus,0,14,RfamFamily|RfamFamily|RfamFamily|RfamFamily|tmRNA|tmRNA|RfamFamily|tmRNA|tmRNA|tmRNA|RfamFamily|tmRNA|RfamFamily|tmRNA,0.0,0,0.10442734060682549,0.045454545454545456,0.13793103448275862,0.06837606837606837,1.3109000230006131,0.000977534000412561,0.0,1.3118775570010257,SRP
SRP-Caen.rema._GSP-31234,SRP,299,rnafm_faiss_guided_k14_lofo,faiss,1,consensus,0,14,RNaseP|RfamFamily|RNaseP|RfamFamily|RNaseP|RNaseP|tmRNA|RNaseP|tmRNA|RNaseP|RNaseP|RNaseP|RNaseP|group_I_intron,0.0,0,0.12920051259688492,0.8061224489795918,0.7745098039215687,0.79,1.4261677679996865,0.001047034999828611,0.0,1.427214802999515,SRP
SRP-Medi.trun._BE941271,SRP,272,rnafm_faiss_guided_k14_lofo,faiss,1,consensus,0,14,RNaseP|RNaseP|RNaseP|RNaseP|RNaseP|RNaseP|RNaseP|RNaseP|RNaseP|RNaseP|RNaseP|group_I_intron|RNaseP|RNaseP,0.0,0,0.2781461809520617,0.09876543209876543,0.10126582278481013,0.1,1.2888991950003401,0.0008451490002698847,0.0,1.28974434400061,SRP
SRP-Kluy.lact._CR382126,SRP,499,rnafm_faiss_guided_k14_lofo,faiss,1,consensus,0,14,RNaseP|RNaseP|RNaseP|group_I_intron|group_I_intron|RNaseP|group_I_intron|group_I_intron|group_I_intron|group_I_intron|group_I_intron|group_I_intron|group_I_intron|group_I_intron,0.0,0,0.7867709982321772,0.4789915966386555,0.33727810650887574,0.39583333333333337,1.318541102999916,0.0008157620004567434,0.0,1.3193568650003726,SRP
SRP-fungal-Sacc.kluy._SKAA0027M04.b1,SRP,449,rnafm_faiss_guided_k14_lofo,faiss,1,consensus,0,14,group_I_intron|group_I_intron|group_I_intron|group_I_intron|group_I_intron|group_I_intron|group_I_intron|group_I_intron|group_I_intron|group_I_intron|group_I_intron|group_I_intron|group_I_intron|group_I_intron,0.0,0,0.6597803945459786,0.6985294117647058,0.6291390728476821,0.6620209059233448,1.9118840350001847,0.0009217930000886554,0.0,1.9128058280002733,SRP
SRP-small_bacterial-Lact.gass._CP000413,SRP,89,rnafm_faiss_guided_k14_lofo,faiss,1,consensus,0,14,RfamFamily|RfamFamily|group_I_intron|RfamFamily|RfamFamily|RfamFamily|RfamFamily|RfamFamily|RfamFamily|group_I_intron|RfamFamily|group_I_intron|RfamFamily|RNaseP,0.0,0,0.1564976846561483,0.2777777777777778,0.20833333333333334,0.2380952380952381,0.7285713359997317,0.0009227319997080485,0.0,0.7294940679994397,SRP
SRP-Lyco.escu._Z46744,SRP,303,rnafm_faiss_guided_k14_lofo,faiss,1,consensus,0,14,RNaseP|RNaseP|RfamFamily|tmRNA|group_I_intron|group_I_intron|group_I_intron|group_I_intron|tmRNA|tmRNA|group_I_intron|group_I_intron|tmRNA|tmRNA,0.0,0,0.10873864094613113,0.28846153846153844,0.35294117647058826,0.3174603174603175,1.9560341570004312,0.0020664940002461663,0.0,1.9581006510006773,SRP
SRP-fungal-Aspe.clav._GSP-344612,SRP,278,rnafm_faiss_guided_k14_lofo,faiss,1,consensus,0,14,group_I_intron|group_I_intron|group_I_intron|group_I_intron|group_I_intron|group_I_intron|group_I_intron|group_I_intron|group_I_intron|group_I_intron|group_I_intron|group_I_intron|group_I_intron|group_I_intron,0.0,0,1.162639148783599,0.7790697674418605,0.788235294117647,0.7836257309941521,1.4374081880005178,0.0008652360002088244,0.0,1.4382734240007267,SRP
SRP-long_bacterial-Baci.cere._AE016998,SRP,103,rnafm_faiss_guided_k14_lofo,faiss,1,consensus,0,14,RfamFamily|5S_rRNA|RfamFamily|5S_rRNA|RfamFamily|RfamFamily|RfamFamily|RfamFamily|5S_rRNA|RfamFamily|RfamFamily|5S_rRNA|RfamFamily|RfamFamily,0.0,0,0.152673017367607,0.0,0.0,0.0,0.5240459930000725,0.0009824019998632139,0.0,0.5250283949999357,SRP
SRP-Baci.halo._BA000004,SRP,273,rnafm_faiss_guided_k14_lofo,faiss,1,consensus,0,14,RfamFamily|RfamFamily|RNaseP|RfamFamily|RfamFamily|RNaseP|group_I_intron|RNaseP|RNaseP|RfamFamily|RNaseP|group_I_intron|group_I_intron|RfamFamily,0.0,0,0.15530098113058785,0.6436781609195402,0.6511627906976745,0.647398843930636,1.300257431999853,0.0009493229999861796,0.0,1.3012067549998392,SRP
SRP-protozoan-Tryp.bruc._M80262,SRP,273,rnafm_faiss_guided_k14_lofo,faiss,1,consensus,0,14,group_I_intron|RfamFamily|RfamFamily|group_I_intron|group_I_intron|group_I_intron|group_I_intron|group_I_intron|RfamFamily|group_I_intron|RNaseP|group_I_intron|group_I_intron|group_I_intron,0.0,0,0.6057996240919873,0.8144329896907216,0.8494623655913979,0.8315789473684212,1.3228300580003634,0.0008613310001237551,0.0,1.323691389000487,SRP
SRP-animal-Homo.sapi._AB061847,SRP,302,rnafm_faiss_guided_k14_lofo,faiss,1,consensus,0,14,5S_rRNA|RNaseP|RNaseP|RfamFamily|RNaseP|RNaseP|RNaseP|RNaseP|RNaseP|RNaseP|RNaseP|tRNA|tRNA|tRNA,0.0,0,0.09255973008699296,0.21568627450980393,0.24175824175824176,0.22797927461139894,1.250009561999832,0.0008224799994422938,0.0,1.2508320419992742,SRP
SRP-plant-Zea.mays._SDB-381124-6,SRP,305,rnafm_faiss_guided_k14_lofo,faiss,1,consensus,0,14,RNaseP|RNaseP|group_I_intron|group_I_intron|group_I_intron|RNaseP|RfamFamily|group_I_intron|group_I_intron|RNaseP|group_I_intron|group_I_intron|group_I_intron|tmRNA,0.0,0,0.1213292041702306,0.7333333333333333,0.7129629629629629,0.7230046948356808,1.2772284949996902,0.0008406530005231616,0.0,1.2780691480002133,SRP
SRP-plant-Chry.mori._SDB-41568,SRP,89,rnafm_faiss_guided_k14_lofo,faiss,1,consensus,0,14,group_I_intron|group_I_intron|group_I_intron|tmRNA|group_I_intron|group_I_intron|group_I_intron|group_I_intron|tmRNA|tmRNA|group_I_intron|group_I_intron|group_I_intron|group_I_intron,0.0,0,0.31173879005898003,0.0,0.0,0.0,0.49044654499994067,0.0008908539994081366,0.0,0.4913373989993488,SRP
SRP-protozoan-Phyt.ramo._GSP-164328,SRP,314,rnafm_faiss_guided_k14_lofo,faiss,1,consensus,0,14,RNaseP|RNaseP|group_I_intron|group_I_intron|group_I_intron|group_I_intron|group_I_intron|tmRNA|group_I_intron|group_I_intron|RNaseP|RNaseP|RNaseP|RNaseP,0.0,0,0.14097164091636152,0.71,0.7717391304347826,0.7395833333333333,1.30621123399942,0.0008173579999493086,0.0,1.3070285919993694,SRP
SRP-fungal-Mono.brev._GSP-81824,SRP,311,rnafm_faiss_guided_k14_lofo,faiss,1,consensus,0,14,RNaseP|group_I_intron|RfamFamily|group_I_intron|group_I_intron|group_I_intron|group_I_intron|group_I_intron|group_I_intron|group_I_intron|RfamFamily|RNaseP|RNaseP|group_I_intron,0.0,0,0.7388628836457279,0.8317757009345794,0.8317757009345794,0.8317757009345794,1.8860927200003061,0.0008808250004221918,0.0,1.8869735450007283,SRP
SRP-animal-Phak.meib._GSP-169999,SRP,308,rnafm_faiss_guided_k14_lofo,faiss,1,consensus,0,14,RNaseP|RNaseP|RNaseP|RNaseP|RNaseP|RNaseP|RNaseP|group_I_intron|RNaseP|RNaseP|RNaseP|RNaseP|group_I_intron|group_I_intron,0.0,0,0.12405689979744283,0.6831683168316832,0.6571428571428571,0.6699029126213593,2.0422898840006383,0.0009227539994753897,0.0,2.0432126380001137,SRP
SRP-protozoan-Lept.coll._AF006750,SRP,280,rnafm_faiss_guided_k14_lofo,faiss,1,consensus,0,14,RNaseP|RNaseP|RNaseP|RNaseP|RNaseP|RNaseP|RNaseP|RNaseP|RNaseP|RNaseP|group_I_intron|group_I_intron|group_I_intron|RNaseP,0.0,0,0.43731357574789265,0.27956989247311825,0.2988505747126437,0.28888888888888886,1.7830082609998499,0.0008458640004391782,0.0,1.783854125000289,SRP
SRP-Legi.pneu._CR628336,SRP,98,rnafm_faiss_guided_k14_lofo,faiss,1,consensus,0,14,RfamFamily|RfamFamily|RfamFamily|RfamFamily|RfamFamily|RfamFamily|RfamFamily|RfamFamily|RfamFamily|RfamFamily|RfamFamily|RfamFamily|RfamFamily|RfamFamily,0.0,0,0.14494726449398088,0.9375,0.8571428571428571,0.8955223880597014,0.5171642839995911,0.0008689200003573205,0.0,0.5180332039999485,SRP
SRP-archael-Ther.volc._BA000011,SRP,299,rnafm_faiss_guided_k14_lofo,faiss,1,consensus,0,14,group_I_intron|group_I_intron|RNaseP|group_I_intron|group_I_intron|group_I_intron|group_I_intron|group_I_intron|group_I_intron|group_I_intron|group_I_intron|group_I_intron|RNaseP|group_I_intron,0.0,0,0.3230952430593967,0.5368421052631579,0.4722222222222222,0.5024630541871922,1.280051411000386,0.0008434350002062274,0.0,1.2808948460005922,SRP
SRP-fungal-Kluy.lact._CR382126,SRP,499,rnafm_faiss_guided_k14_lofo,faiss,1,consensus,0,14,RNaseP|RNaseP|RNaseP|group_I_intron|group_I_intron|RNaseP|group_I_intron|group_I_intron|group_I_intron|group_I_intron|group_I_intron|group_I_intron|group_I_intron|group_I_intron,0.0,0,0.7867709982321772,0.4789915966386555,0.33727810650887574,0.39583333333333337,1.2916995619998488,0.0009028249996845261,0.0,1.2926023869995333,SRP
SRP-long_bacterial-Clos.ther._CP000568,SRP,175,rnafm_faiss_guided_k14_lofo,faiss,1,consensus,0,14,group_I_intron|group_I_intron|group_I_intron|group_I_intron|group_I_intron|RfamFamily|RNaseP|group_I_intron|RfamFamily|group_I_intron|group_I_intron|RfamFamily|group_I_intron|group_I_intron,0.0,0,0.29058055544193834,0.0,0.0,0.0,0.947218360000079,0.0008245809995059972,0.0,0.948042940999585,SRP
SRP-Citr.sine._CN181543,SRP,78,rnafm_faiss_guided_k14_lofo,faiss,1,consensus,0,14,RfamFamily|RfamFamily|RfamFamily|RfamFamily|RfamFamily|RfamFamily|RfamFamily|RfamFamily|RfamFamily|RfamFamily|RfamFamily|RfamFamily|RfamFamily|RfamFamily,0.0,0,0.4542604956782363,0.0,0.0,0.0,0.5314718119998361,0.0009499359994151746,0.0,0.5324217479992512,SRP
SRP-small_bacterial-Fuso.nucl._AE009951,SRP,99,rnafm_faiss_guided_k14_lofo,faiss,1,consensus,0,14,RfamFamily|RfamFamily|RfamFamily|RfamFamily|RfamFamily|RfamFamily|RfamFamily|RfamFamily|RfamFamily|RfamFamily|RfamFamily|RfamFamily|RfamFamily|RfamFamily,0.0,0,0.16556802487342168,0.6875,0.3142857142857143,0.43137254901960786,0.5416013800004293,0.0008518880003975937,0.0,0.5424532680008269,SRP
SRP-Porp.yezo._AP006715,SRP,108,rnafm_faiss_guided_k14_lofo,faiss,1,consensus,0,14,RfamFamily|RfamFamily|RfamFamily|RfamFamily|RfamFamily|RfamFamily|RfamFamily|RfamFamily|RfamFamily|RfamFamily|RfamFamily|RfamFamily|RfamFamily|tmRNA,0.0,0,0.4734195362495633,0.2,0.4,0.26666666666666666,0.6029873880006562,0.0008844180001688073,0.0,0.603871806000825,SRP
SRP-Homo.sapi._BF908767,SRP,280,rnafm_faiss_guided_k14_lofo,faiss,1,consensus,0,14,RfamFamily|RNaseP|RNaseP|RNaseP|RNaseP|RNaseP|RNaseP|RNaseP|5S_rRNA|RNaseP|RNaseP|tRNA|5S_rRNA|tRNA,0.0,0,0.06639894626520357,0.1744186046511628,0.16666666666666666,0.17045454545454544,1.3036217259996192,0.0009861420003289822,0.0,1.3046078679999482,SRP
SRP-Pseu.puti._CP000712,SRP,98,rnafm_faiss_guided_k14_lofo,faiss,1,consensus,0,14,5S_rRNA|RfamFamily|5S_rRNA|RfamFamily|5S_rRNA|5S_rRNA|5S_rRNA|RfamFamily|5S_rRNA|5S_rRNA|5S_rRNA|5S_rRNA|5S_rRNA|5S_rRNA,0.0,0,0.13563320219335007,0.4,1.0,0.5714285714285715,0.5005463139996209,0.0008212869997805683,0.0,0.5013676009994015,SRP
SRP-small_bacterial-Stre.agal._AL766845,SRP,77,rnafm_faiss_guided_k14_lofo,faiss,1,consensus,0,14,RfamFamily|RfamFamily|RfamFamily|RfamFamily|RfamFamily|RfamFamily|RfamFamily|RfamFamily|RfamFamily|RfamFamily|RfamFamily|tmRNA|RfamFamily|RfamFamily,0.0,0,0.16212345021904087,0.30434782608695654,1.0,0.4666666666666667,0.43881821900049545,0.0008150429994202568,0.0,0.4396332619999157,SRP
SRP-plant-Sorg.bico._BE594178,SRP,305,rnafm_faiss_guided_k14_lofo,faiss,1,consensus,0,14,RNaseP|RNaseP|group_I_intron|group_I_intron|RNaseP|group_I_intron|group_I_intron|group_I_intron|group_I_intron|group_I_intron|group_I_intron|group_I_intron|group_I_intron|group_I_intron,0.0,0,0.21291158167659638,0.5,0.41509433962264153,0.4536082474226804,1.5431588669998746,0.0009527659995001159,0.0,1.5441116329993747,SRP
SRP-fungal-Para.bras._CN240538,SRP,127,rnafm_faiss_guided_k14_lofo,faiss,1,consensus,0,14,RfamFamily|RfamFamily|RfamFamily|group_I_intron|RfamFamily|RfamFamily|group_I_intron|group_I_intron|group_I_intron|group_I_intron|group_I_intron|RfamFamily|group_I_intron|group_I_intron,0.0,0,0.4965549804624841,0.3333333333333333,0.20588235294117646,0.2545454545454545,1.0222940779995042,0.0010070250000353553,0.0,1.0233011029995396,SRP
SRP-animal-Caen.rema._GSP-31234,SRP,299,rnafm_faiss_guided_k14_lofo,faiss,1,consensus,0,14,RNaseP|RfamFamily|RNaseP|RfamFamily|RNaseP|RNaseP|tmRNA|RNaseP|tmRNA|RNaseP|RNaseP|RNaseP|RNaseP|group_I_intron,0.0,0,0.12920051259688492,0.8061224489795918,0.7745098039215687,0.79,1.9309494629997062,0.0009066730008271406,0.0,1.9318561360005333,SRP
SRP-plant-Bras.napu._EE400505,SRP,308,rnafm_faiss_guided_k14_lofo,faiss,1,consensus,0,14,RNaseP|RNaseP|tmRNA|tmRNA|group_I_intron|RNaseP|RfamFamily|tmRNA|group_I_intron|group_I_intron|group_I_intron|RNaseP|group_I_intron|group_I_intron,0.0,0,0.19833447601783663,0.2916666666666667,0.3076923076923077,0.2994652406417112,1.8673758009999801,0.0008089259999906062,0.0,1.8681847269999707,SRP
SRP-long_bacterial-Clos.diff._AM180355,SRP,238,rnafm_faiss_guided_k14_lofo,faiss,1,consensus,0,14,RfamFamily|RfamFamily|RfamFamily|RfamFamily|RfamFamily|RNaseP|RNaseP|RNaseP|group_I_intron|RfamFamily|RNaseP|RNaseP|RNaseP|tmRNA,0.0,0,0.16054827633731067,0.045454545454545456,0.04411764705882353,0.04477611940298508,1.1839327180005057,0.0008339619998878334,0.0,1.1847666800003935,SRP
SRP-archael-Meth.mari._BX957223,SRP,314,rnafm_faiss_guided_k14_lofo,faiss,1,consensus,0,14,group_I_intron|group_I_intron|group_I_intron|group_I_intron|group_I_intron|group_I_intron|RfamFamily|RfamFamily|group_I_intron|group_I_intron|tmRNA|group_I_intron|group_I_intron|RfamFamily,0.0,0,0.23021909382534503,0.6504854368932039,0.638095238095238,0.6442307692307692,1.304319733999364,0.0010118889995283098,0.0,1.3053316229988923,SRP
SRP-animal-Dros.mela._AC002512,SRP,299,rnafm_faiss_guided_k14_lofo,faiss,1,consensus,0,14,RNaseP|RNaseP|group_I_intron|RNaseP|RNaseP|group_I_intron|RNaseP|RNaseP|RNaseP|group_I_intron|RNaseP|tmRNA|RNaseP|RNaseP,0.0,0,0.13152625268483487,0.8217821782178217,0.8383838383838383,0.83,1.3009414400003152,0.0008306580002681585,0.0,1.3017720980005834,SRP
SRP-animal-Dros.yaku._GSP-7245,SRP,302,rnafm_faiss_guided_k14_lofo,faiss,1,consensus,0,14,RNaseP|RNaseP|RNaseP|RNaseP|group_I_intron|RNaseP|RNaseP|RNaseP|group_I_intron|RNaseP|tmRNA|group_I_intron|RNaseP|RNaseP,0.0,0,0.1307136937978162,0.8217821782178217,0.8383838383838383,0.83,1.3127104780005538,0.0008437699998466996,0.0,1.3135542480004005,SRP
SRP-protozoan-Tryp.bruc._M80262,SRP,273,rnafm_faiss_guided_k14_lofo,faiss,1,consensus,0,14,group_I_intron|RfamFamily|RfamFamily|group_I_intron|group_I_intron|group_I_intron|group_I_intron|group_I_intron|RfamFamily|group_I_intron|RNaseP|group_I_intron|group_I_intron|group_I_intron,0.0,0,0.6057996240919873,0.8144329896907216,0.8494623655913979,0.8315789473684212,1.3190840190000017,0.0009514829998806817,0.0,1.3200355019998824,SRP
SRP-small_bacterial-Dein.geot._CP000359,SRP,32,rnafm_faiss_guided_k14_lofo,faiss,1,consensus,0,14,RfamFamily|group_I_intron|RfamFamily|group_I_intron|group_I_intron|RNaseP|RNaseP|group_I_intron|RfamFamily|RfamFamily|RfamFamily|group_I_intron|RfamFamily|RNaseP,0.0,0,0.21476811934128182,0.0,0.0,0.0,0.2319100390004678,0.0008449289998679888,0.0,0.2327549680003358,SRP
SRP-fungal-Lodd.elon._GSP-379508,SRP,299,rnafm_faiss_guided_k14_lofo,faiss,1,consensus,0,14,RNaseP|RNaseP|RNaseP|group_I_intron|group_I_intron|RNaseP|group_I_intron|group_I_intron|group_I_intron|RNaseP|tmRNA|group_I_intron|group_I_intron|group_I_intron,0.0,0,0.8734852023600373,0.20689655172413793,0.19148936170212766,0.19889502762430936,1.3022007609997672,0.0008705529999133432,0.0,1.3030713139996806,SRP
SRP-fungal-Schi.pomb._AU014035,SRP,186,rnafm_faiss_guided_k14_lofo,faiss,1,consensus,0,14,RfamFamily|group_I_intron|RNaseP|RNaseP|RNaseP|group_I_intron|group_I_intron|group_I_intron|group_I_intron|RfamFamily|RNaseP|group_I_intron|group_I_intron|group_I_intron,0.0,0,0.651346340436449,0.23404255319148937,0.21568627450980393,0.22448979591836735,1.3954075830006332,0.0012129050001021824,0.0,1.3966204880007353,SRP
SRP-Medi.trun._AJ846712,SRP,205,rnafm_faiss_guided_k14_lofo,faiss,1,consensus,0,14,RNaseP|RNaseP|RNaseP|RNaseP|RNaseP|RNaseP|RNaseP|RNaseP|RNaseP|RNaseP|RNaseP|RNaseP|RfamFamily|RNaseP,0.0,0,0.432792703216396,0.8163265306122449,0.6779661016949152,0.7407407407407407,1.533397748000425,0.0009852909997789538,0.0,1.534383039000204,SRP
SRP-animal-Aede.aegy._DW714923,SRP,307,rnafm_faiss_guided_k14_lofo,faiss,1,consensus,0,14,RNaseP|group_I_intron|group_I_intron|group_I_intron|group_I_intron|RNaseP|RNaseP|RNaseP|RNaseP|group_I_intron|group_I_intron|RNaseP|tmRNA|RNaseP,0.0,0,0.19466482805993054,0.8469387755102041,0.83,0.8383838383838385,1.917313476000345,0.0009263550000468967,0.0,1.9182398310003919,SRP
SRP-Tetr.rost._SDB-5909,SRP,282,rnafm_faiss_guided_k14_lofo,faiss,1,consensus,0,14,group_I_intron|RNaseP|group_I_intron|group_I_intron|group_I_intron|group_I_intron|group_I_intron|group_I_intron|group_I_intron|RNaseP|group_I_intron|group_I_intron|RNaseP|tmRNA,0.0,0,0.26072226471253457,0.6352941176470588,0.5934065934065934,0.6136363636363635,1.5803078259996255,0.0008633220004412578,0.0,1.5811711480000668,SRP
SRP-plant-Trit.aest._X13913,SRP,298,rnafm_faiss_guided_k14_lofo,faiss,1,consensus,0,14,RNaseP|RNaseP|RfamFamily|tmRNA|RfamFamily|group_I_intron|RfamFamily|tmRNA|tmRNA|tmRNA|tmRNA|group_I_intron|tmRNA|tmRNA,0.0,0,0.10336984157961418,0.5894736842105263,0.5544554455445545,0.5714285714285714,1.3050811120001526,0.0008901949995561154,0.0,1.3059713069997088,SRP
SRP-animal-Dros.mela._X00952,SRP,298,rnafm_faiss_guided_k14_lofo,faiss,1,consensus,0,14,RNaseP|RNaseP|RNaseP|group_I_intron|RNaseP|RNaseP|group_I_intron|RNaseP|tmRNA|group_I_intron|RNaseP|RNaseP|RNaseP|RNaseP,0.0,0,0.12648920701266192,0.8613861386138614,0.9157894736842105,0.8877551020408163,1.3099396810002872,0.0008689279993632226,0.0,1.3108086089996505,SRP
group_I_intron-IB4-She.cL2500_p1,group_I_intron,343,rnafm_faiss_guided_k14_lofo,faiss,1,consensus,0,14,tmRNA|tmRNA|RfamFamily|tmRNA|tmRNA|RNaseP|tmRNA|tmRNA|RNaseP|tmRNA|RfamFamily|SRP|RfamFamily|tmRNA,0.0,0,0.4735360796611208,0.6513761467889908,0.7171717171717171,0.6826923076923077,1.449286989999564,0.0009258820000468404,0.0,1.4502128719996108,group_I_intron
group_I_intron-IA1-Pwi.mL2504_p10,group_I_intron,304,rnafm_faiss_guided_k14_lofo,faiss,1,consensus,0,14,tmRNA|tmRNA|tmRNA|RNaseP|RNaseP|RNaseP|tmRNA|RNaseP|SRP|tmRNA|RfamFamily|SRP|tmRNA|tmRNA,0.0,0,0.5642763999203859,0.4470588235294118,0.4222222222222222,0.43428571428571433,1.2679888960001335,0.0008754240006965119,0.0,1.26886432000083,group_I_intron
"group_I_intron-ID-Ncr.m.COB,1-2_p10",group_I_intron,265,rnafm_faiss_guided_k14_lofo,faiss,1,consensus,0,14,tmRNA|tmRNA|RNaseP|SRP|tmRNA|RNaseP|RNaseP|RNaseP|SRP|tmRNA|tmRNA|RNaseP|RNaseP|RNaseP,0.0,0,0.45888351321200266,0.3611111111111111,0.45614035087719296,0.40310077519379844,1.2417615340000339,0.0008378439997613896,0.0,1.2425993779997953,group_I_intron
group_I_intron-IE-Chlo_sp-9.S943_p1,group_I_intron,347,rnafm_faiss_guided_k14_lofo,faiss,1,consensus,0,14,SRP|SRP|SRP|RNaseP|SRP|SRP|SRP|SRP|RNaseP|SRP|SRP|SRP|tmRNA|RNaseP,0.0,0,0.9490762176404962,0.6306306306306306,0.625,0.6278026905829596,1.3019647989995065,0.0008451530002275831,0.0,1.302809951999734,group_I_intron
group_I_intron-IC1-Pte.S943-12,group_I_intron,403,rnafm_faiss_guided_k14_lofo,faiss,1,consensus,0,14,RNaseP|SRP|SRP|RNaseP|SRP|RNaseP|tmRNA|tmRNA|RNaseP|RNaseP|RfamFamily|SRP|tmRNA|SRP,0.0,0,0.7524641933621776,0.5811965811965812,0.5483870967741935,0.5643153526970954,1.8289662839997618,0.0013247609995232779,0.0,1.830291044999285,group_I_intron
group_I_intron-IC1-Ba_sp-5.S516,group_I_intron,498,rnafm_faiss_guided_k14_lofo,faiss,1,consensus,0,14,SRP|RNaseP|SRP|SRP|SRP|SRP|SRP|RNaseP|tmRNA|tmRNA|RfamFamily|tmRNA|tmRNA|SRP,0.0,0,0.40470673514188565,0.6,0.5067567567567568,0.5494505494505495,1.9618436900000233,0.0009639300005801488,0.0,1.9628076200006035,group_I_intron
group_I_intron-IC1-Pte.S516-7,group_I_intron,526,rnafm_faiss_guided_k14_lofo,faiss,1,consensus,0,14,RfamFamily|RfamFamily|SRP|SRP|SRP|tmRNA|tmRNA|tmRNA|RNaseP|RNaseP|SRP|RfamFamily|RNaseP|RNaseP,0.0,0,1.0705964331266478,0.39552238805970147,0.3419354838709677,0.3667820069204152,1.7436176169994724,0.0008789909998085932,0.0,1.744496607999281,group_I_intron
group_I_intron-IB4-Msp-2.cL2500_p1,group_I_intron,394,rnafm_faiss_guided_k14_lofo,faiss,1,consensus,0,14,RNaseP|RNaseP|SRP|RfamFamily|SRP|RfamFamily|RNaseP|RNaseP|RNaseP|tmRNA|RNaseP|RNaseP|RNaseP|RfamFamily,0.0,0,0.5907032065145879,0.6363636363636364,0.6581196581196581,0.6470588235294118,1.2954375680001249,0.0008556980001230841,0.0,1.296293266000248,group_I_intron
group_I_intron-IE-Rbo.S1199_p1,group_I_intron,415,rnafm_faiss_guided_k14_lofo,faiss,1,consensus,0,14,tmRNA|SRP|RfamFamily|tmRNA|tmRNA|SRP|SRP|SRP|SRP|SRP|RNaseP|tmRNA|tmRNA|tmRNA,0.0,0,0.5483019060307411,0.47368421052631576,0.49606299212598426,0.4846153846153846,1.2986453869998513,0.0008589059998485027,0.0,1.2995042929996998,group_I_intron
group_I_intron-IE-Chlo_sp-6.S516,group_I_intron,387,rnafm_faiss_guided_k14_lofo,faiss,1,consensus,0,14,RNaseP|SRP|SRP|SRP|tmRNA|SRP|SRP|RNaseP|SRP|SRP|SRP|SRP|SRP|RfamFamily,0.0,0,0.8775990646837972,0.7637795275590551,0.8083333333333333,0.785425101214575,1.2898674369998844,0.0008673929996803054,0.0,1.2907348299995647,group_I_intron
group_I_intron-IC1-Cri.S1506,group_I_intron,409,rnafm_faiss_guided_k14_lofo,faiss,1,consensus,0,14,RNaseP|SRP|SRP|SRP|SRP|SRP|RNaseP|SRP|SRP|SRP|tmRNA|SRP|SRP|SRP,0.0,0,0.8670184796917627,0.5486725663716814,0.47692307692307695,0.5102880658436214,1.2965070500004003,0.0008414329995503067,0.0,1.2973484829999506,group_I_intron
group_I_intron-IB4-Tag.cL2262_p1,group_I_intron,346,rnafm_faiss_guided_k14_lofo,faiss,1,consensus,0,14,RNaseP|tmRNA|tmRNA|tmRNA|tmRNA|RNaseP|tmRNA|tmRNA|SRP|tmRNA|tmRNA|RfamFamily|tmRNA|RNaseP,0.0,0,0.6100541849024029,0.7368421052631579,0.7241379310344828,0.7304347826086957,1.3205104050002774,0.0009674290004113573,0.0,1.3214778340006887,group_I_intron
group_I_intron-IC1-Lmi.S943,group_I_intron,413,rnafm_faiss_guided_k14_lofo,faiss,1,consensus,0,14,SRP|RNaseP|SRP|SRP|RNaseP|SRP|RNaseP|RNaseP|SRP|SRP|SRP|RNaseP|SRP|SRP,0.0,0,0.8636700215210896,0.18421052631578946,0.1875,0.18584070796460175,1.5480305029996089,0.000980862000687921,0.0,1.5490113650002968,group_I_intron
group_I_intron-IE3-Gvi.S1201,group_I_intron,390,rnafm_faiss_guided_k14_lofo,faiss,1,consensus,0,14,SRP|RNaseP|SRP|SRP|SRP|SRP|SRP|SRP|RNaseP|SRP|SRP|RNaseP|RNaseP|RNaseP,0.0,0,0.8369446706714699,0.7936507936507936,0.8064516129032258,0.7999999999999999,1.931118611999409,0.0009593419999873731,0.0,1.9320779539993964,group_I_intron
group_I_intron-IC1-Ale.S943-1,group_I_intron,443,rnafm_faiss_guided_k14_lofo,faiss,1,consensus,0,14,tmRNA|tmRNA|tmRNA|tmRNA|RNaseP|tmRNA|tmRNA|tmRNA|RfamFamily|tmRNA|RfamFamily|RfamFamily|RfamFamily|RfamFamily,0.0,0,0.28773410943918293,0.664179104477612,0.7295081967213115,0.6953125,1.9092857000005097,0.000987595999504265,0.0,1.910273296000014,group_I_intron
group_I_intron-IB2-Spu.mL1065_p1,group_I_intron,215,rnafm_faiss_guided_k14_lofo,faiss,1,consensus,0,14,tmRNA|tmRNA|tmRNA|RNaseP|SRP|SRP|tmRNA|RNaseP|RNaseP|RNaseP|tmRNA|RNaseP|tmRNA|RfamFamily,0.0,0,0.5389610956855299,0.4642857142857143,0.4262295081967213,0.4444444444444445,1.1135210570000709,0.0008992190005301381,0.0,1.114420276000601,group_I_intron
group_I_intron-IC1-Csu.S943,group_I_intron,453,rnafm_faiss_guided_k14_lofo,faiss,1,consensus,0,14,RNaseP|SRP|SRP|SRP|SRP|SRP|RNaseP|SRP|SRP|SRP|SRP|RNaseP|RNaseP|RNaseP,0.0,0,0.7461595407717512,0.5683453237410072,0.5302013422818792,0.5486111111111112,1.3016723020000427,0.0008551170003556763,0.0,1.3025274190003984,group_I_intron
group_I_intron-IC1-Ppl.S943,group_I_intron,401,rnafm_faiss_guided_k14_lofo,faiss,1,consensus,0,14,SRP|RfamFamily|SRP|SRP|SRP|SRP|RNaseP|SRP|RNaseP|RNaseP|SRP|SRP|SRP|tmRNA,0.0,0,0.5993645715811341,0.773109243697479,0.6865671641791045,0.7272727272727273,1.4567896789994847,0.0009421149998161127,0.0,1.4577317939993009,group_I_intron
"group_I_intron-IB4-Ncr.m.ND5,2_p10",group_I_intron,261,rnafm_faiss_guided_k14_lofo,faiss,1,consensus,0,14,tmRNA|tmRNA|tmRNA|tmRNA|RNaseP|tmRNA|tmRNA|RNaseP|RNaseP|SRP|tmRNA|SRP|tmRNA|RNaseP,0.0,0,0.4703692768222855,0.5875,0.6811594202898551,0.6308724832214765,1.338239603999682,0.0009053859994310187,0.0,1.339144989999113,group_I_intron
group_I_intron-IC1-Mte.S943,group_I_intron,429,rnafm_faiss_guided_k14_lofo,faiss,1,consensus,0,14,SRP|SRP|tmRNA|SRP|SRP|RNaseP|RNaseP|RNaseP|RfamFamily|RNaseP|RNaseP|RNaseP|SRP|SRP,0.0,0,0.7047845929811558,0.823076923076923,0.7697841726618705,0.7955390334572491,1.3304798990002382,0.0008683149999342277,0.0,1.3313482140001724,group_I_intron
group_I_intron-IC1-Min.S943-1,group_I_intron,385,rnafm_faiss_guided_k14_lofo,faiss,1,consensus,0,14,SRP|RNaseP|SRP|RNaseP|RNaseP|SRP|tmRNA|tmRNA|RNaseP|SRP|RfamFamily|SRP|SRP|RfamFamily,0.0,0,0.7704475288388466,0.4528301886792453,0.44036697247706424,0.4465116279069768,1.3332207289995495,0.0008474450005451217,0.0,1.3340681740000946,group_I_intron
"group_I_intron-IB2-Mse.m.ND5,1_p10",group_I_intron,231,rnafm_faiss_guided_k14_lofo,faiss,1,consensus,0,14,tmRNA|RNaseP|tmRNA|RNaseP|tmRNA|tmRNA|tmRNA|tmRNA|RNaseP|RNaseP|RNaseP|RNaseP|RNaseP|tmRNA,0.0,0,0.5397332762794858,0.6666666666666666,0.7333333333333333,0.6984126984126984,1.3948897380005292,0.0011688129998219665,0.0,1.3960585510003511,group_I_intron
"group_I_intron-IB1-Cro.m.COX1,1_p10",group_I_intron,304,rnafm_faiss_guided_k14_lofo,faiss,1,consensus,0,14,SRP|RNaseP|tmRNA|tmRNA|tmRNA|RNaseP|tmRNA|tmRNA|SRP|SRP|tmRNA|RfamFamily|RNaseP|RNaseP,0.0,0,0.4007996504183075,0.4367816091954023,0.5066666666666667,0.46913580246913583,1.9388113060003889,0.0009507499999017455,0.0,1.9397620560002906,group_I_intron
group_I_intron-IC1-Bgr.S516,group_I_intron,438,rnafm_faiss_guided_k14_lofo,faiss,1,consensus,0,14,SRP|SRP|SRP|SRP|SRP|SRP|SRP|RNaseP|RfamFamily|tmRNA|RfamFamily|SRP|RNaseP|RNaseP,0.0,0,0.4874778603222391,0.6934306569343066,0.7089552238805971,0.7011070110701108,2.082738213000084,0.0010416080003778916,0.0,2.083779821000462,group_I_intron
group_I_intron-IE3-Nga.S1199-2,group_I_intron,386,rnafm_faiss_guided_k14_lofo,faiss,1,consensus,0,14,SRP|SRP|SRP|RNaseP|SRP|SRP|SRP|RNaseP|RNaseP|tmRNA|tmRNA|SRP|RNaseP|RNaseP,0.0,0,0.7460023099143738,0.5663716814159292,0.5378151260504201,0.5517241379310345,1.3854002049993142,0.00089158100036002,0.0,1.3862917859996742,group_I_intron
"group_I_intron-IC1-Cvi-1.v.URF,1",group_I_intron,414,rnafm_faiss_guided_k14_lofo,faiss,1,consensus,0,14,RNaseP|RNaseP|tmRNA|SRP|SRP|RNaseP|RfamFamily|RfamFamily|RNaseP|RNaseP|SRP|RfamFamily|tmRNA|SRP,0.0,0,0.6899240507071366,0.3783783783783784,0.3620689655172414,0.3700440528634361,1.2929124699994645,0.0009788050001589,0.0,1.2938912749996234,group_I_intron
"group_I_intron-IB1-Emi.m.COX1,1_p1",group_I_intron,310,rnafm_faiss_guided_k14_lofo,faiss,1,consensus,0,14,SRP|RNaseP|tmRNA|tmRNA|SRP|RNaseP|tmRNA|RNaseP|tmRNA|SRP|RNaseP|tmRNA|tmRNA|RNaseP,0.0,0,0.5628421600279652,0.7011494252873564,0.7176470588235294,0.7093023255813954,1.292938796999806,0.000837054999465181,0.0,1.2937758519992713,group_I_intron
group_I_intron-IE-Rbo.S516_p10,group_I_intron,362,rnafm_faiss_guided_k14_lofo,faiss,1,consensus,0,14,SRP|SRP|SRP|SRP|SRP|SRP|SRP|SRP|SRP|SRP|SRP|SRP|SRP|SRP,0.0,0,0.6256745372269286,0.33035714285714285,0.3557692307692308,0.34259259259259256,1.3197332540003117,0.0008529790002285154,0.0,1.3205862330005402,group_I_intron
group_I_intron-IC1-Nsp.S516-3,group_I_intron,395,rnafm_faiss_guided_k14_lofo,faiss,1,consensus,0,14,SRP|SRP|RNaseP|RNaseP|RNaseP|RNaseP|RNaseP|SRP|SRP|tmRNA|SRP|RfamFamily|RNaseP|SRP,0.0,0,0.7737805571735429,0.717948717948718,0.6942148760330579,0.7058823529411764,1.3206297880005877,0.0009193400001095142,0.0,1.3215491280006972,group_I_intron
group_I_intron-IC1-Ceh.S1506-6,group_I_intron,459,rnafm_faiss_guided_k14_lofo,faiss,1,consensus,0,14,SRP|SRP|SRP|RNaseP|RfamFamily|RNaseP|SRP|SRP|RfamFamily|SRP|SRP|SRP|SRP|SRP,0.0,0,0.7831497934387377,0.6170212765957447,0.6083916083916084,0.6126760563380282,1.4644493209998473,0.0010545920004005893,0.0,1.4655039130002478,group_I_intron
group_I_intron-IC1-Bfu.S516-12,group_I_intron,431,rnafm_faiss_guided_k14_lofo,faiss,1,consensus,0,14,tmRNA|tmRNA|tmRNA|tmRNA|tmRNA|SRP|SRP|SRP|RNaseP|RNaseP|SRP|SRP|RfamFamily|SRP,0.0,0,0.8528909735759321,0.48148148148148145,0.416,0.4463519313304721,1.5882327189992793,0.001009859000077995,0.0,1.5892425779993573,group_I_intron
group_I_intron-IC1-Cli.S943-2,group_I_intron,401,rnafm_faiss_guided_k14_lofo,faiss,1,consensus,0,14,SRP|SRP|RNaseP|RNaseP|SRP|SRP|SRP|SRP|SRP|SRP|RNaseP|RfamFamily|tmRNA|tmRNA,0.0,0,0.7098853618069051,0.5217391304347826,0.5042016806722689,0.5128205128205128,1.996813038000255,0.0010175009992963169,0.0,1.9978305389995512,group_I_intron
group_I_intron-IE2-Cdu.L1923-2,group_I_intron,406,rnafm_faiss_guided_k14_lofo,faiss,1,consensus,0,14,RNaseP|tmRNA|tmRNA|tmRNA|RNaseP|tmRNA|RfamFamily|SRP|RNaseP|RNaseP|RNaseP|tmRNA|tmRNA|SRP,0.0,0,0.38135274197740465,0.49242424242424243,0.5603448275862069,0.5241935483870968,1.8609120849996543,0.001056651999533642,0.0,1.861968736999188,group_I_intron
group_I_intron-a.I1.e.C.ellipsoidea.211-1a.C1.SSU.1506,group_I_intron,479,rnafm_faiss_guided_k14_lofo,faiss,1,consensus,0,14,SRP|SRP|SRP|SRP|SRP|RNaseP|RNaseP|tmRNA|tmRNA|RNaseP|RNaseP|RNaseP|RNaseP|SRP,0.0,0,0.641951067828329,0.6666666666666666,0.5986394557823129,0.6308243727598566,1.3720194389998142,0.0008966649993453757,0.0,1.3729161039991595,group_I_intron
"group_I_intron-IA1-Cmo.m.psaB,1_p10",group_I_intron,291,rnafm_faiss_guided_k14_lofo,faiss,1,consensus,0,14,RNaseP|SRP|tmRNA|RNaseP|tmRNA|RNaseP|tmRNA|RNaseP|RNaseP|tmRNA|tmRNA|RfamFamily|RNaseP|SRP,0.0,0,0.5633469924675854,0.40860215053763443,0.475,0.43930635838150295,1.3471879170001557,0.0009709230007501901,0.0,1.348158840000906,group_I_intron
group_I_intron-IC3-Dke.c.trnL,group_I_intron,216,rnafm_faiss_guided_k14_lofo,faiss,1,consensus,0,14,tmRNA|tmRNA|tmRNA|tmRNA|tmRNA|tmRNA|tmRNA|tmRNA|RNaseP|tmRNA|tmRNA|tmRNA|RfamFamily|tmRNA,0.0,0,0.08725855393177405,0.0,0.0,0.0,1.1406257239996194,0.000916365000193764,0.0,1.1415420889998131,group_I_intron
group_I_intron-IC3-Smarg.c.trnL,group_I_intron,253,rnafm_faiss_guided_k14_lofo,faiss,1,consensus,0,14,tmRNA|tmRNA|tmRNA|tmRNA|tmRNA|tmRNA|tmRNA|tmRNA|tmRNA|tmRNA|tmRNA|tmRNA|tmRNA|RfamFamily,0.0,0,0.08335194063191534,0.13636363636363635,0.45,0.20930232558139533,1.3623617789999116,0.0009704189997137291,0.0,1.3633321979996254,group_I_intron
group_I_intron-IC1-Pye.S516-2,group_I_intron,507,rnafm_faiss_guided_k14_lofo,faiss,1,consensus,0,14,tmRNA|tmRNA|tmRNA|RfamFamily|SRP|SRP|RNaseP|SRP|RNaseP|RNaseP|RNaseP|RfamFamily|SRP|RNaseP,0.0,0,0.9644258392758154,0.6641221374045801,0.5878378378378378,0.6236559139784946,1.372804647000521,0.000997906000520743,0.0,1.3738025530010418,group_I_intron
group_I_intron-IB4-Cco.cL2500_p10,group_I_intron,243,rnafm_faiss_guided_k14_lofo,faiss,1,consensus,0,14,tmRNA|tmRNA|RNaseP|tmRNA|tmRNA|RNaseP|RNaseP|tmRNA|tmRNA|tmRNA|RNaseP|SRP|tmRNA|tmRNA,0.0,0,0.6490219313894264,0.5483870967741935,0.5396825396825397,0.544,1.2539121449999584,0.0008141919997797231,0.0,1.2547263369997381,group_I_intron
group_I_intron-IC1-Apy.S943-2,group_I_intron,425,rnafm_faiss_guided_k14_lofo,faiss,1,consensus,0,14,RNaseP|SRP|SRP|SRP|SRP|SRP|RNaseP|SRP|RNaseP|RNaseP|RNaseP|SRP|SRP|SRP,0.0,0,0.93670477961301,0.3697478991596639,0.34375,0.3562753036437247,1.6313493730003756,0.0009788010002012015,0.0,1.6323281740005768,group_I_intron
group_I_intron-IC1-Pmar.S1506,group_I_intron,465,rnafm_faiss_guided_k14_lofo,faiss,1,consensus,0,14,SRP|tmRNA|tmRNA|tmRNA|RNaseP|SRP|RNaseP|RNaseP|SRP|SRP|SRP|SRP|SRP|SRP,0.0,0,0.7322248353013942,0.6527777777777778,0.6351351351351351,0.6438356164383562,1.9744746979995398,0.001085846999558271,0.0,1.975560544999098,group_I_intron
"group_I_intron-IB1-Ctr.m.COX1,1_p10",group_I_intron,304,rnafm_faiss_guided_k14_lofo,faiss,1,consensus,0,14,SRP|RNaseP|tmRNA|tmRNA|tmRNA|SRP|RNaseP|tmRNA|tmRNA|RNaseP|tmRNA|RNaseP|RNaseP|SRP,0.0,0,0.4429016332609044,0.5747126436781609,0.6666666666666666,0.617283950617284,3.7590599630002544,0.0010859999993044767,0.0,3.760145962999559,group_I_intron
"group_I_intron-IB2-Pma.m.COX1,5_p1",group_I_intron,271,rnafm_faiss_guided_k14_lofo,faiss,1,consensus,0,14,tmRNA|SRP|RNaseP|tmRNA|tmRNA|tmRNA|SRP|RfamFamily|tmRNA|tmRNA|RNaseP|tmRNA|RNaseP|tmRNA,0.0,0,0.35832392978814215,0.6145833333333334,0.7468354430379747,0.6742857142857143,1.2882467250001355,0.0008503830003974144,0.0,1.289097108000533,group_I_intron
group_I_intron-IC1-Cmo-1.S1506-7,group_I_intron,465,rnafm_faiss_guided_k14_lofo,faiss,1,consensus,0,14,SRP|SRP|RfamFamily|SRP|RfamFamily|SRP|RfamFamily|SRP|RNaseP|RNaseP|SRP|RNaseP|SRP|SRP,0.0,0,1.090822707729335,0.6689655172413793,0.6298701298701299,0.6488294314381271,1.335626109000259,0.0008725029993001954,0.0,1.3364986119995592,group_I_intron
group_I_intron-IB4-Rsp.mL1923_p10,group_I_intron,277,rnafm_faiss_guided_k14_lofo,faiss,1,consensus,0,14,tmRNA|tmRNA|tmRNA|RNaseP|tmRNA|tmRNA|tmRNA|tmRNA|tmRNA|SRP|tmRNA|RNaseP|RNaseP|RfamFamily,0.0,0,0.4443304544588998,0.07142857142857142,0.1,0.08333333333333333,1.360532013000011,0.0009109820002777269,0.0,1.3614429950002886,group_I_intron
group_I_intron-IC1-Ceh.S1506-38,group_I_intron,440,rnafm_faiss_guided_k14_lofo,faiss,1,consensus,0,14,SRP|SRP|SRP|SRP|tmRNA|RNaseP|SRP|SRP|SRP|tmRNA|tmRNA|SRP|SRP|SRP,0.0,0,0.5756891061649828,0.25547445255474455,0.2536231884057971,0.2545454545454546,1.259773394000149,0.0008442170001217164,0.0,1.2606176110002707,group_I_intron
group_I_intron-IE-Chlo_sp-9.S943_p10,group_I_intron,347,rnafm_faiss_guided_k14_lofo,faiss,1,consensus,0,14,SRP|SRP|SRP|RNaseP|SRP|SRP|SRP|SRP|RNaseP|SRP|SRP|SRP|tmRNA|RNaseP,0.0,0,0.9490762176404962,0.6306306306306306,0.625,0.6278026905829596,1.282381305999479,0.000839111999994202,0.0,1.2832204179994733,group_I_intron
group_I_intron-IC1-Ceh.S1506-51,group_I_intron,449,rnafm_faiss_guided_k14_lofo,faiss,1,consensus,0,14,SRP|SRP|SRP|SRP|SRP|SRP|tmRNA|SRP|tmRNA|RNaseP|tmRNA|tmRNA|RfamFamily|tmRNA,0.0,0,0.4840292828795736,0.7697841726618705,0.7278911564625851,0.7482517482517482,1.4124305710001863,0.0008338010002262308,0.0,1.4132643720004125,group_I_intron
group_I_intron-IE-Phy.S516_p10,group_I_intron,319,rnafm_faiss_guided_k14_lofo,faiss,1,consensus,0,14,RfamFamily|SRP|SRP|SRP|SRP|SRP|tmRNA|tmRNA|RfamFamily|SRP|RNaseP|RNaseP|tmRNA|RNaseP,0.0,0,0.7646389195121485,0.5425531914893617,0.504950495049505,0.5230769230769231,1.6682836950003548,0.0010986929992213845,0.0,1.6693823879995762,group_I_intron
group_I_intron-IC1-Tim.S1512,group_I_intron,460,rnafm_faiss_guided_k14_lofo,faiss,1,consensus,0,14,SRP|SRP|SRP|SRP|RfamFamily|RNaseP|RNaseP|RNaseP|RNaseP|tmRNA|RNaseP|RNaseP|RNaseP|RNaseP,0.0,0,0.7678369059155024,0.7553956834532374,0.7291666666666666,0.7420494699646643,1.9906589199999871,0.0009715369997138623,0.0,1.991630456999701,group_I_intron
group_I_intron-IC3-Cpul.c.trnL,group_I_intron,267,rnafm_faiss_guided_k14_lofo,faiss,1,consensus,0,14,tmRNA|tmRNA|tmRNA|tmRNA|tmRNA|tmRNA|tmRNA|tmRNA|tmRNA|RNaseP|tmRNA|tmRNA|RfamFamily|RfamFamily,0.0,0,0.08884934844336832,0.18309859154929578,0.4482758620689655,0.26000000000000006,1.7953229240001747,0.0009091150004678639,0.0,1.7962320390006425,group_I_intron
group_I_intron-IC1-Vda.S943,group_I_intron,447,rnafm_faiss_guided_k14_lofo,faiss,1,consensus,0,14,SRP|SRP|SRP|SRP|SRP|SRP|RNaseP|RNaseP|RNaseP|SRP|RfamFamily|SRP|SRP|RNaseP,0.0,0,0.8188111951000204,0.7301587301587301,0.6524822695035462,0.6891385767790262,1.3624030829996627,0.0008342800001628348,0.0,1.3632373629998256,group_I_intron
group_I_intron-IA3-Cbr.cL1951_p10,group_I_intron,279,rnafm_faiss_guided_k14_lofo,faiss,1,consensus,0,14,tmRNA|RfamFamily|tmRNA|tmRNA|RNaseP|RfamFamily|RNaseP|tmRNA|tmRNA|SRP|tmRNA|tmRNA|tmRNA|tmRNA,0.0,0,0.47526887207139873,0.691358024691358,0.7,0.6956521739130435,1.44536685499952,0.0009292280001318431,0.0,1.4462960829996518,group_I_intron
group_I_intron-IC1-Mfr.S943-10,group_I_intron,440,rnafm_faiss_guided_k14_lofo,faiss,1,consensus,0,14,RNaseP|RNaseP|SRP|SRP|RfamFamily|RNaseP|RNaseP|RNaseP|RNaseP|RNaseP|RfamFamily|RNaseP|tmRNA|tmRNA,0.0,0,0.8167394251099634,0.7230769230769231,0.7286821705426356,0.7258687258687259,1.3012292439998419,0.0009598309998182231,0.0,1.30218907499966,group_I_intron
group_I_intron-IC1-Bat.S516-2,group_I_intron,526,rnafm_faiss_guided_k14_lofo,faiss,1,consensus,0,14,tmRNA|tmRNA|tmRNA|RNaseP|tmRNA|RNaseP|RNaseP|RfamFamily|SRP|tmRNA|SRP|RNaseP|RfamFamily|SRP,0.0,0,0.700230276023399,0.6690647482014388,0.5923566878980892,0.6283783783783783,1.2972861309999644,0.001063996000084444,0.0,1.2983501270000488,group_I_intron
group_I_intron-IC3-Nsp-Ev5.b.trnL,group_I_intron,301,rnafm_faiss_guided_k14_lofo,faiss,1,consensus,0,14,RfamFamily|RfamFamily|tmRNA|SRP|RNaseP|RfamFamily|RfamFamily|RNaseP|SRP|tmRNA|SRP|tmRNA|tmRNA|SRP,0.0,0,0.295566291902872,0.7906976744186046,0.7816091954022989,0.7861271676300577,1.3011903259994142,0.000932971000111138,0.0,1.3021232969995253,group_I_intron
group_I_intron-IE3-Gph.S1199,group_I_intron,342,rnafm_faiss_guided_k14_lofo,faiss,1,consensus,0,14,SRP|SRP|SRP|SRP|RNaseP|RNaseP|RNaseP|SRP|RfamFamily|SRP|RfamFamily|tmRNA|tmRNA|RNaseP,0.0,0,0.6482499441404231,0.5754716981132075,0.5865384615384616,0.5809523809523809,1.3190705930001059,0.0008791099999143626,0.0,1.3199497030000202,group_I_intron
group_I_intron-IC1-Po_um.S1506-7,group_I_intron,501,rnafm_faiss_guided_k14_lofo,faiss,1,consensus,0,14,tmRNA|SRP|SRP|RNaseP|SRP|tmRNA|tmRNA|tmRNA|RNaseP|RNaseP|RNaseP|SRP|RNaseP|tmRNA,0.0,0,0.6096492098413079,0.4236111111111111,0.4206896551724138,0.42214532871972316,1.8860526489997937,0.0009542970001348294,0.0,1.8870069459999286,group_I_intron
group_I_intron-IB4-Cha_vu.mL1923_p10,group_I_intron,249,rnafm_faiss_guided_k14_lofo,faiss,1,consensus,0,14,tmRNA|RfamFamily|RfamFamily|tmRNA|tmRNA|RNaseP|RNaseP|tmRNA|SRP|tmRNA|tmRNA|RfamFamily|RNaseP|SRP,0.0,0,0.808439864007127,0.5,0.49295774647887325,0.49645390070921985,2.10735495300014,0.0010020509998867055,0.0,2.108357004000027,group_I_intron
group_I_intron-IC3-Alo.c.trnL,group_I_intron,268,rnafm_faiss_guided_k14_lofo,faiss,1,consensus,0,14,tmRNA|tmRNA|tmRNA|tmRNA|tmRNA|tmRNA|tmRNA|tmRNA|RNaseP|tmRNA|RNaseP|tmRNA|tmRNA|tmRNA,0.0,0,0.0758160315498326,0.19117647058823528,0.48148148148148145,0.2736842105263158,1.6499996450002072,0.0009493959996689227,0.0,1.6509490409998762,group_I_intron
group_I_intron-IC3-Nsp-E.b.trnL,group_I_intron,277,rnafm_faiss_guided_k14_lofo,faiss,1,consensus,0,14,RfamFamily|SRP|RNaseP|tmRNA|RNaseP|RNaseP|tmRNA|RNaseP|RNaseP|RfamFamily|tmRNA|RNaseP|RNaseP|RfamFamily,0.0,0,0.2512365418009667,0.4805194805194805,0.5211267605633803,0.5,1.2956555149994529,0.0008878950002326746,0.0,1.2965434099996855,group_I_intron
group_I_intron-IA2-Ban.b.recA_p10,group_I_intron,273,rnafm_faiss_guided_k14_lofo,faiss,1,consensus,0,14,RNaseP|RNaseP|tmRNA|SRP|SRP|tmRNA|tmRNA|RfamFamily|RNaseP|RNaseP|RNaseP|RNaseP|RNaseP|tmRNA,0.0,0,0.4625260131508893,0.35526315789473684,0.35526315789473684,0.35526315789473684,1.3483499840003788,0.0009809060002226033,0.0,1.3493308900006014,group_I_intron
group_I_intron-IC1-Msc.S788-3,group_I_intron,309,rnafm_faiss_guided_k14_lofo,faiss,1,consensus,0,14,tmRNA|SRP|SRP|tmRNA|RNaseP|RNaseP|RNaseP|SRP|RNaseP|RfamFamily|RNaseP|RNaseP|RNaseP|RNaseP,0.0,0,0.7414635384457052,0.42045454545454547,0.45121951219512196,0.43529411764705883,1.3493024319996039,0.001130753999859735,0.0,1.3504331859994636,group_I_intron
group_I_intron-IC1-Psp.S1507,group_I_intron,331,rnafm_faiss_guided_k14_lofo,faiss,1,consensus,0,14,RNaseP|RNaseP|SRP|RfamFamily|tmRNA|SRP|RfamFamily|RNaseP|SRP|RNaseP|RNaseP|tmRNA|tmRNA|SRP,0.0,0,0.7852941399048572,0.391304347826087,0.3870967741935484,0.38918918918918916,1.332166294999297,0.0009193200003210222,0.0,1.333085614999618,group_I_intron
group_I_intron-IC1-Bbr.S1046,group_I_intron,473,rnafm_faiss_guided_k14_lofo,faiss,1,consensus,0,14,RNaseP|RNaseP|SRP|RNaseP|SRP|SRP|SRP|RNaseP|SRP|tmRNA|tmRNA|RNaseP|SRP|tmRNA,0.0,0,0.49140218344501807,0.8461538461538461,0.8287671232876712,0.8373702422145328,1.4056745099996988,0.0011671699994622031,0.0,1.406841679999161,group_I_intron
"group_I_intron-ID-Pan.m.COX1,12",group_I_intron,247,rnafm_faiss_guided_k14_lofo,faiss,1,consensus,0,14,RNaseP|tmRNA|tmRNA|tmRNA|RNaseP|tmRNA|tmRNA|tmRNA|tmRNA|tmRNA|tmRNA|tmRNA|RNaseP|tmRNA,0.0,0,0.500994624308298,0.14084507042253522,0.15873015873015872,0.14925373134328357,1.2692430990000503,0.0009194849999403232,0.0,1.2701625839999906,group_I_intron
group_I_intron-IA3-Tmu.cL2593_p10,group_I_intron,308,rnafm_faiss_guided_k14_lofo,faiss,1,consensus,0,14,tmRNA|tmRNA|RNaseP|RNaseP|SRP|RNaseP|RNaseP|RNaseP|RfamFamily|tmRNA|RfamFamily|SRP|SRP|SRP,0.0,0,0.5180781410703132,0.6138613861386139,0.6666666666666666,0.6391752577319587,1.7938933440000255,0.0009402850000697072,0.0,1.7948336290000952,group_I_intron
group_I_intron-IA1-Zro.mL2449,group_I_intron,315,rnafm_faiss_guided_k14_lofo,faiss,1,consensus,0,14,tmRNA|tmRNA|tmRNA|RfamFamily|tmRNA|tmRNA|RfamFamily|RNaseP|RfamFamily|tmRNA|RNaseP|SRP|tmRNA|tmRNA,0.0,0,0.4394340344970611,0.5789473684210527,0.7236842105263158,0.6432748538011696,2.019394831999307,0.0009591690004526754,0.0,2.0203540009997596,group_I_intron
group_I_intron-IE2-Cmu-2.S516-1,group_I_intron,213,rnafm_faiss_guided_k14_lofo,faiss,1,consensus,0,14,RNaseP|RNaseP|SRP|SRP|SRP|RNaseP|RNaseP|SRP|SRP|SRP|SRP|SRP|SRP|SRP,0.0,0,0.93330155420859,0.6491228070175439,0.5522388059701493,0.5967741935483871,1.6859931919998417,0.0009685880004326464,0.0,1.6869617800002743,group_I_intron
group_I_intron-IA1-Slu.mL2504_p1,group_I_intron,315,rnafm_faiss_guided_k14_lofo,faiss,1,consensus,0,14,tmRNA|RNaseP|RNaseP|SRP|tmRNA|tmRNA|RNaseP|tmRNA|RNaseP|tmRNA|tmRNA|RfamFamily|tmRNA|tmRNA,0.0,0,0.2926269544590457,0.6551724137931034,0.6785714285714286,0.6666666666666666,1.324277574000007,0.0009057120005309116,0.0,1.325183286000538,group_I_intron
group_I_intron-IC3-Sbi.c.trnL_p10,group_I_intron,271,rnafm_faiss_guided_k14_lofo,faiss,1,consensus,0,14,tmRNA|tmRNA|tmRNA|tmRNA|tmRNA|tmRNA|tmRNA|tmRNA|tmRNA|tmRNA|tmRNA|tmRNA|tmRNA|RNaseP,0.0,0,0.09191332475470008,0.12162162162162163,0.4090909090909091,0.1875,1.5022353790000125,0.0009323200001745136,0.0,1.503167699000187,group_I_intron
group_I_intron-IA1-Pch.mL2449_p10,group_I_intron,332,rnafm_faiss_guided_k14_lofo,faiss,1,consensus,0,14,tmRNA|tmRNA|RfamFamily|tmRNA|tmRNA|RfamFamily|RNaseP|SRP|RfamFamily|RNaseP|tmRNA|RfamFamily|RNaseP|tmRNA,0.0,0,0.48474568696883785,0.7222222222222222,0.7647058823529411,0.7428571428571428,1.3523070450000887,0.0008491530006722314,0.0,1.353156198000761,group_I_intron
group_I_intron-IC3-Qco.c.trnL,group_I_intron,255,rnafm_faiss_guided_k14_lofo,faiss,1,consensus,0,14,tmRNA|tmRNA|tmRNA|tmRNA|tmRNA|tmRNA|tmRNA|tmRNA|RfamFamily|tmRNA|tmRNA|tmRNA|RNaseP|tmRNA,0.0,0,0.0793058020318023,0.3620689655172414,0.6363636363636364,0.4615384615384615,1.3689194990001852,0.001100132000829035,0.0,1.3700196310010142,group_I_intron
group_I_intron-IC1-Ssc.L798-3,group_I_intron,323,rnafm_faiss_guided_k14_lofo,faiss,1,consensus,0,14,SRP|tmRNA|SRP|SRP|RNaseP|SRP|RNaseP|RNaseP|SRP|RNaseP|RNaseP|RNaseP|RfamFamily|SRP,0.0,0,0.7957000017049222,0.29896907216494845,0.3258426966292135,0.31182795698924737,1.3354364090000672,0.000872532999892428,0.0,1.3363089419999596,group_I_intron
group_I_intron-IC1-Acl.S1506-2,group_I_intron,414,rnafm_faiss_guided_k14_lofo,faiss,1,consensus,0,14,SRP|SRP|RNaseP|SRP|SRP|SRP|RNaseP|SRP|SRP|RNaseP|RNaseP|RNaseP|SRP|SRP,0.0,0,0.8796445162752288,0.3865546218487395,0.36507936507936506,0.3755102040816326,1.3250454680000985,0.0008282849994429853,0.0,1.3258737529995415,group_I_intron
group_I_intron-IC3-Ppr.c.trnL,group_I_intron,231,rnafm_faiss_guided_k14_lofo,faiss,1,consensus,0,14,tmRNA|tmRNA|tmRNA|tmRNA|tmRNA|tmRNA|tmRNA|tmRNA|tmRNA|tmRNA|tmRNA|tmRNA|tmRNA|RNaseP,0.0,0,0.08564408496288552,0.0,0.0,0.0,1.3733395489998657,0.0010859700005312334,0.0,1.374425519000397,group_I_intron
group_I_intron-IE2-Cpin.S516,group_I_intron,368,rnafm_faiss_guided_k14_lofo,faiss,1,consensus,0,14,SRP|SRP|SRP|RNaseP|SRP|SRP|SRP|SRP|SRP|SRP|SRP|SRP|RfamFamily|SRP,0.0,0,0.8267734738477467,0.6057692307692307,0.5294117647058824,0.5650224215246636,2.006634276999648,0.0009803430002648383,0.0,2.007614619999913,group_I_intron
group_I_intron-IC1-Cps.S1046,group_I_intron,432,rnafm_faiss_guided_k14_lofo,faiss,1,consensus,0,14,SRP|SRP|SRP|RfamFamily|RNaseP|SRP|SRP|SRP|RNaseP|SRP|SRP|SRP|RNaseP|tmRNA,0.0,0,0.5859680542974165,0.803030303030303,0.7737226277372263,0.788104089219331,1.969003423999311,0.0010437330001877854,0.0,1.9700471569994988,group_I_intron
group_I_intron-IC3-Asc.c.trnL_p1,group_I_intron,270,rnafm_faiss_guided_k14_lofo,faiss,1,consensus,0,14,tmRNA|tmRNA|tmRNA|tmRNA|tmRNA|tmRNA|tmRNA|tmRNA|tmRNA|tmRNA|tmRNA|tmRNA|RfamFamily|tmRNA,0.0,0,0.0812711389377412,0.12857142857142856,0.391304347826087,0.1935483870967742,1.393315053999686,0.0008780899997873348,0.0,1.3941931439994733,group_I_intron
group_I_intron-IC1-Min.S943-2,group_I_intron,385,rnafm_faiss_guided_k14_lofo,faiss,1,consensus,0,14,RNaseP|SRP|SRP|RNaseP|SRP|RNaseP|RNaseP|tmRNA|tmRNA|SRP|SRP|SRP|RfamFamily|SRP,0.0,0,0.7730882143101265,0.47706422018348627,0.4727272727272727,0.4748858447488585,1.3566074029995434,0.0009460649998800363,0.0,1.3575534679994234,group_I_intron
group_I_intron-IC3-Sla.c.trnL,group_I_intron,236,rnafm_faiss_guided_k14_lofo,faiss,1,consensus,0,14,tmRNA|tmRNA|tmRNA|tmRNA|tmRNA|tmRNA|tmRNA|tmRNA|tmRNA|tmRNA|RfamFamily|tmRNA|tmRNA|tmRNA,0.0,0,0.07912187880006946,0.0,0.0,0.0,1.2217965119998553,0.0008664629995109863,0.0,1.2226629749993663,group_I_intron
group_I_intron-IC1-Pcos.S516,group_I_intron,490,rnafm_faiss_guided_k14_lofo,faiss,1,consensus,0,14,RfamFamily|tmRNA|RfamFamily|tmRNA|tmRNA|tmRNA|tmRNA|SRP|SRP|RNaseP|RNaseP|RNaseP|RNaseP|SRP,0.0,0,0.6951588435802921,0.7096774193548387,0.6027397260273972,0.6518518518518519,1.3091824950006412,0.0008979929998531588,0.0,1.3100804880004944,group_I_intron
group_I_intron-IC1-Csa.S943-1,group_I_intron,415,rnafm_faiss_guided_k14_lofo,faiss,1,consensus,0,14,SRP|RNaseP|SRP|tmRNA|tmRNA|RNaseP|SRP|RNaseP|SRP|SRP|SRP|SRP|SRP|SRP,0.0,0,0.6628805742355173,0.5609756097560976,0.5073529411764706,0.5328185328185328,1.3562071559999822,0.0009340490005342872,0.0,1.3571412050005165,group_I_intron
group_I_intron-IB2-Aae.mL1066_p1,group_I_intron,252,rnafm_faiss_guided_k14_lofo,faiss,1,consensus,0,14,RNaseP|tmRNA|tmRNA|tmRNA|tmRNA|tmRNA|tmRNA|RNaseP|tmRNA|tmRNA|tmRNA|RfamFamily|SRP|RNaseP,0.0,0,0.5094765147347536,0.5652173913043478,0.6290322580645161,0.5954198473282443,1.2811509230004958,0.0008187430003090412,0.0,1.2819696660008049,group_I_intron
group_I_intron-IE1-Ccocc.S516_p1,group_I_intron,335,rnafm_faiss_guided_k14_lofo,faiss,1,consensus,0,14,RNaseP|RNaseP|RNaseP|RNaseP|RNaseP|SRP|tmRNA|tmRNA|RNaseP|SRP|SRP|SRP|SRP|SRP,0.0,0,0.6730321251572094,0.6095238095238096,0.6213592233009708,0.6153846153846154,1.3407804360003865,0.0012351440000202274,0.0,1.3420155800004068,group_I_intron
group_I_intron-IC3-Gpum.c.trnL,group_I_intron,261,rnafm_faiss_guided_k14_lofo,faiss,1,consensus,0,14,tmRNA|tmRNA|tmRNA|tmRNA|tmRNA|tmRNA|tmRNA|tmRNA|tmRNA|tmRNA|tmRNA|tmRNA|tmRNA|RNaseP,0.0,0,0.07975203501011877,0.13846153846153847,0.45,0.21176470588235297,1.9486598029998277,0.0010064039997814689,0.0,1.9496662069996091,group_I_intron
group_I_intron-IC1-Mha.S1062,group_I_intron,394,rnafm_faiss_guided_k14_lofo,faiss,1,consensus,0,14,SRP|SRP|SRP|RfamFamily|SRP|SRP|SRP|SRP|RNaseP|RNaseP|tmRNA|RNaseP|SRP|SRP,0.0,0,0.6441954333568007,0.5887096774193549,0.5748031496062992,0.5816733067729084,1.955046795999806,0.001073237999662524,0.0,1.9561200339994684,group_I_intron
group_I_intron-IA1-Cec.cL1766,group_I_intron,387,rnafm_faiss_guided_k14_lofo,faiss,1,consensus,0,14,SRP|RNaseP|RfamFamily|RfamFamily|tmRNA|RNaseP|SRP|tmRNA|tmRNA|RfamFamily|SRP|RNaseP|RNaseP|RNaseP,0.0,0,0.3815443031214944,0.3559322033898305,0.37168141592920356,0.36363636363636365,1.500862916999722,0.000848978999783867,0.0,1.501711895999506,group_I_intron
group_I_intron-IC1-Lca.S943-2,group_I_intron,472,rnafm_faiss_guided_k14_lofo,faiss,1,consensus,0,14,SRP|SRP|RNaseP|SRP|SRP|SRP|SRP|RfamFamily|SRP|RfamFamily|SRP|RfamFamily|SRP|SRP,0.0,0,0.7917649432050471,0.34306569343065696,0.3381294964028777,0.34057971014492755,1.4129384319994642,0.0008400390006499947,0.0,1.4137784710001142,group_I_intron
group_I_intron-IC1-Aco.S1506,group_I_intron,425,rnafm_faiss_guided_k14_lofo,faiss,1,consensus,0,14,RNaseP|SRP|RNaseP|RNaseP|RNaseP|SRP|SRP|SRP|RfamFamily|SRP|SRP|RfamFamily|SRP|SRP,0.0,0,0.830127005608322,0.6311475409836066,0.6363636363636364,0.6337448559670782,1.2967646400002195,0.0010052139996332699,0.0,1.2977698539998528,group_I_intron
group_I_intron-IB2-Rsp.mL2256_p1,group_I_intron,267,rnafm_faiss_guided_k14_lofo,faiss,1,consensus,0,14,tmRNA|RfamFamily|RfamFamily|RfamFamily|tmRNA|tmRNA|SRP|tmRNA|RNaseP|RfamFamily|RNaseP|tmRNA|tmRNA|tmRNA,0.0,0,0.39574467787792994,0.24675324675324675,0.37254901960784315,0.296875,1.3287305309995645,0.001021393999508291,0.0,1.3297519249990728,group_I_intron
group_I_intron-IC1-Pbr.S943,group_I_intron,398,rnafm_faiss_guided_k14_lofo,faiss,1,consensus,0,14,SRP|RfamFamily|SRP|RfamFamily|RNaseP|RfamFamily|SRP|SRP|RfamFamily|RNaseP|RNaseP|RNaseP|RNaseP|RNaseP,0.0,0,1.0731575472664714,0.6915887850467289,0.6166666666666667,0.6519823788546256,1.301486651000232,0.000941567000154464,0.0,1.3024282180003866,group_I_intron
"group_I_intron-IB4-Eni.m.COX1,2_p10",group_I_intron,240,rnafm_faiss_guided_k14_lofo,faiss,1,consensus,0,14,tmRNA|tmRNA|tmRNA|RNaseP|tmRNA|tmRNA|RfamFamily|SRP|RfamFamily|tmRNA|RfamFamily|RNaseP|tmRNA|tmRNA,0.0,0,0.4429346074295774,0.6376811594202898,0.6666666666666666,0.6518518518518518,1.2158833540006526,0.0008023529999263701,0.0,1.216685707000579,group_I_intron
group_I_intron-IC1-Bfu.S516-7,group_I_intron,493,rnafm_faiss_guided_k14_lofo,faiss,1,consensus,0,14,tmRNA|RNaseP|RNaseP|tmRNA|tmRNA|SRP|RNaseP|RNaseP|RNaseP|SRP|RfamFamily|SRP|SRP|RfamFamily,0.0,0,0.8286206680503906,0.5833333333333334,0.5620437956204379,0.5724907063197027,1.3091481550000026,0.0010020750005423906,0.0,1.310150230000545,group_I_intron
group_I_intron-IE-Dir.S956-1_p1,group_I_intron,362,rnafm_faiss_guided_k14_lofo,faiss,1,consensus,0,14,SRP|SRP|SRP|SRP|RfamFamily|RNaseP|tmRNA|tmRNA|SRP|RNaseP|SRP|RfamFamily|SRP|SRP,0.0,0,0.6138812413353422,0.6,0.6,0.6,2.103395064000324,0.0009280100002797553,0.0,2.104323074000604,group_I_intron
"group_I_intron-IB2-Pma.m.COX1,1_p10",group_I_intron,328,rnafm_faiss_guided_k14_lofo,faiss,1,consensus,0,14,RNaseP|SRP|tmRNA|tmRNA|tmRNA|tmRNA|RNaseP|RNaseP|SRP|RNaseP|RNaseP|tmRNA|tmRNA|RfamFamily,0.0,0,0.5544706467074374,0.29245283018867924,0.4025974025974026,0.33879781420765026,1.9209644619995743,0.0011082989994974923,0.0,1.9220727609990718,group_I_intron
group_I_intron-IA1-Smi.mL2449_p10,group_I_intron,391,rnafm_faiss_guided_k14_lofo,faiss,1,consensus,0,14,tmRNA|tmRNA|RfamFamily|SRP|tmRNA|tmRNA|tmRNA|RNaseP|tmRNA|RfamFamily|RfamFamily|RfamFamily|tmRNA|SRP,0.0,0,0.278851423995134,0.36363636363636365,0.4444444444444444,0.39999999999999997,1.379516171999967,0.0008689039996170322,0.0,1.380385075999584,group_I_intron
group_I_intron-IC1-Pte.S1506-3,group_I_intron,500,rnafm_faiss_guided_k14_lofo,faiss,1,consensus,0,14,RNaseP|SRP|SRP|RNaseP|RNaseP|RNaseP|SRP|SRP|SRP|SRP|RfamFamily|RfamFamily|SRP|tmRNA,0.0,0,0.8510426731719223,0.425531914893617,0.410958904109589,0.41811846689895465,1.322058248999383,0.0009195329994327039,0.0,1.3229777819988158,group_I_intron
group_I_intron-IC3-Dsp.b.trnM_p1,group_I_intron,231,rnafm_faiss_guided_k14_lofo,faiss,1,consensus,0,14,SRP|SRP|RNaseP|RNaseP|SRP|RfamFamily|tmRNA|RNaseP|RNaseP|RNaseP|RNaseP|tmRNA|RfamFamily|SRP,0.0,0,0.5408679508590718,0.6428571428571429,0.6617647058823529,0.6521739130434783,1.1881431350002458,0.0008459420005237916,0.0,1.1889890770007696,group_I_intron
"group_I_intron-ID-Ama.m.ND5,1-1_p10",group_I_intron,248,rnafm_faiss_guided_k14_lofo,faiss,1,consensus,0,14,RNaseP|tmRNA|tmRNA|SRP|RNaseP|tmRNA|SRP|tmRNA|RNaseP|RNaseP|tmRNA|RNaseP|RNaseP|tmRNA,0.0,0,0.42212063159770535,0.6081081081081081,0.6338028169014085,0.6206896551724138,1.2613830259997485,0.0008344399993802654,0.0,1.2622174659991288,group_I_intron
group_I_intron-IC1-Psab.S943,group_I_intron,383,rnafm_faiss_guided_k14_lofo,faiss,1,consensus,0,14,RNaseP|RNaseP|RNaseP|SRP|SRP|RNaseP|RNaseP|RNaseP|SRP|SRP|tmRNA|tmRNA|SRP|SRP,0.0,0,0.6289680325749023,0.38181818181818183,0.34146341463414637,0.3605150214592275,1.415600350999739,0.0010161239997614757,0.0,1.4166164749995005,group_I_intron
"group_I_intron-IB1-Csa.m.COX1,1_p10",group_I_intron,305,rnafm_faiss_guided_k14_lofo,faiss,1,consensus,0,14,tmRNA|tmRNA|tmRNA|RNaseP|SRP|SRP|RNaseP|tmRNA|tmRNA|RNaseP|SRP|RNaseP|RNaseP|tmRNA,0.0,0,0.48934524300775895,0.5930232558139535,0.6144578313253012,0.6035502958579881,1.3001129120002588,0.0008729750006750692,0.0,1.3009858870009339,group_I_intron
group_I_intron-IC1-Pte.S943-15,group_I_intron,403,rnafm_faiss_guided_k14_lofo,faiss,1,consensus,0,14,RNaseP|SRP|SRP|RNaseP|SRP|RNaseP|tmRNA|tmRNA|RNaseP|RNaseP|RfamFamily|SRP|tmRNA|SRP,0.0,0,0.7524641933621776,0.5811965811965812,0.5483870967741935,0.5643153526970954,1.359321863000332,0.0009868010001810035,0.0,1.360308664000513,group_I_intron
group_I_intron-IC3-Mae.b.trnL-2_p1,group_I_intron,240,rnafm_faiss_guided_k14_lofo,faiss,1,consensus,0,14,SRP|SRP|RNaseP|RNaseP|RNaseP|SRP|SRP|SRP|SRP|RfamFamily|SRP|RNaseP|SRP|tmRNA,0.0,0,0.6367007948306111,0.6666666666666666,0.7419354838709677,0.7022900763358778,1.7820258649999232,0.0010019050005212193,0.0,1.7830277700004444,group_I_intron
group_I_intron-IA1-Col.cL2449_p10,group_I_intron,330,rnafm_faiss_guided_k14_lofo,faiss,1,consensus,0,14,RNaseP|tmRNA|tmRNA|RNaseP|RNaseP|tmRNA|RfamFamily|tmRNA|SRP|tmRNA|tmRNA|SRP|RNaseP|RfamFamily,0.0,0,0.55620408643411,0.5730337078651685,0.6455696202531646,0.6071428571428571,1.9373161670000627,0.0009540709997963859,0.0,1.938270237999859,group_I_intron
group_I_intron-IE2-Par.S516-3,group_I_intron,427,rnafm_faiss_guided_k14_lofo,faiss,1,consensus,0,14,SRP|SRP|SRP|SRP|SRP|SRP|SRP|SRP|SRP|SRP|SRP|SRP|SRP|SRP,0.0,0,0.7109383152290712,0.7083333333333334,0.75,0.7285714285714285,1.5447590430003402,0.0010557320001680637,0.0,1.5458147750005082,group_I_intron
group_I_intron-IA3-Sob.cL2593,group_I_intron,310,rnafm_faiss_guided_k14_lofo,faiss,1,consensus,0,14,SRP|RNaseP|tmRNA|tmRNA|RNaseP|tmRNA|RNaseP|SRP|tmRNA|RNaseP|SRP|RNaseP|RNaseP|RNaseP,0.0,0,0.7313458851445219,0.76,0.76,0.76,1.425946207999914,0.0008723079999981564,0.0,1.426818515999912,group_I_intron
group_I_intron-IE-Lab.S516_p1,group_I_intron,385,rnafm_faiss_guided_k14_lofo,faiss,1,consensus,0,14,tmRNA|tmRNA|SRP|tmRNA|SRP|SRP|SRP|RNaseP|RNaseP|RNaseP|SRP|SRP|SRP|SRP,0.0,0,0.6821639852569116,0.21138211382113822,0.22033898305084745,0.2157676348547718,1.2913887739996426,0.000844538000819739,0.0,1.2922333120004623,group_I_intron
group_I_intron-IC1-Pte.S943-1,group_I_intron,403,rnafm_faiss_guided_k14_lofo,faiss,1,consensus,0,14,RNaseP|SRP|SRP|RNaseP|SRP|RNaseP|tmRNA|tmRNA|RNaseP|RNaseP|RfamFamily|SRP|tmRNA|SRP,0.0,0,0.7524641933621776,0.5811965811965812,0.5483870967741935,0.5643153526970954,1.3171651860002385,0.0008312429999932647,0.0,1.3179964290002317,group_I_intron
group_I_intron-IC3-Avir.c.trnL,group_I_intron,261,rnafm_faiss_guided_k14_lofo,faiss,1,consensus,0,14,tmRNA|tmRNA|tmRNA|tmRNA|tmRNA|tmRNA|tmRNA|tmRNA|tmRNA|tmRNA|tmRNA|tmRNA|tmRNA|RfamFamily,0.0,0,0.07240257084523254,0.1044776119402985,0.6363636363636364,0.17948717948717952,1.2880505880002602,0.001003151000077196,0.0,1.2890537390003374,group_I_intron
group_I_intron-IC3-Bpu.c.trnL,group_I_intron,269,rnafm_faiss_guided_k14_lofo,faiss,1,consensus,0,14,tmRNA|tmRNA|tmRNA|tmRNA|tmRNA|tmRNA|tmRNA|tmRNA|tmRNA|tmRNA|tmRNA|RfamFamily|tmRNA|RNaseP,0.0,0,0.07032631629717397,0.10606060606060606,0.3333333333333333,0.16091954022988506,1.2992151869993904,0.0008492149991070619,0.0,1.3000644019984975,group_I_intron
group_I_intron-IB4-Cha_vu.mL2262_p1,group_I_intron,274,rnafm_faiss_guided_k14_lofo,faiss,1,consensus,0,14,tmRNA|tmRNA|tmRNA|RNaseP|RNaseP|RfamFamily|RfamFamily|RNaseP|RNaseP|RNaseP|RNaseP|tmRNA|RNaseP|tmRNA,0.0,0,0.7117462098685365,0.5802469135802469,0.7121212121212122,0.6394557823129252,1.3016831139993883,0.0009565069995005615,0.0,1.3026396209988889,group_I_intron
group_I_intron-IC3-Ppr.c.trnL,group_I_intron,231,rnafm_faiss_guided_k14_lofo,faiss,1,consensus,0,14,tmRNA|tmRNA|tmRNA|tmRNA|tmRNA|tmRNA|tmRNA|tmRNA|tmRNA|tmRNA|tmRNA|tmRNA|tmRNA|RNaseP,0.0,0,0.08564408496288552,0.0,0.0,0.0,1.7021812680004587,0.0009565100008330774,0.0,1.7031377780012917,group_I_intron
group_I_intron-IE-Bzo.S516_p1,group_I_intron,398,rnafm_faiss_guided_k14_lofo,faiss,1,consensus,0,14,SRP|SRP|SRP|SRP|SRP|SRP|RNaseP|SRP|SRP|SRP|SRP|SRP|SRP|SRP,0.0,0,0.6658756248803399,0.6176470588235294,0.6666666666666666,0.6412213740458016,2.1758031540002776,0.0009573050001563388,0.0,2.176760459000434,group_I_intron
"group_I_intron-IB4-Sdo.m.COB,4_p10",group_I_intron,397,rnafm_faiss_guided_k14_lofo,faiss,1,consensus,0,14,tmRNA|RfamFamily|tmRNA|tmRNA|SRP|RfamFamily|RfamFamily|tmRNA|SRP|tmRNA|SRP|RfamFamily|RfamFamily|tmRNA,0.0,0,0.18762550226886185,0.5294117647058824,0.5675675675675675,0.5478260869565218,1.7777287330000036,0.00084821699965687,0.0,1.7785769499996604,group_I_intron
group_I_intron-IC1-Cbr.S943-4,group_I_intron,420,rnafm_faiss_guided_k14_lofo,faiss,1,consensus,0,14,RNaseP|RNaseP|SRP|SRP|SRP|SRP|RNaseP|tmRNA|tmRNA|SRP|RNaseP|RNaseP|SRP|RNaseP,0.0,0,0.5376709772679608,0.5333333333333333,0.48854961832061067,0.5099601593625498,1.3532209989998591,0.0009264059999622987,0.0,1.3541474049998214,group_I_intron
group_I_intron-IE-Pe_um.nS516_p1,group_I_intron,359,rnafm_faiss_guided_k14_lofo,faiss,1,consensus,0,14,SRP|SRP|SRP|SRP|SRP|SRP|RfamFamily|SRP|SRP|RfamFamily|SRP|SRP|SRP|RfamFamily,0.0,0,0.5638463291829553,0.6090909090909091,0.6320754716981132,0.6203703703703703,1.3199893819992212,0.0008695979995536618,0.0,1.3208589799987749,group_I_intron
group_I_intron-IA1-Sce.mL2449-1_p10,group_I_intron,343,rnafm_faiss_guided_k14_lofo,faiss,1,consensus,0,14,SRP|tmRNA|tmRNA|tmRNA|RNaseP|RfamFamily|RNaseP|tmRNA|RfamFamily|RfamFamily|tmRNA|tmRNA|tmRNA|tmRNA,0.0,0,0.45996613729266683,0.5887850467289719,0.7325581395348837,0.6528497409326425,1.308300006000536,0.0008557720002499991,0.0,1.309155778000786,group_I_intron
group_I_intron-IC1-Cbr.S1506,group_I_intron,375,rnafm_faiss_guided_k14_lofo,faiss,1,consensus,0,14,tmRNA|SRP|RNaseP|SRP|RfamFamily|RNaseP|RNaseP|RNaseP|SRP|RNaseP|SRP|tmRNA|RNaseP|RfamFamily,0.0,0,0.8303024252591042,0.6310679611650486,0.5963302752293578,0.6132075471698114,1.407708134999666,0.0008450809991700226,0.0,1.408553215998836,group_I_intron
group_I_intron-IE1-Cin.S516_p10,group_I_intron,320,rnafm_faiss_guided_k14_lofo,faiss,1,consensus,0,14,RNaseP|SRP|SRP|SRP|SRP|SRP|SRP|SRP|SRP|SRP|SRP|RNaseP|tmRNA|tmRNA,0.0,0,0.6617016128835997,0.42,0.42424242424242425,0.42211055276381915,1.3559294579999914,0.0008338800007550162,0.0,1.3567633380007464,group_I_intron
group_I_intron-IC3-Pab.c.trnL,group_I_intron,241,rnafm_faiss_guided_k14_lofo,faiss,1,consensus,0,14,tmRNA|RNaseP|RfamFamily|tmRNA|tmRNA|tmRNA|tmRNA|tmRNA|tmRNA|tmRNA|SRP|tmRNA|tmRNA|RNaseP,0.0,0,0.1083095189895478,0.07575757575757576,0.08620689655172414,0.08064516129032259,1.3137194649998492,0.000855434999721183,0.0,1.3145748999995703,group_I_intron
group_I_intron-IB2-Slu.mL1974_p10,group_I_intron,249,rnafm_faiss_guided_k14_lofo,faiss,1,consensus,0,14,tmRNA|RfamFamily|tmRNA|tmRNA|tmRNA|RfamFamily|RNaseP|tmRNA|tmRNA|tmRNA|RfamFamily|SRP|SRP|RNaseP,0.0,0,0.28741856133127575,0.4155844155844156,0.49230769230769234,0.4507042253521127,1.814272028999767,0.0009490109996477258,0.0,1.8152210399994146,group_I_intron
group_I_intron-IC3-Ama.c.trnL,group_I_intron,234,rnafm_faiss_guided_k14_lofo,faiss,1,consensus,0,14,tmRNA|tmRNA|tmRNA|tmRNA|tmRNA|tmRNA|tmRNA|tmRNA|tmRNA|RfamFamily|tmRNA|tmRNA|tmRNA|tmRNA,0.0,0,0.09377985759732317,0.0,0.0,0.0,1.7795985329994437,0.0009432380002181162,0.0,1.7805417709996618,group_I_intron
group_I_intron-IA3-Pak.cL2593_p10,group_I_intron,301,rnafm_faiss_guided_k14_lofo,faiss,1,consensus,0,14,RNaseP|tmRNA|RNaseP|tmRNA|RNaseP|tmRNA|SRP|SRP|tmRNA|RNaseP|RfamFamily|RfamFamily|tmRNA|tmRNA,0.0,0,0.3701789702701833,0.5918367346938775,0.6373626373626373,0.6137566137566137,1.971174744999189,0.00103051400037657,0.0,1.9722052589995656,group_I_intron
group_I_intron-IE1-Rca.S516-1_p1,group_I_intron,371,rnafm_faiss_guided_k14_lofo,faiss,1,consensus,0,14,SRP|SRP|SRP|SRP|SRP|RNaseP|SRP|RfamFamily|SRP|RNaseP|SRP|SRP|SRP|SRP,0.0,0,0.7850651538814873,0.45045045045045046,0.42735042735042733,0.43859649122807015,1.3117526639998687,0.000861790000271867,0.0,1.3126144540001405,group_I_intron
group_I_intron-IC3-Oda.c.trnL,group_I_intron,237,rnafm_faiss_guided_k14_lofo,faiss,1,consensus,0,14,tmRNA|tmRNA|tmRNA|tmRNA|tmRNA|tmRNA|tmRNA|tmRNA|tmRNA|RfamFamily|tmRNA|tmRNA|tmRNA|tmRNA,0.0,0,0.10147346342133143,0.13114754098360656,0.3076923076923077,0.1839080459770115,1.3260971279996738,0.0009609130001990707,0.0,1.327058040999873,group_I_intron
group_I_intron-IA3-Chl_vu.cL2593,group_I_intron,354,rnafm_faiss_guided_k14_lofo,faiss,1,consensus,0,14,tmRNA|tmRNA|tmRNA|tmRNA|RfamFamily|tmRNA|RfamFamily|tmRNA|tmRNA|RNaseP|RNaseP|SRP|tmRNA|RfamFamily,0.0,0,0.4558559956373677,0.6831683168316832,0.6699029126213593,0.6764705882352942,1.3217240869998932,0.0008495329993820633,0.0,1.3225736199992753,group_I_intron
"group_I_intron-IB1-Spa.m.COX1,1_p1",group_I_intron,310,rnafm_faiss_guided_k14_lofo,faiss,1,consensus,0,14,SRP|RNaseP|tmRNA|tmRNA|RNaseP|tmRNA|tmRNA|SRP|tmRNA|RNaseP|tmRNA|SRP|RfamFamily|tmRNA,0.0,0,0.48722382361552086,0.632183908045977,0.7142857142857143,0.6707317073170731,1.3108205359994827,0.0009318080001321505,0.0,1.3117523439996148,group_I_intron
group_I_intron-IB4-Cha_vu.mL2262_p10,group_I_intron,274,rnafm_faiss_guided_k14_lofo,faiss,1,consensus,0,14,tmRNA|tmRNA|tmRNA|RNaseP|RNaseP|RfamFamily|RfamFamily|RNaseP|RNaseP|RNaseP|RNaseP|tmRNA|RNaseP|tmRNA,0.0,0,0.7117462098685365,0.5802469135802469,0.7121212121212122,0.6394557823129252,1.2908368460002748,0.0008213780001824489,0.0,1.2916582240004573,group_I_intron
group_I_intron-IE3-Ppa.S1199,group_I_intron,403,rnafm_faiss_guided_k14_lofo,faiss,1,consensus,0,14,SRP|RfamFamily|SRP|SRP|SRP|SRP|SRP|SRP|RNaseP|SRP|RNaseP|SRP|SRP|SRP,0.0,0,0.8247704276819204,0.6589147286821705,0.625,0.6415094339622641,1.3188110609999057,0.0009808860004341113,0.0,1.3197919470003399,group_I_intron
group_I_intron-IE1-Leo_sp-1.S516_p10,group_I_intron,352,rnafm_faiss_guided_k14_lofo,faiss,1,consensus,0,14,RNaseP|RNaseP|RNaseP|SRP|RNaseP|RfamFamily|SRP|SRP|SRP|SRP|SRP|SRP|SRP|RfamFamily,0.0,0,0.8734346267409292,0.638095238095238,0.6568627450980392,0.6473429951690821,1.4331101719999424,0.0010623450007187785,0.0,1.4341725170006612,group_I_intron
group_I_intron-IC3-Ppo.L2449-1,group_I_intron,336,rnafm_faiss_guided_k14_lofo,faiss,1,consensus,0,14,tmRNA|tmRNA|tmRNA|tmRNA|tmRNA|RNaseP|tmRNA|SRP|RfamFamily|RfamFamily|RfamFamily|RNaseP|tmRNA|SRP,0.0,0,0.6710632115407867,0.4835164835164835,0.4536082474226804,0.46808510638297873,2.0712547989996892,0.0009588729999450152,0.0,2.0722136719996342,group_I_intron
"group_I_intron-ID-Pwi.m.COX1,2_p1",group_I_intron,258,rnafm_faiss_guided_k14_lofo,faiss,1,consensus,0,14,tmRNA|RNaseP|tmRNA|tmRNA|tmRNA|tmRNA|RNaseP|tmRNA|tmRNA|SRP|tmRNA|tmRNA|tmRNA|tmRNA,0.0,0,0.32295088014919193,0.3698630136986301,0.4426229508196721,0.40298507462686567,1.965895081000781,0.0010056060000351863,0.0,1.966900687000816,group_I_intron
group_I_intron-IA1-Ceu.mL2449_p1,group_I_intron,363,rnafm_faiss_guided_k14_lofo,faiss,1,consensus,0,14,RNaseP|tmRNA|tmRNA|tmRNA|tmRNA|tmRNA|tmRNA|tmRNA|tmRNA|tmRNA|RNaseP|SRP|tmRNA|RNaseP,0.0,0,0.5464969414618381,0.5392156862745098,0.5612244897959183,0.5499999999999999,1.501877587999843,0.0009001059997899574,0.0,1.502777693999633,group_I_intron
group_I_intron-IC1-Hpu.L798,group_I_intron,406,rnafm_faiss_guided_k14_lofo,faiss,1,consensus,0,14,SRP|RNaseP|RNaseP|RNaseP|RNaseP|RNaseP|SRP|tmRNA|RfamFamily|SRP|SRP|RNaseP|RNaseP|SRP,0.0,0,0.8335309980639206,0.7874015748031497,0.746268656716418,0.7662835249042146,1.2968340620000163,0.0008692800001881551,0.0,1.2977033420002044,group_I_intron
group_I_intron-IC1-Pum.L798,group_I_intron,436,rnafm_faiss_guided_k14_lofo,faiss,1,consensus,0,14,SRP|SRP|SRP|SRP|SRP|SRP|SRP|SRP|SRP|SRP|RNaseP|SRP|SRP|SRP,0.0,0,0.7131529161779399,0.31654676258992803,0.29931972789115646,0.3076923076923077,1.3001712840004984,0.0009120889999394421,0.0,1.3010833730004379,group_I_intron
group_I_intron-IA1-Kla.mL2449_p10,group_I_intron,342,rnafm_faiss_guided_k14_lofo,faiss,1,consensus,0,14,tmRNA|tmRNA|tmRNA|RNaseP|tmRNA|tmRNA|RfamFamily|tmRNA|SRP|tmRNA|tmRNA|RNaseP|RfamFamily|tmRNA,0.0,0,0.2578864239290635,0.5377358490566038,0.5480769230769231,0.5428571428571429,1.2928664259998186,0.0012010700002065278,0.0,1.2940674960000251,group_I_intron
group_I_intron-IC1-Psu.S516-11,group_I_intron,507,rnafm_faiss_guided_k14_lofo,faiss,1,consensus,0,14,RfamFamily|tmRNA|RfamFamily|RfamFamily|SRP|SRP|tmRNA|tmRNA|RNaseP|RNaseP|RNaseP|RNaseP|SRP|SRP,0.0,0,0.7382050266084538,0.6099290780141844,0.5512820512820513,0.5791245791245792,1.4602720459997727,0.0010342059995309683,0.0,1.4613062519993036,group_I_intron
group_I_intron-IC3-Akit.c.trnL,group_I_intron,268,rnafm_faiss_guided_k14_lofo,faiss,1,consensus,0,14,tmRNA|tmRNA|tmRNA|tmRNA|tmRNA|tmRNA|tmRNA|tmRNA|RNaseP|tmRNA|RNaseP|tmRNA|tmRNA|tmRNA,0.0,0,0.0758160315498326,0.19117647058823528,0.48148148148148145,0.2736842105263158,1.3305017009997755,0.0008512909998898976,0.0,1.3313529919996654,group_I_intron
group_I_intron-IC1-Psu.S516-8,group_I_intron,507,rnafm_faiss_guided_k14_lofo,faiss,1,consensus,0,14,RfamFamily|tmRNA|RfamFamily|RfamFamily|SRP|SRP|tmRNA|tmRNA|RNaseP|RNaseP|RNaseP|RNaseP|SRP|SRP,0.0,0,0.7382050266084538,0.6099290780141844,0.5512820512820513,0.5791245791245792,1.4923436749995744,0.0010004109999499633,0.0,1.4933440859995244,group_I_intron
group_I_intron-IC1-Dov.S943,group_I_intron,420,rnafm_faiss_guided_k14_lofo,faiss,1,consensus,0,14,RNaseP|SRP|SRP|SRP|SRP|SRP|SRP|RNaseP|RNaseP|RNaseP|RNaseP|SRP|RfamFamily|SRP,0.0,0,0.6803448210270348,0.6915887850467289,0.5736434108527132,0.6271186440677966,1.9127197609996074,0.0009171530000458006,0.0,1.9136369139996532,group_I_intron
group_I_intron-IC1-Cbo.S1506,group_I_intron,506,rnafm_faiss_guided_k14_lofo,faiss,1,consensus,0,14,SRP|SRP|RfamFamily|SRP|SRP|SRP|SRP|SRP|SRP|SRP|SRP|SRP|RfamFamily|RNaseP,0.0,0,0.8091991866115207,0.13445378151260504,0.09580838323353294,0.11188811188811189,1.8999275500000294,0.0009694129994386458,0.0,1.900896962999468,group_I_intron
"group_I_intron-ID-Pan.m.ND5,1_p1",group_I_intron,248,rnafm_faiss_guided_k14_lofo,faiss,1,consensus,0,14,RNaseP|tmRNA|tmRNA|tmRNA|tmRNA|tmRNA|tmRNA|tmRNA|RNaseP|tmRNA|tmRNA|SRP|SRP|RNaseP,0.0,0,0.522093184084942,0.5076923076923077,0.515625,0.5116279069767442,1.3394899140002963,0.0009760849998201593,0.0,1.3404659990001164,group_I_intron
group_I_intron-IC1-Cae.S943,group_I_intron,361,rnafm_faiss_guided_k14_lofo,faiss,1,consensus,0,14,SRP|SRP|SRP|SRP|SRP|RNaseP|RNaseP|RNaseP|RNaseP|tmRNA|SRP|SRP|SRP|tmRNA,0.0,0,0.989916989182702,0.4742268041237113,0.42990654205607476,0.45098039215686275,1.2902262219995464,0.0008254730000771815,0.0,1.2910516949996236,group_I_intron
group_I_intron-IC1-Msc.S788-2,group_I_intron,309,rnafm_faiss_guided_k14_lofo,faiss,1,consensus,0,14,tmRNA|tmRNA|RfamFamily|SRP|RNaseP|RNaseP|RNaseP|SRP|SRP|SRP|SRP|SRP|RNaseP|RNaseP,0.0,0,0.6653557159132103,0.42045454545454547,0.43529411764705883,0.42774566473988446,1.3141145829995367,0.0009151409994956339,0.0,1.3150297239990323,group_I_intron
group_I_intron-IC3-Aha.b.trnR_p1,group_I_intron,237,rnafm_faiss_guided_k14_lofo,faiss,1,consensus,0,14,SRP|RNaseP|SRP|SRP|SRP|RNaseP|SRP|SRP|SRP|RNaseP|RNaseP|tmRNA|tmRNA|tmRNA,0.0,0,0.8957343867606259,0.30303030303030304,0.2898550724637681,0.2962962962962963,1.1990593860000445,0.0008263629997600219,0.0,1.1998857489998045,group_I_intron
"group_I_intron-IB4-Sce.m.COB,3_p1",group_I_intron,397,rnafm_faiss_guided_k14_lofo,faiss,1,consensus,0,14,tmRNA|RfamFamily|tmRNA|tmRNA|SRP|RfamFamily|RfamFamily|tmRNA|SRP|tmRNA|SRP|RfamFamily|RfamFamily|tmRNA,0.0,0,0.18762550226886185,0.5294117647058824,0.5675675675675675,0.5478260869565218,1.2891473449999467,0.0008455489996777033,0.0,1.2899928939996244,group_I_intron
group_I_intron-IC1-Nsp-1.L1926,group_I_intron,435,rnafm_faiss_guided_k14_lofo,faiss,1,consensus,0,14,RNaseP|SRP|tmRNA|RfamFamily|tmRNA|tmRNA|RNaseP|RNaseP|RNaseP|SRP|RNaseP|RNaseP|tmRNA|RNaseP,0.0,0,0.5443030910697833,0.753731343283582,0.7062937062937062,0.7292418772563176,1.2910730479998165,0.0008670619999975315,0.0,1.291940109999814,group_I_intron
group_I_intron-IC1-Chlo_sp-9.S1512,group_I_intron,511,rnafm_faiss_guided_k14_lofo,faiss,1,consensus,0,14,SRP|SRP|SRP|SRP|SRP|SRP|RNaseP|RNaseP|RNaseP|RNaseP|RNaseP|SRP|SRP|SRP,0.0,0,0.7075952681359114,0.6556291390728477,0.6073619631901841,0.6305732484076434,1.6104130439998698,0.0009296250000261352,0.0,1.611342668999896,group_I_intron
group_I_intron-IC3-Omi.c.trnL_p1,group_I_intron,274,rnafm_faiss_guided_k14_lofo,faiss,1,consensus,0,14,tmRNA|tmRNA|tmRNA|tmRNA|tmRNA|tmRNA|tmRNA|tmRNA|tmRNA|tmRNA|RNaseP|tmRNA|RNaseP|tmRNA,0.0,0,0.08775586890785225,0.1643835616438356,0.36363636363636365,0.22641509433962262,2.0720292409996546,0.0011323360004098504,0.0,2.0731615770000644,group_I_intron
group_I_intron-IC2-Aab.mS569-4_p10,group_I_intron,335,rnafm_faiss_guided_k14_lofo,faiss,1,consensus,0,14,SRP|tmRNA|SRP|RNaseP|RNaseP|RNaseP|tmRNA|RNaseP|RNaseP|RfamFamily|RNaseP|RfamFamily|tmRNA|RNaseP,0.0,0,0.7562991918097549,0.3333333333333333,0.3125,0.3225806451612903,1.9518004410001595,0.0009572740000294289,0.0,1.952757715000189,group_I_intron
group_I_intron-IC3-Nhe.c.trnL,group_I_intron,216,rnafm_faiss_guided_k14_lofo,faiss,1,consensus,0,14,tmRNA|tmRNA|tmRNA|tmRNA|tmRNA|tmRNA|tmRNA|tmRNA|tmRNA|tmRNA|tmRNA|tmRNA|RfamFamily|tmRNA,0.0,0,0.0803438110596612,0.0,0.0,0.0,1.0966569410002194,0.0008716890006326139,0.0,1.097528630000852,group_I_intron
group_I_intron-IC1-Psu.S516-14,group_I_intron,507,rnafm_faiss_guided_k14_lofo,faiss,1,consensus,0,14,RfamFamily|tmRNA|RfamFamily|RfamFamily|SRP|SRP|tmRNA|tmRNA|RNaseP|RNaseP|RNaseP|RNaseP|SRP|SRP,0.0,0,0.7382050266084538,0.6099290780141844,0.5512820512820513,0.5791245791245792,1.240057957999852,0.0008325879998665187,0.0,1.2408905459997186,group_I_intron
group_I_intron-IE1-Leo_sp-4.S516_p1,group_I_intron,352,rnafm_faiss_guided_k14_lofo,faiss,1,consensus,0,14,RNaseP|RNaseP|RNaseP|SRP|RNaseP|RfamFamily|SRP|SRP|SRP|SRP|SRP|SRP|SRP|RfamFamily,0.0,0,0.8734346267409292,0.38095238095238093,0.39603960396039606,0.38834951456310685,1.276530783000453,0.0007696530001339852,0.0,1.277300436000587,group_I_intron
group_I_intron-IA1-Slu.mL2449_p10,group_I_intron,327,rnafm_faiss_guided_k14_lofo,faiss,1,consensus,0,14,tmRNA|tmRNA|RNaseP|tmRNA|tmRNA|tmRNA|SRP|tmRNA|RNaseP|RNaseP|tmRNA|tmRNA|tmRNA|RfamFamily,0.0,0,0.5471469814619995,0.71875,0.7666666666666667,0.7419354838709677,1.2938835810000455,0.0008818719998089364,0.0,1.2947654529998545,group_I_intron
group_I_intron-IC1-Msc.S1506,group_I_intron,458,rnafm_faiss_guided_k14_lofo,faiss,1,consensus,0,14,SRP|SRP|SRP|RNaseP|SRP|SRP|RNaseP|RNaseP|RNaseP|SRP|RNaseP|SRP|SRP|tmRNA,0.0,0,0.7614573883550619,0.4852941176470588,0.44,0.46153846153846156,1.3216684449998866,0.000842879000629182,0.0,1.3225113240005157,group_I_intron
group_I_intron-IC3-Lfo.c.trnL,group_I_intron,242,rnafm_faiss_guided_k14_lofo,faiss,1,consensus,0,14,tmRNA|tmRNA|tmRNA|tmRNA|tmRNA|tmRNA|RfamFamily|tmRNA|tmRNA|tmRNA|tmRNA|tmRNA|RNaseP|tmRNA,0.0,0,0.07655322272226517,0.11475409836065574,0.28,0.16279069767441862,1.2670522339994932,0.0008063719997153385,0.0,1.2678586059992085,group_I_intron
group_I_intron-IE-Osp.S1199_p10,group_I_intron,417,rnafm_faiss_guided_k14_lofo,faiss,1,consensus,0,14,SRP|SRP|SRP|SRP|RNaseP|SRP|SRP|RNaseP|tmRNA|tmRNA|RNaseP|tmRNA|SRP|tmRNA,0.0,0,0.6502686932515124,0.6590909090909091,0.7131147540983607,0.68503937007874,1.4435731559997294,0.0009363669996673707,0.0,1.4445095229993967,group_I_intron
group_I_intron-IB4-Cfr.cL1931,group_I_intron,242,rnafm_faiss_guided_k14_lofo,faiss,1,consensus,0,14,RNaseP|tmRNA|RNaseP|tmRNA|RNaseP|tmRNA|tmRNA|RNaseP|SRP|SRP|RfamFamily|RfamFamily|RNaseP|RNaseP,0.0,0,0.5967097530440617,0.5135135135135135,0.5277777777777778,0.5205479452054794,1.80158923900035,0.0009454759992877371,0.0,1.8025347149996378,group_I_intron
group_I_intron-IB4-Cco.cL2500_p10,group_I_intron,243,rnafm_faiss_guided_k14_lofo,faiss,1,consensus,0,14,tmRNA|tmRNA|RNaseP|tmRNA|tmRNA|RNaseP|RNaseP|tmRNA|tmRNA|tmRNA|RNaseP|SRP|tmRNA|tmRNA,0.0,0,0.6490219313894264,0.5483870967741935,0.5396825396825397,0.544,1.837202406999495,0.0010465900004419382,0.0,1.838248996999937,group_I_intron
group_I_intron-IC3-Ssp.b.trnM_p1,group_I_intron,237,rnafm_faiss_guided_k14_lofo,faiss,1,consensus,0,14,RNaseP|RNaseP|RNaseP|RNaseP|SRP|RNaseP|RNaseP|SRP|SRP|RfamFamily|tmRNA|RfamFamily|RNaseP|SRP,0.0,0,0.6973636870791348,0.6323529411764706,0.6056338028169014,0.618705035971223,1.3882299729993974,0.0008713890001672553,0.0,1.3891013619995647,group_I_intron
group_I_intron-IC1-Bya.S1506,group_I_intron,472,rnafm_faiss_guided_k14_lofo,faiss,1,consensus,0,14,tmRNA|RNaseP|SRP|RNaseP|RNaseP|RfamFamily|SRP|RfamFamily|RfamFamily|RfamFamily|SRP|RNaseP|RNaseP|RNaseP,0.0,0,0.795516373944961,0.5813953488372093,0.5208333333333334,0.5494505494505495,1.3084817270000713,0.0008546779999960563,0.0,1.3093364050000673,group_I_intron
"group_I_intron-IB1-Nol.m.COX1,1_p10",group_I_intron,304,rnafm_faiss_guided_k14_lofo,faiss,1,consensus,0,14,SRP|RNaseP|tmRNA|tmRNA|RNaseP|tmRNA|SRP|tmRNA|tmRNA|SRP|RNaseP|RNaseP|RNaseP|RNaseP,0.0,0,0.4425218883280856,0.5747126436781609,0.6666666666666666,0.617283950617284,1.3046242580003309,0.0008955900002547423,0.0,1.3055198480005856,group_I_intron
group_I_intron-IE-Rbo.S516_p1,group_I_intron,362,rnafm_faiss_guided_k14_lofo,faiss,1,consensus,0,14,SRP|SRP|SRP|SRP|SRP|SRP|SRP|SRP|SRP|SRP|SRP|SRP|SRP|SRP,0.0,0,0.6256745372269286,0.33035714285714285,0.3557692307692308,0.34259259259259256,1.2829653230000986,0.0008302900005219271,0.0,1.2837956130006205,group_I_intron
"group_I_intron-IB4-Sja.m.COX1,2_p1",group_I_intron,302,rnafm_faiss_guided_k14_lofo,faiss,1,consensus,0,14,tmRNA|SRP|tmRNA|RNaseP|tmRNA|RNaseP|tmRNA|tmRNA|tmRNA|RNaseP|RNaseP|RfamFamily|tmRNA|tmRNA,0.0,0,0.43869612493242804,0.47674418604651164,0.6507936507936508,0.5503355704697986,1.3012671200003751,0.0009175940003842697,0.0,1.3021847140007594,group_I_intron
group_I_intron-IC2-Cso.mS1210_p1,group_I_intron,324,rnafm_faiss_guided_k14_lofo,faiss,1,consensus,0,14,RNaseP|SRP|RNaseP|RfamFamily|tmRNA|SRP|RNaseP|RfamFamily|RfamFamily|tmRNA|RfamFamily|RNaseP|SRP|RfamFamily,0.0,0,0.6443748439036261,0.425,0.38636363636363635,0.40476190476190477,1.2697691039993515,0.0008283540000775247,0.0,1.270597457999429,group_I_intron
group_I_intron-a.I1.b.Dermocarpa.sp.ATCC29371.C3.tMET,group_I_intron,268,rnafm_faiss_guided_k14_lofo,faiss,1,consensus,0,14,SRP|SRP|RfamFamily|SRP|RNaseP|RNaseP|RNaseP|RNaseP|SRP|RNaseP|tmRNA|RfamFamily|SRP|RfamFamily,0.0,0,0.5890959123287346,0.7142857142857143,0.6395348837209303,0.6748466257668713,1.2903357800005324,0.0008531199991921312,0.0,1.2911888999997245,group_I_intron
group_I_intron-IC1-Mci.L798-2,group_I_intron,321,rnafm_faiss_guided_k14_lofo,faiss,1,consensus,0,14,SRP|SRP|SRP|RNaseP|RfamFamily|SRP|SRP|RfamFamily|RNaseP|RNaseP|RNaseP|RfamFamily|RfamFamily|SRP,0.0,0,0.68008350214492,0.4673913043478261,0.4777777777777778,0.4725274725274725,1.8701359780006896,0.0009349990004920983,0.0,1.8710709770011817,group_I_intron
"group_I_intron-IA2-Beta-22.v.td,1_p1",group_I_intron,295,rnafm_faiss_guided_k14_lofo,faiss,1,consensus,0,14,RNaseP|SRP|SRP|RfamFamily|tmRNA|SRP|SRP|tmRNA|RNaseP|SRP|RfamFamily|SRP|SRP|RNaseP,0.0,0,0.5442685720273209,0.6292134831460674,0.6588235294117647,0.6436781609195402,2.090586550999433,0.0009333859998150729,0.0,2.091519936999248,group_I_intron
group_I_intron-IA3-Afo.cL2593_p10,group_I_intron,282,rnafm_faiss_guided_k14_lofo,faiss,1,consensus,0,14,SRP|RNaseP|RNaseP|tmRNA|tmRNA|RNaseP|RNaseP|RNaseP|RNaseP|RfamFamily|tmRNA|tmRNA|SRP|tmRNA,0.0,0,0.5371883538251191,0.7159090909090909,0.7590361445783133,0.736842105263158,1.7574893440005326,0.0008668840000609634,0.0,1.7583562280005935,group_I_intron
group_I_intron-IC1-Mar.S943,group_I_intron,437,rnafm_faiss_guided_k14_lofo,faiss,1,consensus,0,14,SRP|SRP|RNaseP|SRP|SRP|SRP|RNaseP|SRP|RNaseP|RNaseP|RfamFamily|RNaseP|RNaseP|RNaseP,0.0,0,0.7861029881994195,0.5714285714285714,0.5333333333333333,0.5517241379310344,1.2817931540002974,0.0008424150000791997,0.0,1.2826355690003766,group_I_intron
"group_I_intron-IA1-Tpa.m.COX2,1",group_I_intron,216,rnafm_faiss_guided_k14_lofo,faiss,1,consensus,0,14,RfamFamily|tmRNA|tmRNA|RfamFamily|RNaseP|SRP|RfamFamily|tmRNA|SRP|RfamFamily|tmRNA|RfamFamily|RNaseP|tmRNA,0.0,0,0.4323706896631562,0.5735294117647058,0.6,0.5864661654135338,1.1072158870001658,0.0008343370000147843,0.0,1.1080502240001806,group_I_intron
group_I_intron-IC1-Uma.S943,group_I_intron,426,rnafm_faiss_guided_k14_lofo,faiss,1,consensus,0,14,SRP|SRP|SRP|SRP|SRP|SRP|RNaseP|SRP|RNaseP|RfamFamily|RNaseP|RNaseP|RNaseP|RNaseP,0.0,0,0.693315310947223,0.7413793103448276,0.671875,0.7049180327868853,1.3245675640000627,0.0008979790000012144,0.0,1.325465543000064,group_I_intron
group_I_intron-IC3-Nsp-A.b.trnL,group_I_intron,298,rnafm_faiss_guided_k14_lofo,faiss,1,consensus,0,14,RfamFamily|tmRNA|RNaseP|RfamFamily|SRP|tmRNA|RfamFamily|RNaseP|RNaseP|tmRNA|tmRNA|RfamFamily|SRP|RNaseP,0.0,0,0.19508864652459557,0.8,0.7912087912087912,0.7955801104972374,1.3419105369994213,0.0008591850000811974,0.0,1.3427697219995025,group_I_intron
group_I_intron-IB4-Nol.mL2500_p10,group_I_intron,274,rnafm_faiss_guided_k14_lofo,faiss,1,consensus,0,14,RNaseP|RNaseP|tmRNA|tmRNA|tmRNA|SRP|RfamFamily|tmRNA|tmRNA|RNaseP|RfamFamily|RNaseP|tmRNA|tmRNA,0.0,0,0.6844357879668667,0.6829268292682927,0.7088607594936709,0.6956521739130436,1.43967560999954,0.0009407430006831419,0.0,1.4406163530002232,group_I_intron
group_I_intron-IC1-Pte.S943-12,group_I_intron,403,rnafm_faiss_guided_k14_lofo,faiss,1,consensus,0,14,RNaseP|SRP|SRP|RNaseP|SRP|RNaseP|tmRNA|tmRNA|RNaseP|RNaseP|RfamFamily|SRP|tmRNA|SRP,0.0,0,0.7524641933621776,0.5811965811965812,0.5483870967741935,0.5643153526970954,1.3159207210001114,0.0009847649998846464,0.0,1.316905485999996,group_I_intron
group_I_intron-IA3-Ceu.cL2596_p10,group_I_intron,338,rnafm_faiss_guided_k14_lofo,faiss,1,consensus,0,14,RNaseP|tmRNA|tmRNA|SRP|RNaseP|tmRNA|RNaseP|tmRNA|tmRNA|RfamFamily|tmRNA|tmRNA|tmRNA|RNaseP,0.0,0,0.4483104087486616,0.6236559139784946,0.651685393258427,0.6373626373626373,1.641322709000633,0.0009233199998561759,0.0,1.6422460290004892,group_I_intron
group_I_intron-IC1-Chlo_sp-3.S1367,group_I_intron,479,rnafm_faiss_guided_k14_lofo,faiss,1,consensus,0,14,SRP|SRP|RNaseP|SRP|SRP|SRP|SRP|SRP|RNaseP|RNaseP|RNaseP|SRP|RNaseP|RNaseP,0.0,0,0.9634846125721138,0.5294117647058824,0.5364238410596026,0.5328947368421053,1.9367570730000807,0.001026180999360804,0.0,1.9377832539994415,group_I_intron
group_I_intron-IC1-Cna.S1506,group_I_intron,459,rnafm_faiss_guided_k14_lofo,faiss,1,consensus,0,14,SRP|SRP|SRP|SRP|SRP|SRP|SRP|SRP|SRP|RNaseP|tmRNA|tmRNA|SRP|SRP,0.0,0,0.4767033593350383,0.6376811594202898,0.6666666666666666,0.6518518518518518,1.81870453800002,0.0008317800002259901,0.0,1.819536318000246,group_I_intron
group_I_intron-IE1-Leo_sp-2.S516_p10,group_I_intron,352,rnafm_faiss_guided_k14_lofo,faiss,1,consensus,0,14,RNaseP|RNaseP|RNaseP|SRP|RNaseP|RfamFamily|SRP|SRP|SRP|SRP|SRP|SRP|SRP|SRP,0.0,0,0.8807318769667339,0.638095238095238,0.6568627450980392,0.6473429951690821,1.2834880039999916,0.000991773000350804,0.0,1.2844797770003424,group_I_intron
group_I_intron-IE-Mju.S516_p1,group_I_intron,345,rnafm_faiss_guided_k14_lofo,faiss,1,consensus,0,14,RNaseP|SRP|SRP|RNaseP|SRP|RNaseP|tmRNA|tmRNA|RNaseP|tmRNA|RNaseP|RfamFamily|RNaseP|SRP,0.0,0,0.6986935816216108,0.7171717171717171,0.7473684210526316,0.7319587628865979,1.30122374199982,0.0008390760003749165,0.0,1.302062818000195,group_I_intron
group_I_intron-IC1-Cpu.S1506,group_I_intron,476,rnafm_faiss_guided_k14_lofo,faiss,1,consensus,0,14,RfamFamily|SRP|SRP|SRP|SRP|RfamFamily|SRP|SRP|SRP|RNaseP|SRP|tmRNA|tmRNA|tmRNA,0.0,0,0.862570786947181,0.6442953020134228,0.6274509803921569,0.6357615894039735,1.2984215869992113,0.0008458960001007654,0.0,1.299267482999312,group_I_intron
group_I_intron-IC3-Pto.c.trnL,group_I_intron,233,rnafm_faiss_guided_k14_lofo,faiss,1,consensus,0,14,tmRNA|tmRNA|tmRNA|tmRNA|tmRNA|tmRNA|tmRNA|tmRNA|tmRNA|tmRNA|tmRNA|tmRNA|tmRNA|RfamFamily,0.0,0,0.07997963221260829,0.109375,0.4375,0.175,1.1753784869997617,0.0008137459999488783,0.0,1.1761922329997105,group_I_intron
group_I_intron-IE3-Nga.S1199-1,group_I_intron,384,rnafm_faiss_guided_k14_lofo,faiss,1,consensus,0,14,SRP|SRP|SRP|SRP|SRP|SRP|tmRNA|tmRNA|SRP|SRP|RNaseP|RNaseP|SRP|RNaseP,0.0,0,0.5778949497370865,0.3652173913043478,0.34146341463414637,0.35294117647058826,1.304079720000118,0.00105755999993562,0.0,1.3051372800000536,group_I_intron
group_I_intron-IB4-Msp-2.cL1931_p10,group_I_intron,328,rnafm_faiss_guided_k14_lofo,faiss,1,consensus,0,14,RNaseP|RNaseP|tmRNA|tmRNA|RNaseP|tmRNA|tmRNA|tmRNA|tmRNA|tmRNA|SRP|RNaseP|tmRNA|RfamFamily,0.0,0,0.4597922190906069,0.5,0.5662650602409639,0.5310734463276837,1.2804335990003892,0.0007774330006213859,0.0,1.2812110320010106,group_I_intron
group_I_intron-IC1-Ste.L798-1,group_I_intron,320,rnafm_faiss_guided_k14_lofo,faiss,1,consensus,0,14,SRP|SRP|SRP|RfamFamily|SRP|SRP|RNaseP|RNaseP|RNaseP|RNaseP|RNaseP|SRP|RNaseP|RNaseP,0.0,0,0.8408896260653181,0.2631578947368421,0.2777777777777778,0.27027027027027023,1.6138377190000028,0.0009143809993474861,0.0,1.6147520999993503,group_I_intron
group_I_intron-IA3-Ceu.cL730_p10,group_I_intron,287,rnafm_faiss_guided_k14_lofo,faiss,1,consensus,0,14,tmRNA|tmRNA|SRP|tmRNA|RNaseP|RNaseP|RNaseP|RNaseP|RNaseP|SRP|tmRNA|tmRNA|tmRNA|RNaseP,0.0,0,0.6707649543906332,0.7261904761904762,0.7530864197530864,0.7393939393939394,2.08082465499956,0.0010018550001404947,0.0,2.0818265099997006,group_I_intron
group_I_intron-IB4-Ceu.cL1923_p10,group_I_intron,243,rnafm_faiss_guided_k14_lofo,faiss,1,consensus,0,14,tmRNA|SRP|RNaseP|tmRNA|RNaseP|RNaseP|tmRNA|RNaseP|tmRNA|tmRNA|SRP|tmRNA|RfamFamily|RNaseP,0.0,0,0.41633993327400454,0.625,0.6081081081081081,0.6164383561643835,1.8036046580000402,0.0009436390000701067,0.0,1.8045482970001103,group_I_intron
group_I_intron-IC3-Gbo.c.trnL,group_I_intron,254,rnafm_faiss_guided_k14_lofo,faiss,1,consensus,0,14,tmRNA|tmRNA|tmRNA|tmRNA|tmRNA|tmRNA|tmRNA|tmRNA|tmRNA|tmRNA|tmRNA|tmRNA|tmRNA|RfamFamily,0.0,0,0.07645286733625041,0.13846153846153847,0.45,0.21176470588235297,1.3661495199994533,0.0008469550002700998,0.0,1.3669964749997234,group_I_intron
group_I_intron-IA1-Slu.mL2449_p1,group_I_intron,327,rnafm_faiss_guided_k14_lofo,faiss,1,consensus,0,14,tmRNA|tmRNA|RNaseP|tmRNA|tmRNA|tmRNA|SRP|tmRNA|RNaseP|RNaseP|tmRNA|tmRNA|tmRNA|RfamFamily,0.0,0,0.5471469814619995,0.71875,0.7666666666666667,0.7419354838709677,1.28516383600072,0.0008135809994200827,0.0,1.2859774170001401,group_I_intron
group_I_intron-IC1-Pte.S943-4,group_I_intron,403,rnafm_faiss_guided_k14_lofo,faiss,1,consensus,0,14,RNaseP|SRP|SRP|RNaseP|SRP|RNaseP|tmRNA|tmRNA|RNaseP|RNaseP|RfamFamily|SRP|tmRNA|SRP,0.0,0,0.7524641933621776,0.5882352941176471,0.5645161290322581,0.5761316872427984,1.3152141519994984,0.000860659999489144,0.0,1.3160748119989876,group_I_intron
group_I_intron-IC1-Pte.S1506-7,group_I_intron,500,rnafm_faiss_guided_k14_lofo,faiss,1,consensus,0,14,RNaseP|SRP|RNaseP|RNaseP|RNaseP|SRP|SRP|SRP|RfamFamily|SRP|RfamFamily|SRP|SRP|RNaseP,0.0,0,0.8652851987992722,0.4326241134751773,0.4066666666666667,0.41924398625429554,1.3083384330002445,0.000901762000466988,0.0,1.3092401950007115,group_I_intron
group_I_intron-IE2-Cpin.S516,group_I_intron,368,rnafm_faiss_guided_k14_lofo,faiss,1,consensus,0,14,SRP|SRP|SRP|RNaseP|SRP|SRP|SRP|SRP|SRP|SRP|SRP|SRP|RfamFamily|SRP,0.0,0,0.8267734738477467,0.6057692307692307,0.5294117647058824,0.5650224215246636,1.4255554750006922,0.0008427939992543543,0.0,1.4263982689999466,group_I_intron
group_I_intron-IC3-Ddu.c.trnL-1_p10,group_I_intron,277,rnafm_faiss_guided_k14_lofo,faiss,1,consensus,0,14,tmRNA|tmRNA|tmRNA|tmRNA|tmRNA|tmRNA|tmRNA|tmRNA|tmRNA|tmRNA|tmRNA|tmRNA|tmRNA|RfamFamily,0.0,0,0.08573378624611215,0.19444444444444445,0.45161290322580644,0.27184466019417475,1.2984596270007387,0.0008457829999315436,0.0,1.2993054100006702,group_I_intron
group_I_intron-IA1-Spa.mL2449_p10,group_I_intron,334,rnafm_faiss_guided_k14_lofo,faiss,1,consensus,0,14,tmRNA|tmRNA|SRP|RfamFamily|tmRNA|tmRNA|RNaseP|RfamFamily|RfamFamily|RNaseP|tmRNA|tmRNA|tmRNA|RfamFamily,0.0,0,0.4452282575666313,0.5247524752475248,0.5760869565217391,0.5492227979274611,1.3092932409999776,0.000980362000518653,0.0,1.3102736030004962,group_I_intron
group_I_intron-IC3-Cvi.c.trnL,group_I_intron,271,rnafm_faiss_guided_k14_lofo,faiss,1,consensus,0,14,tmRNA|tmRNA|tmRNA|tmRNA|tmRNA|tmRNA|tmRNA|tmRNA|tmRNA|tmRNA|tmRNA|tmRNA|RfamFamily|RNaseP,0.0,0,0.09545413518543162,0.18571428571428572,0.35135135135135137,0.2429906542056075,1.9282272200007355,0.0009709470004963805,0.0,1.929198167001232,group_I_intron
group_I_intron-IC1-Ceh.S1506-29,group_I_intron,443,rnafm_faiss_guided_k14_lofo,faiss,1,consensus,0,14,SRP|SRP|SRP|tmRNA|SRP|SRP|SRP|tmRNA|tmRNA|SRP|RNaseP|SRP|SRP|tmRNA,0.0,0,0.48538724876903155,0.7391304347826086,0.6938775510204082,0.7157894736842104,1.8906411670004672,0.0009932610000760178,0.0,1.8916344280005433,group_I_intron
group_I_intron-IE3-Gba.S1199,group_I_intron,429,rnafm_faiss_guided_k14_lofo,faiss,1,consensus,0,14,SRP|SRP|RfamFamily|RfamFamily|SRP|SRP|SRP|SRP|SRP|SRP|tmRNA|tmRNA|RNaseP|RNaseP,0.0,0,1.0440898397014187,0.48484848484848486,0.47058823529411764,0.4776119402985075,1.4338540819999253,0.0008687779991305433,0.0,1.4347228599990558,group_I_intron
group_I_intron-IC2-Slu.mL1685,group_I_intron,341,rnafm_faiss_guided_k14_lofo,faiss,1,consensus,0,14,SRP|tmRNA|RNaseP|RNaseP|RfamFamily|RfamFamily|SRP|RNaseP|RNaseP|RNaseP|RNaseP|tmRNA|RfamFamily|RNaseP,0.0,0,0.6218241165539979,0.5294117647058824,0.5172413793103449,0.5232558139534884,1.405113664000055,0.0008538649999536574,0.0,1.4059675290000087,group_I_intron
group_I_intron-IC1-Nsp-2.L1926,group_I_intron,435,rnafm_faiss_guided_k14_lofo,faiss,1,consensus,0,14,RNaseP|SRP|tmRNA|RfamFamily|tmRNA|tmRNA|RNaseP|RNaseP|RNaseP|SRP|RNaseP|RNaseP|tmRNA|RNaseP,0.0,0,0.5443030910697833,0.753731343283582,0.7062937062937062,0.7292418772563176,1.2736678060000486,0.0008352539998668362,0.0,1.2745030599999154,group_I_intron
tRNA-tdbD00002883,tRNA,82,rnafm_faiss_guided_k14_lofo,faiss,1,consensus,0,14,5S_rRNA|5S_rRNA|5S_rRNA|5S_rRNA|5S_rRNA|RfamFamily|5S_rRNA|5S_rRNA|5S_rRNA|5S_rRNA|5S_rRNA|5S_rRNA|5S_rRNA|5S_rRNA,0.0,0,0.15389627576948545,0.28,1.0,0.43750000000000006,0.4340016879996256,0.0007499220000681817,0.0,0.43475160999969376,tRNA
tRNA-tdbD00011583,tRNA,85,rnafm_faiss_guided_k14_lofo,faiss,1,consensus,0,14,5S_rRNA|5S_rRNA|RfamFamily|5S_rRNA|5S_rRNA|5S_rRNA|5S_rRNA|5S_rRNA|5S_rRNA|5S_rRNA|5S_rRNA|5S_rRNA|5S_rRNA|5S_rRNA,0.0,0,0.1594184581316532,0.2916666666666667,0.875,0.43750000000000006,0.47304603700013104,0.0008156229996529873,0.0,0.473861659999784,tRNA
tRNA-tdbD00001185,tRNA,77,rnafm_faiss_guided_k14_lofo,faiss,1,consensus,0,14,5S_rRNA|5S_rRNA|5S_rRNA|RfamFamily|5S_rRNA|RfamFamily|5S_rRNA|5S_rRNA|5S_rRNA|5S_rRNA|5S_rRNA|5S_rRNA|5S_rRNA|5S_rRNA,0.0,0,0.1354347775554841,0.3333333333333333,0.35,0.3414634146341463,0.42480585199973575,0.0007826749997548177,0.0,0.42558852699949057,tRNA
tRNA-tdbD00011643,tRNA,73,rnafm_faiss_guided_k14_lofo,faiss,1,consensus,0,14,RfamFamily|5S_rRNA|5S_rRNA|5S_rRNA|5S_rRNA|5S_rRNA|5S_rRNA|5S_rRNA|5S_rRNA|RfamFamily|5S_rRNA|5S_rRNA|5S_rRNA|5S_rRNA,0.0,0,0.1689539302379986,0.3333333333333333,0.3684210526315789,0.35,0.4049967490000199,0.0008161569994626916,0.0,0.4058129059994826,tRNA
tRNA-tdbD00006659,tRNA,84,rnafm_faiss_guided_k14_lofo,faiss,1,consensus,0,14,RfamFamily|RfamFamily|5S_rRNA|5S_rRNA|5S_rRNA|5S_rRNA|5S_rRNA|5S_rRNA|5S_rRNA|5S_rRNA|5S_rRNA|5S_rRNA|5S_rRNA|5S_rRNA,0.0,0,0.1477397349567861,0.3181818181818182,0.4117647058823529,0.358974358974359,0.46826027699989936,0.000789011000051687,0.0,0.46904928799995105,tRNA
tRNA-tdbD00005529,tRNA,75,rnafm_faiss_guided_k14_lofo,faiss,1,consensus,0,14,RfamFamily|5S_rRNA|5S_rRNA|5S_rRNA|5S_rRNA|RfamFamily|5S_rRNA|5S_rRNA|5S_rRNA|5S_rRNA|5S_rRNA|5S_rRNA|5S_rRNA|5S_rRNA,0.0,0,0.14486484675501585,0.0,0.0,0.0,0.41198151400021743,0.0007986040000105277,0.0,0.41278011800022796,tRNA
tRNA-tdbD00010130,tRNA,91,rnafm_faiss_guided_k14_lofo,faiss,1,consensus,0,14,RfamFamily|5S_rRNA|5S_rRNA|5S_rRNA|RfamFamily|5S_rRNA|5S_rRNA|5S_rRNA|5S_rRNA|5S_rRNA|5S_rRNA|5S_rRNA|5S_rRNA|5S_rRNA,0.0,0,0.15740636730338256,0.0,0.0,0.0,0.4908596369996303,0.0009156340001936769,0.0,0.491775270999824,tRNA
tRNA-tdbD00011931,tRNA,74,rnafm_faiss_guided_k14_lofo,faiss,1,consensus,0,14,RfamFamily|RfamFamily|5S_rRNA|5S_rRNA|5S_rRNA|5S_rRNA|5S_rRNA|5S_rRNA|5S_rRNA|5S_rRNA|5S_rRNA|5S_rRNA|5S_rRNA|5S_rRNA,0.0,0,0.11034208268529368,0.35,1.0,0.5185185185185185,0.40226757700020244,0.0007800900002621347,0.0,0.40304766700046457,tRNA
tRNA-tdbD00006194,tRNA,73,rnafm_faiss_guided_k14_lofo,faiss,1,consensus,0,14,RfamFamily|5S_rRNA|5S_rRNA|5S_rRNA|5S_rRNA|5S_rRNA|5S_rRNA|5S_rRNA|RfamFamily|5S_rRNA|5S_rRNA|5S_rRNA|5S_rRNA|5S_rRNA,0.0,0,0.16667941043405024,0.3333333333333333,0.3684210526315789,0.35,0.41135367100014264,0.000928882000152953,0.0,0.4122825530002956,tRNA
tRNA-tdbD00008598,tRNA,71,rnafm_faiss_guided_k14_lofo,faiss,1,consensus,0,14,RfamFamily|RfamFamily|RfamFamily|RfamFamily|RfamFamily|RfamFamily|RfamFamily|RfamFamily|RfamFamily|RfamFamily|RfamFamily|RfamFamily|RfamFamily|RfamFamily,0.0,0,0.1043910942639074,0.0,0.0,0.0,0.4197713670000667,0.0007690150005146279,0.0,0.4205403820005813,tRNA
tRNA-tdbD00006328,tRNA,76,rnafm_faiss_guided_k14_lofo,faiss,1,consensus,0,14,RfamFamily|5S_rRNA|RfamFamily|5S_rRNA|5S_rRNA|5S_rRNA|5S_rRNA|5S_rRNA|5S_rRNA|5S_rRNA|5S_rRNA|5S_rRNA|5S_rRNA|5S_rRNA,0.0,0,0.13000776689648028,0.3333333333333333,0.3684210526315789,0.35,0.4115113490006479,0.0008228679998865118,0.0,0.4123342170005344,tRNA
tRNA-tdbD00005209,tRNA,76,rnafm_faiss_guided_k14_lofo,faiss,1,consensus,0,14,5S_rRNA|5S_rRNA|5S_rRNA|5S_rRNA|5S_rRNA|5S_rRNA|5S_rRNA|RfamFamily|5S_rRNA|5S_rRNA|5S_rRNA|5S_rRNA|5S_rRNA|5S_rRNA,0.0,0,0.10851650548825875,0.3333333333333333,0.3333333333333333,0.3333333333333333,0.4332284130005064,0.0007707840004513855,0.0,0.4339991970009578,tRNA
tRNA-tdbD00011549,tRNA,78,rnafm_faiss_guided_k14_lofo,faiss,1,consensus,0,14,RfamFamily|5S_rRNA|5S_rRNA|5S_rRNA|5S_rRNA|5S_rRNA|5S_rRNA|5S_rRNA|5S_rRNA|RfamFamily|5S_rRNA|5S_rRNA|5S_rRNA|5S_rRNA,0.0,0,0.14882864947964003,0.3157894736842105,0.3333333333333333,0.3243243243243243,0.46527325499937433,0.0009398230004080688,0.0,0.4662130779997824,tRNA
tRNA-tdbD00007763,tRNA,73,rnafm_faiss_guided_k14_lofo,faiss,1,consensus,0,14,RfamFamily|5S_rRNA|5S_rRNA|5S_rRNA|5S_rRNA|5S_rRNA|5S_rRNA|5S_rRNA|5S_rRNA|RfamFamily|5S_rRNA|5S_rRNA|5S_rRNA|5S_rRNA,0.0,0,0.17867382233612833,0.35,0.4117647058823529,0.37837837837837834,0.615398070000083,0.00094735499988019,0.0,0.6163454249999631,tRNA
tRNA-tdbD00009836,tRNA,81,rnafm_faiss_guided_k14_lofo,faiss,1,consensus,0,14,5S_rRNA|5S_rRNA|5S_rRNA|5S_rRNA|RfamFamily|5S_rRNA|5S_rRNA|5S_rRNA|5S_rRNA|RfamFamily|5S_rRNA|5S_rRNA|5S_rRNA|5S_rRNA,0.0,0,0.15867894055656137,0.2,0.29411764705882354,0.2380952380952381,0.6644285990005301,0.0009180300003208686,0.0,0.665346629000851,tRNA
tRNA-tdbD00007709,tRNA,76,rnafm_faiss_guided_k14_lofo,faiss,1,consensus,0,14,5S_rRNA|RfamFamily|RfamFamily|5S_rRNA|5S_rRNA|5S_rRNA|5S_rRNA|5S_rRNA|5S_rRNA|5S_rRNA|5S_rRNA|5S_rRNA|5S_rRNA|5S_rRNA,0.0,0,0.13831632476834274,0.3333333333333333,0.4117647058823529,0.36842105263157887,0.6390198680001049,0.0009061190003194497,0.0,0.6399259870004244,tRNA
tRNA-tdbD00000838,tRNA,76,rnafm_faiss_guided_k14_lofo,faiss,1,consensus,0,14,RfamFamily|5S_rRNA|5S_rRNA|5S_rRNA|5S_rRNA|5S_rRNA|5S_rRNA|5S_rRNA|5S_rRNA|5S_rRNA|RfamFamily|5S_rRNA|5S_rRNA|5S_rRNA,0.0,0,0.12064983907548107,0.3333333333333333,0.4117647058823529,0.36842105263157887,0.7303537980005785,0.001011860999824421,0.0,0.731365659000403,tRNA
tRNA-tdbD00010199,tRNA,93,rnafm_faiss_guided_k14_lofo,faiss,1,consensus,0,14,RfamFamily|SRP|SRP|5S_rRNA|5S_rRNA|SRP|5S_rRNA|5S_rRNA|5S_rRNA|5S_rRNA|SRP|5S_rRNA|5S_rRNA|5S_rRNA,0.0,0,0.13520461075367768,0.0,0.0,0.0,0.7427099599999565,0.0008942670001488295,0.0,0.7436042270001053,tRNA
tRNA-tdbD00007341,tRNA,73,rnafm_faiss_guided_k14_lofo,faiss,1,consensus,0,14,RfamFamily|RfamFamily|5S_rRNA|5S_rRNA|5S_rRNA|5S_rRNA|5S_rRNA|5S_rRNA|5S_rRNA|5S_rRNA|5S_rRNA|5S_rRNA|5S_rRNA|5S_rRNA,0.0,0,0.13829377934318673,0.3,1.0,0.4615384615384615,0.6073291109996717,0.0009215959998982726,0.0,0.60825070699957,tRNA
tRNA-tdbD00011792,tRNA,73,rnafm_faiss_guided_k14_lofo,faiss,1,consensus,0,14,5S_rRNA|5S_rRNA|5S_rRNA|5S_rRNA|5S_rRNA|5S_rRNA|5S_rRNA|5S_rRNA|RfamFamily|5S_rRNA|5S_rRNA|5S_rRNA|5S_rRNA|5S_rRNA,0.0,0,0.16743859878592077,0.3333333333333333,0.3888888888888889,0.358974358974359,0.5860780570001225,0.0009682619993327535,0.0,0.5870463189994553,tRNA
tRNA-tdbD00006987,tRNA,74,rnafm_faiss_guided_k14_lofo,faiss,1,consensus,0,14,RfamFamily|5S_rRNA|5S_rRNA|5S_rRNA|5S_rRNA|5S_rRNA|5S_rRNA|5S_rRNA|5S_rRNA|5S_rRNA|5S_rRNA|5S_rRNA|5S_rRNA|5S_rRNA,0.0,0,0.13286618693032745,0.35,1.0,0.5185185185185185,0.6308893779996652,0.0008967989997472614,0.0,0.6317861769994124,tRNA
tRNA-tdbD00011654,tRNA,73,rnafm_faiss_guided_k14_lofo,faiss,1,consensus,0,14,RfamFamily|5S_rRNA|5S_rRNA|5S_rRNA|5S_rRNA|RfamFamily|5S_rRNA|5S_rRNA|5S_rRNA|5S_rRNA|5S_rRNA|5S_rRNA|5S_rRNA|5S_rRNA,0.0,0,0.16268545432638454,0.3333333333333333,0.3684210526315789,0.35,0.5771826400005011,0.000784464000389562,0.0,0.5779671040008907,tRNA
tRNA-tdbD00009291,tRNA,72,rnafm_faiss_guided_k14_lofo,faiss,1,consensus,0,14,RfamFamily|5S_rRNA|5S_rRNA|5S_rRNA|RfamFamily|5S_rRNA|5S_rRNA|5S_rRNA|5S_rRNA|5S_rRNA|5S_rRNA|5S_rRNA|5S_rRNA|5S_rRNA,0.0,0,0.12045047781429367,0.2857142857142857,0.6,0.3870967741935483,0.41066561800016643,0.00082183900030941,0.0,0.41148745700047584,tRNA
tRNA-tdbD00008954,tRNA,72,rnafm_faiss_guided_k14_lofo,faiss,1,consensus,0,14,RfamFamily|RfamFamily|5S_rRNA|5S_rRNA|5S_rRNA|5S_rRNA|5S_rRNA|5S_rRNA|5S_rRNA|5S_rRNA|5S_rRNA|5S_rRNA|5S_rRNA|5S_rRNA,0.0,0,0.11973038934437709,0.2857142857142857,0.6,0.3870967741935483,0.4028157190005004,0.0007688440000492847,0.0,0.4035845630005497,tRNA
tRNA-tdbD00010758,tRNA,73,rnafm_faiss_guided_k14_lofo,faiss,1,consensus,0,14,5S_rRNA|5S_rRNA|RfamFamily|5S_rRNA|5S_rRNA|5S_rRNA|5S_rRNA|5S_rRNA|RfamFamily|5S_rRNA|5S_rRNA|5S_rRNA|5S_rRNA|5S_rRNA,0.0,0,0.13994249160852243,0.35,0.5,0.4117647058823529,0.42818883299969457,0.0007900889995653415,0.0,0.4289789219992599,tRNA
tRNA-tdbD00008444,tRNA,77,rnafm_faiss_guided_k14_lofo,faiss,1,consensus,0,14,5S_rRNA|5S_rRNA|5S_rRNA|5S_rRNA|RfamFamily|5S_rRNA|5S_rRNA|5S_rRNA|5S_rRNA|5S_rRNA|5S_rRNA|5S_rRNA|RfamFamily|5S_rRNA,0.0,0,0.1296648402646299,0.3333333333333333,1.0,0.5,0.43504151399974944,0.0007919580002635485,0.0,0.435833472000013,tRNA
tRNA-tdbD00011599,tRNA,84,rnafm_faiss_guided_k14_lofo,faiss,1,consensus,0,14,RfamFamily|5S_rRNA|5S_rRNA|5S_rRNA|5S_rRNA|5S_rRNA|5S_rRNA|RfamFamily|5S_rRNA|5S_rRNA|5S_rRNA|5S_rRNA|5S_rRNA|5S_rRNA,0.0,0,0.14942689916811974,0.30434782608695654,0.4666666666666667,0.3684210526315789,0.46064901299996563,0.000800277000053029,0.0,0.46144929000001866,tRNA
tRNA-tdbD00007457,tRNA,72,rnafm_faiss_guided_k14_lofo,faiss,1,consensus,0,14,5S_rRNA|5S_rRNA|5S_rRNA|5S_rRNA|RfamFamily|5S_rRNA|5S_rRNA|5S_rRNA|5S_rRNA|5S_rRNA|5S_rRNA|5S_rRNA|5S_rRNA|5S_rRNA,0.0,0,0.16984472433188075,0.35,1.0,0.5185185185185185,0.42657443400003103,0.0008506289996148553,0.0,0.4274250629996459,tRNA
tRNA-tdbD00005800,tRNA,76,rnafm_faiss_guided_k14_lofo,faiss,1,consensus,0,14,RfamFamily|5S_rRNA|RfamFamily|5S_rRNA|5S_rRNA|5S_rRNA|5S_rRNA|5S_rRNA|5S_rRNA|5S_rRNA|5S_rRNA|5S_rRNA|5S_rRNA|5S_rRNA,0.0,0,0.12269564731992866,0.36363636363636365,0.47058823529411764,0.41025641025641024,0.4230964620001032,0.0008111189999908675,0.0,0.42390758100009407,tRNA
tRNA-tdbD00008971,tRNA,72,rnafm_faiss_guided_k14_lofo,faiss,1,consensus,0,14,5S_rRNA|5S_rRNA|5S_rRNA|5S_rRNA|RfamFamily|5S_rRNA|5S_rRNA|5S_rRNA|5S_rRNA|5S_rRNA|5S_rRNA|5S_rRNA|RfamFamily|5S_rRNA,0.0,0,0.1274130688548598,0.3,0.6,0.4,0.4187455230003252,0.0007774280002195155,0.0,0.4195229510005447,tRNA
tRNA-tdbD00003429,tRNA,77,rnafm_faiss_guided_k14_lofo,faiss,1,consensus,0,14,RfamFamily|5S_rRNA|5S_rRNA|5S_rRNA|5S_rRNA|5S_rRNA|5S_rRNA|5S_rRNA|5S_rRNA|5S_rRNA|RfamFamily|5S_rRNA|5S_rRNA|5S_rRNA,0.0,0,0.1756168704010545,0.3,0.42857142857142855,0.3529411764705882,0.4275486110000202,0.0007939729994177469,0.0,0.4283425839994379,tRNA
tRNA-tdbD00010179,tRNA,92,rnafm_faiss_guided_k14_lofo,faiss,1,consensus,0,14,RfamFamily|5S_rRNA|5S_rRNA|5S_rRNA|5S_rRNA|5S_rRNA|5S_rRNA|5S_rRNA|5S_rRNA|5S_rRNA|5S_rRNA|5S_rRNA|5S_rRNA|5S_rRNA,0.0,0,0.1373511856379989,0.14814814814814814,0.2857142857142857,0.1951219512195122,0.49829225499979657,0.0008023680002224864,0.0,0.49909462300001906,tRNA
tRNA-tdbD00008688,tRNA,75,rnafm_faiss_guided_k14_lofo,faiss,1,consensus,0,14,RfamFamily|5S_rRNA|5S_rRNA|5S_rRNA|5S_rRNA|5S_rRNA|RfamFamily|5S_rRNA|5S_rRNA|5S_rRNA|5S_rRNA|5S_rRNA|5S_rRNA|5S_rRNA,0.0,0,0.1457453739855746,0.3,0.25,0.2727272727272727,0.41783498099994176,0.0008077410002442775,0.0,0.41864272200018604,tRNA
tRNA-tdbD00007130,tRNA,84,rnafm_faiss_guided_k14_lofo,faiss,1,consensus,0,14,RfamFamily|RfamFamily|5S_rRNA|5S_rRNA|5S_rRNA|5S_rRNA|5S_rRNA|5S_rRNA|5S_rRNA|5S_rRNA|5S_rRNA|5S_rRNA|5S_rRNA|5S_rRNA,0.0,0,0.13283059438641615,0.28,0.30434782608695654,0.2916666666666667,0.4494997809997585,0.0007785300003888551,0.0,0.45027831100014737,tRNA
tRNA-tdbD00004761,tRNA,75,rnafm_faiss_guided_k14_lofo,faiss,1,consensus,0,14,RfamFamily|RfamFamily|5S_rRNA|5S_rRNA|5S_rRNA|5S_rRNA|5S_rRNA|5S_rRNA|5S_rRNA|5S_rRNA|5S_rRNA|5S_rRNA|5S_rRNA|5S_rRNA,0.0,0,0.11738081895531056,0.2857142857142857,0.3333333333333333,0.30769230769230765,0.4395131820001552,0.0007875139999669045,0.0,0.4403006960001221,tRNA
tRNA-tdbD00011902,tRNA,72,rnafm_faiss_guided_k14_lofo,faiss,1,consensus,0,14,RfamFamily|RfamFamily|5S_rRNA|5S_rRNA|5S_rRNA|5S_rRNA|5S_rRNA|5S_rRNA|5S_rRNA|5S_rRNA|5S_rRNA|5S_rRNA|5S_rRNA|5S_rRNA,0.0,0,0.11220602227912942,0.2857142857142857,0.35294117647058826,0.31578947368421056,0.4658125800006019,0.0009005009997054003,0.0,0.4667130810003073,tRNA
tRNA-tdbD00009555,tRNA,73,rnafm_faiss_guided_k14_lofo,faiss,1,consensus,0,14,RfamFamily|5S_rRNA|5S_rRNA|5S_rRNA|5S_rRNA|5S_rRNA|5S_rRNA|5S_rRNA|5S_rRNA|RfamFamily|5S_rRNA|5S_rRNA|5S_rRNA|5S_rRNA,0.0,0,0.17246787323371332,0.3333333333333333,0.3333333333333333,0.3333333333333333,0.46912636999968527,0.0007773010001983494,0.0,0.4699036709998836,tRNA
tRNA-tdbD00010166,tRNA,90,rnafm_faiss_guided_k14_lofo,faiss,1,consensus,0,14,5S_rRNA|5S_rRNA|5S_rRNA|5S_rRNA|5S_rRNA|5S_rRNA|5S_rRNA|5S_rRNA|5S_rRNA|5S_rRNA|5S_rRNA|5S_rRNA|RfamFamily|5S_rRNA,0.0,0,0.15219693194738632,0.25925925925925924,1.0,0.4117647058823529,0.48515405600028316,0.0007859449997340562,0.0,0.4859400010000172,tRNA
tRNA-tdbR00000292-Haloferax_volcanii-2246-Asn-GUU,tRNA,76,rnafm_faiss_guided_k14_lofo,faiss,1,consensus,0,14,RfamFamily|RfamFamily|5S_rRNA|5S_rRNA|5S_rRNA|5S_rRNA|5S_rRNA|5S_rRNA|5S_rRNA|5S_rRNA|5S_rRNA|5S_rRNA|5S_rRNA|5S_rRNA,0.0,0,0.11036592550648419,0.3181818181818182,0.5,0.3888888888888889,0.436539921000076,0.0009968109998226282,0.0,0.4375367319998986,tRNA
tRNA-tdbD00006964,tRNA,85,rnafm_faiss_guided_k14_lofo,faiss,1,consensus,0,14,5S_rRNA|RfamFamily|5S_rRNA|RfamFamily|5S_rRNA|5S_rRNA|5S_rRNA|5S_rRNA|5S_rRNA|5S_rRNA|5S_rRNA|5S_rRNA|5S_rRNA|5S_rRNA,0.0,0,0.13294160543944197,0.30434782608695654,0.3333333333333333,0.31818181818181823,0.4641641320004055,0.0008209609995901701,0.0,0.4649850929999957,tRNA
tRNA-tdbD00004365,tRNA,72,rnafm_faiss_guided_k14_lofo,faiss,1,consensus,0,14,RfamFamily|5S_rRNA|5S_rRNA|5S_rRNA|5S_rRNA|5S_rRNA|5S_rRNA|5S_rRNA|5S_rRNA|RfamFamily|5S_rRNA|5S_rRNA|5S_rRNA|RfamFamily,0.0,0,0.15235307326693967,0.2857142857142857,0.6666666666666666,0.4,0.3936448840004232,0.0007902870001998963,0.0,0.3944351710006231,tRNA
tRNA-tdbD00010088,tRNA,90,rnafm_faiss_guided_k14_lofo,faiss,1,consensus,0,14,RfamFamily|5S_rRNA|RfamFamily|5S_rRNA|5S_rRNA|5S_rRNA|5S_rRNA|5S_rRNA|5S_rRNA|5S_rRNA|5S_rRNA|5S_rRNA|5S_rRNA|5S_rRNA,0.0,0,0.1465746197198608,0.28,0.3888888888888889,0.32558139534883723,0.47980694499983656,0.0007997709999472136,0.0,0.4806067159997838,tRNA
tRNA-tdbD00010162,tRNA,91,rnafm_faiss_guided_k14_lofo,faiss,1,consensus,0,14,RfamFamily|5S_rRNA|RfamFamily|5S_rRNA|5S_rRNA|5S_rRNA|5S_rRNA|5S_rRNA|5S_rRNA|5S_rRNA|5S_rRNA|5S_rRNA|5S_rRNA|5S_rRNA,0.0,0,0.12567560742993666,0.0,0.0,0.0,0.4477921259995128,0.0005528350002350635,0.0,0.44834496099974785,tRNA
tRNA-tdbD00011526,tRNA,76,rnafm_faiss_guided_k14_lofo,faiss,1,consensus,0,14,5S_rRNA|5S_rRNA|5S_rRNA|5S_rRNA|5S_rRNA|5S_rRNA|5S_rRNA|RfamFamily|5S_rRNA|RfamFamily|5S_rRNA|5S_rRNA|5S_rRNA|5S_rRNA,0.0,0,0.14198931207415746,0.3,1.0,0.4615384615384615,0.39821159900020575,0.000780729000325664,0.0,0.3989923280005314,tRNA
tRNA-tdbD00011169,tRNA,72,rnafm_faiss_guided_k14_lofo,faiss,1,consensus,0,14,RfamFamily|5S_rRNA|5S_rRNA|5S_rRNA|5S_rRNA|5S_rRNA|5S_rRNA|5S_rRNA|5S_rRNA|5S_rRNA|5S_rRNA|5S_rRNA|5S_rRNA|5S_rRNA,0.0,0,0.1264611754792773,0.2857142857142857,0.375,0.3243243243243243,0.48055280500011577,0.000891611000042758,0.0,0.4814444160001585,tRNA
tRNA-tdbD00000087,tRNA,75,rnafm_faiss_guided_k14_lofo,faiss,1,consensus,0,14,5S_rRNA|5S_rRNA|5S_rRNA|5S_rRNA|5S_rRNA|5S_rRNA|5S_rRNA|5S_rRNA|5S_rRNA|5S_rRNA|5S_rRNA|5S_rRNA|5S_rRNA|5S_rRNA,0.0,0,0.1436267521458497,0.3,0.3333333333333333,0.3157894736842105,0.627874439000152,0.0008967069998107036,0.0,0.6287711459999628,tRNA
tRNA-tdbD00000025,tRNA,76,rnafm_faiss_guided_k14_lofo,faiss,1,consensus,0,14,5S_rRNA|RfamFamily|5S_rRNA|5S_rRNA|5S_rRNA|5S_rRNA|RfamFamily|5S_rRNA|5S_rRNA|5S_rRNA|5S_rRNA|5S_rRNA|5S_rRNA|5S_rRNA,0.0,0,0.12427146579051347,0.35,0.3333333333333333,0.3414634146341463,0.6111569719996623,0.0008767970002736547,0.0,0.612033768999936,tRNA
tRNA-tdbD00008020,tRNA,72,rnafm_faiss_guided_k14_lofo,faiss,1,consensus,0,14,5S_rRNA|RfamFamily|5S_rRNA|5S_rRNA|5S_rRNA|5S_rRNA|RfamFamily|5S_rRNA|5S_rRNA|5S_rRNA|5S_rRNA|5S_rRNA|5S_rRNA|5S_rRNA,0.0,0,0.14317639424629597,0.2727272727272727,0.5454545454545454,0.3636363636363636,0.5908179909993123,0.0009380470000905916,0.0,0.5917560379994029,tRNA
tRNA-tdbD00001494,tRNA,83,rnafm_faiss_guided_k14_lofo,faiss,1,consensus,0,14,RfamFamily|5S_rRNA|5S_rRNA|RfamFamily|5S_rRNA|5S_rRNA|5S_rRNA|5S_rRNA|5S_rRNA|5S_rRNA|5S_rRNA|5S_rRNA|5S_rRNA|5S_rRNA,0.0,0,0.11059142447332572,0.30434782608695654,0.875,0.4516129032258065,0.6700221070004773,0.0010670149995348766,0.0,0.6710891220000121,tRNA
tRNA-tdbD00011785,tRNA,82,rnafm_faiss_guided_k14_lofo,faiss,1,consensus,0,14,RfamFamily|5S_rRNA|5S_rRNA|5S_rRNA|5S_rRNA|5S_rRNA|5S_rRNA|5S_rRNA|5S_rRNA|5S_rRNA|5S_rRNA|5S_rRNA|5S_rRNA|5S_rRNA,0.0,0,0.16537015026704688,0.30434782608695654,0.5,0.3783783783783784,0.662123495000742,0.0009261479999622679,0.0,0.6630496430007042,tRNA
tRNA-tdbD00002266,tRNA,75,rnafm_faiss_guided_k14_lofo,faiss,1,consensus,0,14,5S_rRNA|5S_rRNA|5S_rRNA|5S_rRNA|5S_rRNA|5S_rRNA|RfamFamily|5S_rRNA|5S_rRNA|5S_rRNA|5S_rRNA|5S_rRNA|5S_rRNA|RfamFamily,0.0,0,0.16052828546275552,0.3157894736842105,0.4,0.35294117647058826,0.6038711789997251,0.0009927579994837288,0.0,0.6048639369992088,tRNA
tRNA-tdbD00001464,tRNA,73,rnafm_faiss_guided_k14_lofo,faiss,1,consensus,0,14,5S_rRNA|5S_rRNA|5S_rRNA|5S_rRNA|5S_rRNA|RfamFamily|5S_rRNA|5S_rRNA|5S_rRNA|5S_rRNA|5S_rRNA|5S_rRNA|RfamFamily|5S_rRNA,0.0,0,0.1511489720067966,0.3333333333333333,0.4666666666666667,0.3888888888888889,0.6055106510002588,0.00171574099931604,0.0,0.6072263919995748,tRNA
tRNA-tdbD00005610,tRNA,72,rnafm_faiss_guided_k14_lofo,faiss,1,consensus,0,14,RfamFamily|5S_rRNA|5S_rRNA|5S_rRNA|RfamFamily|5S_rRNA|5S_rRNA|5S_rRNA|5S_rRNA|5S_rRNA|5S_rRNA|5S_rRNA|5S_rRNA|5S_rRNA,0.0,0,0.17686098288244193,0.2857142857142857,0.4,0.3333333333333333,0.6473576260004847,0.0009396739997100667,0.0,0.6482973000001948,tRNA
tRNA-tdbD00009525,tRNA,73,rnafm_faiss_guided_k14_lofo,faiss,1,consensus,0,14,RfamFamily|5S_rRNA|5S_rRNA|5S_rRNA|RfamFamily|5S_rRNA|5S_rRNA|5S_rRNA|5S_rRNA|5S_rRNA|5S_rRNA|5S_rRNA|5S_rRNA|5S_rRNA,0.0,0,0.17602205203674745,0.3157894736842105,1.0,0.4799999999999999,0.48121227200044814,0.0007590430004711379,0.0,0.4819713150009193,tRNA
tRNA-tdbD00007587,tRNA,74,rnafm_faiss_guided_k14_lofo,faiss,1,consensus,0,14,5S_rRNA|5S_rRNA|5S_rRNA|RfamFamily|RfamFamily|5S_rRNA|5S_rRNA|5S_rRNA|5S_rRNA|5S_rRNA|5S_rRNA|5S_rRNA|5S_rRNA|5S_rRNA,0.0,0,0.15973644848458207,0.3333333333333333,0.4117647058823529,0.36842105263157887,0.4522049200004403,0.0010294510002495372,0.0,0.45323437100068986,tRNA
tRNA-tdbD00008108,tRNA,77,rnafm_faiss_guided_k14_lofo,faiss,1,consensus,0,14,5S_rRNA|5S_rRNA|5S_rRNA|RfamFamily|5S_rRNA|RfamFamily|5S_rRNA|5S_rRNA|5S_rRNA|5S_rRNA|5S_rRNA|5S_rRNA|5S_rRNA|5S_rRNA,0.0,0,0.12047318554119824,0.3333333333333333,0.3888888888888889,0.358974358974359,0.5662028589995316,0.0008733180002309382,0.0,0.5670761769997625,tRNA
tRNA-tdbD00011175,tRNA,75,rnafm_faiss_guided_k14_lofo,faiss,1,consensus,0,14,5S_rRNA|5S_rRNA|5S_rRNA|5S_rRNA|5S_rRNA|5S_rRNA|5S_rRNA|5S_rRNA|5S_rRNA|5S_rRNA|RfamFamily|5S_rRNA|RfamFamily|5S_rRNA,0.0,0,0.12256327914891098,0.2857142857142857,0.35294117647058826,0.31578947368421056,0.46570464200067363,0.0011136200000692043,0.0,0.46681826200074283,tRNA
tRNA-tdbD00009351,tRNA,77,rnafm_faiss_guided_k14_lofo,faiss,1,consensus,0,14,RfamFamily|5S_rRNA|RfamFamily|SRP|5S_rRNA|SRP|group_I_intron|group_I_intron|group_I_intron|RfamFamily|RfamFamily|RfamFamily|RfamFamily|RfamFamily,0.0,0,0.14834935027948687,0.8181818181818182,0.72,0.7659574468085107,0.4779034519997367,0.0008701560000190511,0.0,0.47877360799975577,tRNA
tRNA-tdbD00004537,tRNA,74,rnafm_faiss_guided_k14_lofo,faiss,1,consensus,0,14,5S_rRNA|5S_rRNA|5S_rRNA|RfamFamily|5S_rRNA|5S_rRNA|5S_rRNA|RfamFamily|5S_rRNA|5S_rRNA|5S_rRNA|5S_rRNA|5S_rRNA|5S_rRNA,0.0,0,0.11623460087254452,0.3333333333333333,0.35,0.3414634146341463,0.44242310200024804,0.0007789169994794065,0.0,0.44320201899972744,tRNA
tRNA-tdbD00004120,tRNA,73,rnafm_faiss_guided_k14_lofo,faiss,1,consensus,0,14,RfamFamily|5S_rRNA|5S_rRNA|5S_rRNA|5S_rRNA|5S_rRNA|5S_rRNA|5S_rRNA|5S_rRNA|5S_rRNA|5S_rRNA|RfamFamily|RfamFamily|5S_rRNA,0.0,0,0.13064961093097743,0.3333333333333333,0.3333333333333333,0.3333333333333333,0.45684944600088784,0.0007930550000310177,0.0,0.45764250100091886,tRNA
tRNA-tdbD00011632,tRNA,78,rnafm_faiss_guided_k14_lofo,faiss,1,consensus,0,14,RfamFamily|5S_rRNA|5S_rRNA|5S_rRNA|5S_rRNA|5S_rRNA|5S_rRNA|5S_rRNA|tmRNA|RfamFamily|5S_rRNA|RfamFamily|5S_rRNA|group_I_intron,0.0,0,0.09148074443339702,0.35,0.35,0.35,0.44888313299998117,0.0008728939992579399,0.0,0.4497560269992391,tRNA
tRNA-tdbD00009233,tRNA,77,rnafm_faiss_guided_k14_lofo,faiss,1,consensus,0,14,5S_rRNA|RfamFamily|5S_rRNA|RfamFamily|5S_rRNA|5S_rRNA|5S_rRNA|5S_rRNA|5S_rRNA|5S_rRNA|5S_rRNA|5S_rRNA|5S_rRNA|5S_rRNA,0.0,0,0.12260769659094763,0.3333333333333333,1.0,0.5,0.48210383700006787,0.0007771489999868209,0.0,0.4828809860000547,tRNA
tRNA-tdbD00011334,tRNA,73,rnafm_faiss_guided_k14_lofo,faiss,1,consensus,0,14,5S_rRNA|5S_rRNA|5S_rRNA|5S_rRNA|5S_rRNA|RfamFamily|5S_rRNA|5S_rRNA|5S_rRNA|5S_rRNA|5S_rRNA|5S_rRNA|5S_rRNA|5S_rRNA,0.0,0,0.1318362867989056,0.3333333333333333,0.30434782608695654,0.31818181818181823,0.43829961599931266,0.0007768279992887983,0.0,0.43907644399860146,tRNA
tRNA-tdbD00005590,tRNA,76,rnafm_faiss_guided_k14_lofo,faiss,1,consensus,0,14,RfamFamily|5S_rRNA|5S_rRNA|5S_rRNA|5S_rRNA|5S_rRNA|5S_rRNA|5S_rRNA|5S_rRNA|5S_rRNA|RfamFamily|5S_rRNA|5S_rRNA|5S_rRNA,0.0,0,0.12068908184784236,0.3333333333333333,0.3888888888888889,0.358974358974359,0.4581460439994771,0.0008032929999899352,0.0,0.45894933699946705,tRNA
tRNA-tdbD00008397,tRNA,77,rnafm_faiss_guided_k14_lofo,faiss,1,consensus,0,14,5S_rRNA|5S_rRNA|RfamFamily|5S_rRNA|5S_rRNA|RfamFamily|5S_rRNA|5S_rRNA|5S_rRNA|5S_rRNA|5S_rRNA|5S_rRNA|5S_rRNA|5S_rRNA,0.0,0,0.13040976493555506,0.3333333333333333,0.5,0.4,0.46408543400048075,0.0007654430000911816,0.0,0.4648508770005719,tRNA
tRNA-tdbD00003769,tRNA,76,rnafm_faiss_guided_k14_lofo,faiss,1,consensus,0,14,5S_rRNA|RfamFamily|5S_rRNA|5S_rRNA|5S_rRNA|RfamFamily|5S_rRNA|5S_rRNA|5S_rRNA|5S_rRNA|5S_rRNA|5S_rRNA|5S_rRNA|5S_rRNA,0.0,0,0.11844609994572827,0.3333333333333333,0.3333333333333333,0.3333333333333333,0.45456384800036176,0.000793702999544621,0.0,0.4553575509999064,tRNA
tRNA-tdbD00008907,tRNA,77,rnafm_faiss_guided_k14_lofo,faiss,1,consensus,0,14,RfamFamily|RfamFamily|5S_rRNA|5S_rRNA|5S_rRNA|5S_rRNA|5S_rRNA|5S_rRNA|5S_rRNA|5S_rRNA|5S_rRNA|5S_rRNA|5S_rRNA|5S_rRNA,0.0,0,0.11184268880279269,0.35,1.0,0.5185185185185185,0.4773559560007925,0.0007965060003698454,0.0,0.47815246200116235,tRNA
tRNA-tdbD00006981,tRNA,83,rnafm_faiss_guided_k14_lofo,faiss,1,consensus,0,14,5S_rRNA|5S_rRNA|RfamFamily|5S_rRNA|5S_rRNA|5S_rRNA|5S_rRNA|5S_rRNA|5S_rRNA|5S_rRNA|5S_rRNA|5S_rRNA|5S_rRNA|5S_rRNA,0.0,0,0.1316221264894251,0.30434782608695654,0.6363636363636364,0.411764705882353,0.48352348000025813,0.0007797099997333135,0.0,0.48430318999999145,tRNA
tRNA-tdbD00010597,tRNA,77,rnafm_faiss_guided_k14_lofo,faiss,1,consensus,0,14,RfamFamily|5S_rRNA|5S_rRNA|5S_rRNA|5S_rRNA|5S_rRNA|RfamFamily|5S_rRNA|5S_rRNA|5S_rRNA|RfamFamily|5S_rRNA|5S_rRNA|5S_rRNA,0.0,0,0.14015324944903157,0.3684210526315789,1.0,0.5384615384615384,0.4771270639994327,0.000791939999544411,0.0,0.47791900399897713,tRNA
tRNA-tdbD00000664,tRNA,72,rnafm_faiss_guided_k14_lofo,faiss,1,consensus,0,14,RfamFamily|5S_rRNA|5S_rRNA|5S_rRNA|5S_rRNA|5S_rRNA|5S_rRNA|5S_rRNA|5S_rRNA|5S_rRNA|RfamFamily|5S_rRNA|RfamFamily|5S_rRNA,0.0,0,0.15275622650823045,0.2857142857142857,0.42857142857142855,0.34285714285714286,0.4275537829998939,0.0008439949997409713,0.0,0.42839777799963485,tRNA
tRNA-tdbD00005780,tRNA,75,rnafm_faiss_guided_k14_lofo,faiss,1,consensus,0,14,RfamFamily|5S_rRNA|RfamFamily|5S_rRNA|5S_rRNA|5S_rRNA|5S_rRNA|5S_rRNA|5S_rRNA|5S_rRNA|5S_rRNA|5S_rRNA|5S_rRNA|5S_rRNA,0.0,0,0.12157502035824905,0.36363636363636365,0.5333333333333333,0.43243243243243246,0.4630075039995063,0.0008222200003729085,0.0,0.4638297239998792,tRNA
tRNA-tdbD00010425,tRNA,75,rnafm_faiss_guided_k14_lofo,faiss,1,consensus,0,14,5S_rRNA|5S_rRNA|5S_rRNA|5S_rRNA|5S_rRNA|5S_rRNA|RfamFamily|5S_rRNA|RfamFamily|5S_rRNA|5S_rRNA|5S_rRNA|5S_rRNA|5S_rRNA,0.0,0,0.12897981618883506,0.2857142857142857,0.46153846153846156,0.35294117647058826,0.44623768299970834,0.0008472039999105618,0.0,0.4470848869996189,tRNA
tRNA-tdbR00000350-Haloferax_volcanii-2246-Arg-GCG,tRNA,76,rnafm_faiss_guided_k14_lofo,faiss,1,consensus,0,14,RfamFamily|RfamFamily|5S_rRNA|5S_rRNA|5S_rRNA|5S_rRNA|5S_rRNA|5S_rRNA|5S_rRNA|5S_rRNA|5S_rRNA|5S_rRNA|5S_rRNA|5S_rRNA,0.0,0,0.11980843997113522,0.3333333333333333,1.0,0.5,0.4421977299998616,0.0005636500000036904,0.0,0.4427613799998653,tRNA
tRNA-tdbD00009649,tRNA,89,rnafm_faiss_guided_k14_lofo,faiss,1,consensus,0,14,RfamFamily|RfamFamily|5S_rRNA|5S_rRNA|5S_rRNA|5S_rRNA|5S_rRNA|5S_rRNA|5S_rRNA|5S_rRNA|5S_rRNA|5S_rRNA|5S_rRNA|5S_rRNA,0.0,0,0.12921377087223324,0.39285714285714285,0.6111111111111112,0.4782608695652174,0.47549951199926,0.0005657780002366053,0.0,0.4760652899994966,tRNA
tRNA-tdbD00006769,tRNA,71,rnafm_faiss_guided_k14_lofo,faiss,1,consensus,0,14,5S_rRNA|5S_rRNA|5S_rRNA|5S_rRNA|RfamFamily|5S_rRNA|5S_rRNA|5S_rRNA|5S_rRNA|RfamFamily|5S_rRNA|5S_rRNA|5S_rRNA|5S_rRNA,0.0,0,0.14764322173119643,0.0,0.0,0.0,0.4639275399995313,0.0006541410002682824,0.0,0.4645816809997996,tRNA
tRNA-tdbD00003902,tRNA,72,rnafm_faiss_guided_k14_lofo,faiss,1,consensus,0,14,RfamFamily|5S_rRNA|5S_rRNA|5S_rRNA|RfamFamily|5S_rRNA|5S_rRNA|5S_rRNA|5S_rRNA|5S_rRNA|5S_rRNA|5S_rRNA|5S_rRNA|5S_rRNA,0.0,0,0.12743398126847777,0.2727272727272727,0.3333333333333333,0.3,0.6160624869999083,0.0007553679997727158,0.0,0.616817854999681,tRNA
tRNA-tdbD00003523,tRNA,84,rnafm_faiss_guided_k14_lofo,faiss,1,consensus,0,14,RfamFamily|5S_rRNA|5S_rRNA|5S_rRNA|5S_rRNA|5S_rRNA|5S_rRNA|5S_rRNA|5S_rRNA|SRP|5S_rRNA|5S_rRNA|RfamFamily|5S_rRNA,0.0,0,0.1337338441366677,0.2916666666666667,0.7,0.4117647058823529,0.8126291420003326,0.0006803380001656478,0.0,0.8133094800004983,tRNA
tRNA-tdbD00008636,tRNA,75,rnafm_faiss_guided_k14_lofo,faiss,1,consensus,0,14,5S_rRNA|5S_rRNA|5S_rRNA|5S_rRNA|5S_rRNA|5S_rRNA|5S_rRNA|5S_rRNA|RfamFamily|5S_rRNA|5S_rRNA|5S_rRNA|5S_rRNA|5S_rRNA,0.0,0,0.13848301677218441,0.2857142857142857,0.3157894736842105,0.3,0.6232531890000246,0.0006914379991940223,0.0,0.6239446269992186,tRNA
tRNA-tdbD00008979,tRNA,74,rnafm_faiss_guided_k14_lofo,faiss,1,consensus,0,14,5S_rRNA|5S_rRNA|5S_rRNA|5S_rRNA|RfamFamily|5S_rRNA|5S_rRNA|RfamFamily|5S_rRNA|5S_rRNA|5S_rRNA|5S_rRNA|5S_rRNA|5S_rRNA,0.0,0,0.12748915651643614,0.3333333333333333,1.0,0.5,0.6139625659998273,0.0009004230005302816,0.0,0.6148629890003576,tRNA
tRNA-tdbD00007335,tRNA,77,rnafm_faiss_guided_k14_lofo,faiss,1,consensus,0,14,5S_rRNA|5S_rRNA|5S_rRNA|5S_rRNA|5S_rRNA|5S_rRNA|5S_rRNA|5S_rRNA|RfamFamily|RfamFamily|5S_rRNA|5S_rRNA|5S_rRNA|5S_rRNA,0.0,0,0.1607896715328452,0.3333333333333333,1.0,0.5,0.6731378069998755,0.0009168020005745348,0.0,0.67405460900045,tRNA
tRNA-tdbD00010870,tRNA,76,rnafm_faiss_guided_k14_lofo,faiss,1,consensus,0,14,5S_rRNA|5S_rRNA|5S_rRNA|5S_rRNA|5S_rRNA|5S_rRNA|5S_rRNA|5S_rRNA|5S_rRNA|5S_rRNA|5S_rRNA|5S_rRNA|RfamFamily|5S_rRNA,0.0,0,0.16230664223757185,0.3181818181818182,0.3684210526315789,0.3414634146341463,0.646509758999855,0.0008740789999137633,0.0,0.6473838379997687,tRNA
tRNA-tdbD00005723,tRNA,71,rnafm_faiss_guided_k14_lofo,faiss,1,consensus,0,14,RfamFamily|5S_rRNA|5S_rRNA|5S_rRNA|5S_rRNA|5S_rRNA|5S_rRNA|5S_rRNA|5S_rRNA|5S_rRNA|5S_rRNA|5S_rRNA|5S_rRNA|5S_rRNA,0.0,0,0.1574416522622421,0.2857142857142857,0.375,0.3243243243243243,0.6308340690002296,0.0010458299993842957,0.0,0.6318798989996139,tRNA
tRNA-tdbD00005882,tRNA,74,rnafm_faiss_guided_k14_lofo,faiss,1,consensus,0,14,5S_rRNA|5S_rRNA|5S_rRNA|5S_rRNA|5S_rRNA|5S_rRNA|5S_rRNA|5S_rRNA|5S_rRNA|5S_rRNA|5S_rRNA|5S_rRNA|RfamFamily|5S_rRNA,0.0,0,0.15271499640783245,0.3333333333333333,1.0,0.5,0.6368861880000622,0.0009465100001762039,0.0,0.6378326980002385,tRNA
tRNA-tdbD00005733,tRNA,74,rnafm_faiss_guided_k14_lofo,faiss,1,consensus,0,14,RfamFamily|RfamFamily|5S_rRNA|RfamFamily|5S_rRNA|5S_rRNA|5S_rRNA|5S_rRNA|5S_rRNA|5S_rRNA|5S_rRNA|5S_rRNA|5S_rRNA|5S_rRNA,0.0,0,0.12186125209117649,0.36363636363636365,0.47058823529411764,0.41025641025641024,0.5090833949998341,0.0007433380005750223,0.0,0.5098267330004091,tRNA
tRNA-tdbD00010246,tRNA,82,rnafm_faiss_guided_k14_lofo,faiss,1,consensus,0,14,5S_rRNA|5S_rRNA|5S_rRNA|5S_rRNA|5S_rRNA|5S_rRNA|5S_rRNA|5S_rRNA|5S_rRNA|5S_rRNA|5S_rRNA|5S_rRNA|5S_rRNA|5S_rRNA,0.0,0,0.16320717693167236,0.2608695652173913,0.42857142857142855,0.3243243243243243,0.4801801040002829,0.0007792859996698098,0.0,0.4809593899999527,tRNA
tRNA-tdbD00011176,tRNA,75,rnafm_faiss_guided_k14_lofo,faiss,1,consensus,0,14,5S_rRNA|RfamFamily|5S_rRNA|5S_rRNA|5S_rRNA|5S_rRNA|5S_rRNA|5S_rRNA|5S_rRNA|5S_rRNA|5S_rRNA|5S_rRNA|RfamFamily|5S_rRNA,0.0,0,0.12964762346057873,0.2857142857142857,0.5454545454545454,0.37499999999999994,0.46745229299995117,0.0007807510000930051,0.0,0.4682330440000442,tRNA
tRNA-tdbD00005350,tRNA,71,rnafm_faiss_guided_k14_lofo,faiss,1,consensus,0,14,RfamFamily|5S_rRNA|5S_rRNA|5S_rRNA|5S_rRNA|5S_rRNA|5S_rRNA|5S_rRNA|5S_rRNA|RfamFamily|5S_rRNA|5S_rRNA|5S_rRNA|5S_rRNA,0.0,0,0.12604622955917294,0.22727272727272727,0.3125,0.2631578947368421,0.4388154529997337,0.0008495860001858091,0.0,0.4396650389999195,tRNA
tRNA-tdbD00007702,tRNA,74,rnafm_faiss_guided_k14_lofo,faiss,1,consensus,0,14,5S_rRNA|5S_rRNA|5S_rRNA|5S_rRNA|5S_rRNA|5S_rRNA|5S_rRNA|5S_rRNA|5S_rRNA|5S_rRNA|5S_rRNA|RfamFamily|5S_rRNA|5S_rRNA,0.0,0,0.1501615753235356,0.3333333333333333,0.875,0.48275862068965514,0.4611948920000941,0.000967791000221041,0.0,0.46216268300031516,tRNA
tRNA-tdbD00009712,tRNA,89,rnafm_faiss_guided_k14_lofo,faiss,1,consensus,0,14,RfamFamily|5S_rRNA|RfamFamily|5S_rRNA|5S_rRNA|5S_rRNA|5S_rRNA|5S_rRNA|5S_rRNA|5S_rRNA|5S_rRNA|5S_rRNA|5S_rRNA|5S_rRNA,0.0,0,0.12801757997917673,0.4074074074074074,0.8461538461538461,0.5499999999999999,0.5240327359997536,0.000780403999669943,0.0,0.5248131399994236,tRNA
tRNA-tdbD00003683,tRNA,73,rnafm_faiss_guided_k14_lofo,faiss,1,consensus,0,14,5S_rRNA|5S_rRNA|5S_rRNA|5S_rRNA|5S_rRNA|5S_rRNA|5S_rRNA|RfamFamily|5S_rRNA|5S_rRNA|5S_rRNA|5S_rRNA|5S_rRNA|5S_rRNA,0.0,0,0.12998774280756273,0.3333333333333333,0.3181818181818182,0.3255813953488372,0.45702807500038034,0.0008087340002020937,0.0,0.45783680900058243,tRNA
tRNA-tdbD00006676,tRNA,87,rnafm_faiss_guided_k14_lofo,faiss,1,consensus,0,14,RfamFamily|5S_rRNA|5S_rRNA|5S_rRNA|5S_rRNA|5S_rRNA|5S_rRNA|5S_rRNA|5S_rRNA|5S_rRNA|RfamFamily|5S_rRNA|5S_rRNA|5S_rRNA,0.0,0,0.11138619865535812,0.2916666666666667,1.0,0.45161290322580644,0.5284424239998771,0.0007975669996085344,0.0,0.5292399909994856,tRNA
tRNA-tdbD00009976,tRNA,89,rnafm_faiss_guided_k14_lofo,faiss,1,consensus,0,14,RfamFamily|5S_rRNA|5S_rRNA|5S_rRNA|5S_rRNA|5S_rRNA|5S_rRNA|5S_rRNA|5S_rRNA|5S_rRNA|5S_rRNA|5S_rRNA|5S_rRNA|5S_rRNA,0.0,0,0.13891509282295955,0.39285714285714285,0.6875,0.5,0.5250552629995582,0.0008005139998203958,0.0,0.5258557769993786,tRNA
tRNA-tdbD00002577,tRNA,73,rnafm_faiss_guided_k14_lofo,faiss,1,consensus,0,14,RfamFamily|5S_rRNA|5S_rRNA|5S_rRNA|5S_rRNA|RfamFamily|5S_rRNA|5S_rRNA|5S_rRNA|5S_rRNA|5S_rRNA|5S_rRNA|5S_rRNA|5S_rRNA,0.0,0,0.14107668556895464,0.3157894736842105,1.0,0.4799999999999999,0.4614095039996755,0.000800268000602955,0.0,0.46220977200027846,tRNA
tRNA-tdbD00004105,tRNA,72,rnafm_faiss_guided_k14_lofo,faiss,1,consensus,0,14,RfamFamily|5S_rRNA|5S_rRNA|5S_rRNA|5S_rRNA|5S_rRNA|5S_rRNA|RfamFamily|5S_rRNA|5S_rRNA|5S_rRNA|5S_rRNA|5S_rRNA|5S_rRNA,0.0,0,0.12971218487018552,0.2857142857142857,0.4,0.3333333333333333,0.44392377199983457,0.0007723930002612178,0.0,0.4446961650000958,tRNA
tRNA-tdbD00005764,tRNA,77,rnafm_faiss_guided_k14_lofo,faiss,1,consensus,0,14,RfamFamily|5S_rRNA|5S_rRNA|5S_rRNA|5S_rRNA|5S_rRNA|RfamFamily|5S_rRNA|5S_rRNA|5S_rRNA|5S_rRNA|5S_rRNA|5S_rRNA|5S_rRNA,0.0,0,0.1402657387622609,0.38095238095238093,0.4,0.3902439024390244,0.48629137899933994,0.0008400110000366112,0.0,0.48713138999937655,tRNA
tRNA-tdbD00012055,tRNA,75,rnafm_faiss_guided_k14_lofo,faiss,1,consensus,0,14,RfamFamily|RfamFamily|5S_rRNA|5S_rRNA|5S_rRNA|5S_rRNA|5S_rRNA|5S_rRNA|5S_rRNA|5S_rRNA|5S_rRNA|5S_rRNA|5S_rRNA|5S_rRNA,0.0,0,0.10670916497265989,0.3181818181818182,0.4375,0.3684210526315789,0.5240094299997509,0.0006949079997866647,0.0,0.5247043379995375,tRNA
tRNA-tdbD00007901,tRNA,73,rnafm_faiss_guided_k14_lofo,faiss,1,consensus,0,14,5S_rRNA|5S_rRNA|5S_rRNA|5S_rRNA|5S_rRNA|5S_rRNA|5S_rRNA|5S_rRNA|5S_rRNA|5S_rRNA|5S_rRNA|5S_rRNA|5S_rRNA|5S_rRNA,0.0,0,0.17562577085629275,0.3333333333333333,1.0,0.5,0.4735559229993669,0.0007442959995387355,0.0,0.4743002189989056,tRNA
tRNA-tdbD00005743,tRNA,78,rnafm_faiss_guided_k14_lofo,faiss,1,consensus,0,14,RfamFamily|RfamFamily|5S_rRNA|5S_rRNA|5S_rRNA|5S_rRNA|5S_rRNA|5S_rRNA|5S_rRNA|5S_rRNA|5S_rRNA|5S_rRNA|5S_rRNA|5S_rRNA,0.0,0,0.11956306007711967,0.36363636363636365,0.5,0.4210526315789474,0.4576076050007032,0.0008116529998005717,0.0,0.45841925800050376,tRNA
tRNA-tdbD00010761,tRNA,76,rnafm_faiss_guided_k14_lofo,faiss,1,consensus,0,14,5S_rRNA|5S_rRNA|5S_rRNA|5S_rRNA|5S_rRNA|RfamFamily|5S_rRNA|5S_rRNA|5S_rRNA|5S_rRNA|5S_rRNA|5S_rRNA|5S_rRNA|5S_rRNA,0.0,0,0.14568349278313095,0.35,0.5384615384615384,0.4242424242424242,0.4692583360001663,0.0007596440000270377,0.0,0.47001798000019335,tRNA
tRNA-tdbD00008449,tRNA,72,rnafm_faiss_guided_k14_lofo,faiss,1,consensus,0,14,5S_rRNA|5S_rRNA|5S_rRNA|5S_rRNA|5S_rRNA|5S_rRNA|5S_rRNA|RfamFamily|5S_rRNA|5S_rRNA|5S_rRNA|5S_rRNA|5S_rRNA|5S_rRNA,0.0,0,0.14952874409649566,0.2857142857142857,0.5,0.36363636363636365,0.42895687199961685,0.0008351369997399161,0.0,0.42979200899935677,tRNA
tRNA-tdbD00001363,tRNA,76,rnafm_faiss_guided_k14_lofo,faiss,1,consensus,0,14,RfamFamily|5S_rRNA|5S_rRNA|RfamFamily|5S_rRNA|5S_rRNA|5S_rRNA|5S_rRNA|5S_rRNA|5S_rRNA|5S_rRNA|5S_rRNA|5S_rRNA|RfamFamily,0.0,0,0.150866077124431,0.3333333333333333,0.4375,0.37837837837837834,0.4548676920003345,0.000973932999841054,0.0,0.45584162500017555,tRNA
tRNA-tdbD00007902,tRNA,73,rnafm_faiss_guided_k14_lofo,faiss,1,consensus,0,14,5S_rRNA|5S_rRNA|5S_rRNA|5S_rRNA|5S_rRNA|5S_rRNA|5S_rRNA|5S_rRNA|5S_rRNA|5S_rRNA|5S_rRNA|5S_rRNA|5S_rRNA|5S_rRNA,0.0,0,0.16851091012193645,0.3333333333333333,1.0,0.5,0.4617183770005795,0.0008149889999913285,0.0,0.4625333660005708,tRNA
tRNA-tdbD00007441,tRNA,78,rnafm_faiss_guided_k14_lofo,faiss,1,consensus,0,14,RfamFamily|RfamFamily|5S_rRNA|5S_rRNA|5S_rRNA|5S_rRNA|5S_rRNA|5S_rRNA|5S_rRNA|5S_rRNA|5S_rRNA|5S_rRNA|5S_rRNA|5S_rRNA,0.0,0,0.12054798187193054,0.0,0.0,0.0,0.4586545900001511,0.0008553679999749875,0.0,0.45950995800012606,tRNA
tRNA-tdbD00006730,tRNA,84,rnafm_faiss_guided_k14_lofo,faiss,1,consensus,0,14,RfamFamily|5S_rRNA|5S_rRNA|RfamFamily|5S_rRNA|5S_rRNA|5S_rRNA|5S_rRNA|5S_rRNA|5S_rRNA|5S_rRNA|5S_rRNA|5S_rRNA|5S_rRNA,0.0,0,0.12147314557825009,0.375,0.391304347826087,0.3829787234042554,0.5106754560001718,0.0011895139996340731,0.0,0.5118649699998059,tRNA
tRNA-tdbD00005440,tRNA,75,rnafm_faiss_guided_k14_lofo,faiss,1,consensus,0,14,5S_rRNA|5S_rRNA|5S_rRNA|5S_rRNA|RfamFamily|5S_rRNA|5S_rRNA|5S_rRNA|5S_rRNA|5S_rRNA|5S_rRNA|5S_rRNA|5S_rRNA|5S_rRNA,0.0,0,0.11336857985868419,0.2857142857142857,0.4,0.3333333333333333,0.6118224960000589,0.0010166980000576586,0.0,0.6128391940001165,tRNA
tRNA-tdbD00007776,tRNA,72,rnafm_faiss_guided_k14_lofo,faiss,1,consensus,0,14,RfamFamily|5S_rRNA|5S_rRNA|5S_rRNA|5S_rRNA|5S_rRNA|5S_rRNA|5S_rRNA|5S_rRNA|RfamFamily|5S_rRNA|5S_rRNA|5S_rRNA|5S_rRNA,0.0,0,0.17953980834574154,0.2857142857142857,0.3,0.2926829268292683,0.639878293000038,0.0009106819998123683,0.0,0.6407889749998503,tRNA
tRNA-tdbD00004926,tRNA,76,rnafm_faiss_guided_k14_lofo,faiss,1,consensus,0,14,RfamFamily|5S_rRNA|5S_rRNA|5S_rRNA|5S_rRNA|5S_rRNA|5S_rRNA|5S_rRNA|5S_rRNA|5S_rRNA|5S_rRNA|5S_rRNA|5S_rRNA|5S_rRNA,0.0,0,0.13109147577103628,0.3333333333333333,0.3888888888888889,0.358974358974359,0.6600567340001362,0.0008999450001283549,0.0,0.6609566790002646,tRNA
tRNA-tdbD00008863,tRNA,77,rnafm_faiss_guided_k14_lofo,faiss,1,consensus,0,14,RfamFamily|5S_rRNA|5S_rRNA|RfamFamily|5S_rRNA|5S_rRNA|5S_rRNA|RfamFamily|5S_rRNA|5S_rRNA|5S_rRNA|5S_rRNA|SRP|5S_rRNA,0.0,0,0.13328353578134725,0.3333333333333333,0.875,0.48275862068965514,0.6632471599996279,0.0008955830007835175,0.0,0.6641427430004114,tRNA
tRNA-tdbD00009871,tRNA,81,rnafm_faiss_guided_k14_lofo,faiss,1,consensus,0,14,5S_rRNA|5S_rRNA|5S_rRNA|5S_rRNA|5S_rRNA|5S_rRNA|5S_rRNA|5S_rRNA|5S_rRNA|5S_rRNA|5S_rRNA|5S_rRNA|5S_rRNA|5S_rRNA,0.0,0,0.1803410795740126,0.28,1.0,0.43750000000000006,0.7029817679995176,0.0009034029999384074,0.0,0.703885170999456,tRNA
tRNA-tdbD00011456,tRNA,73,rnafm_faiss_guided_k14_lofo,faiss,1,consensus,0,14,RfamFamily|5S_rRNA|5S_rRNA|5S_rRNA|5S_rRNA|5S_rRNA|5S_rRNA|5S_rRNA|5S_rRNA|5S_rRNA|5S_rRNA|5S_rRNA|RfamFamily|5S_rRNA,0.0,0,0.11073202649313137,0.3333333333333333,1.0,0.5,0.6343814570000177,0.000917565000236209,0.0,0.6352990220002539,tRNA
tRNA-tdbD00004321,tRNA,73,rnafm_faiss_guided_k14_lofo,faiss,1,consensus,0,14,RfamFamily|RfamFamily|5S_rRNA|5S_rRNA|5S_rRNA|5S_rRNA|5S_rRNA|5S_rRNA|5S_rRNA|5S_rRNA|5S_rRNA|5S_rRNA|5S_rRNA|5S_rRNA,0.0,0,0.13518582723521852,0.35,1.0,0.5185185185185185,0.6477242599994497,0.0009059930007424555,0.0,0.6486302530001922,tRNA
tRNA-tdbD00004405,tRNA,74,rnafm_faiss_guided_k14_lofo,faiss,1,consensus,0,14,RfamFamily|5S_rRNA|5S_rRNA|5S_rRNA|RfamFamily|RfamFamily|RfamFamily|5S_rRNA|RfamFamily|RfamFamily|RfamFamily|RfamFamily|RfamFamily|RfamFamily,0.0,0,0.13990293828918507,0.23809523809523808,1.0,0.3846153846153846,0.6657789999999295,0.0009705319998829509,0.0,0.6667495319998125,tRNA
tRNA-tdbD00006762,tRNA,80,rnafm_faiss_guided_k14_lofo,faiss,1,consensus,0,14,5S_rRNA|5S_rRNA|5S_rRNA|5S_rRNA|5S_rRNA|5S_rRNA|5S_rRNA|5S_rRNA|5S_rRNA|5S_rRNA|5S_rRNA|5S_rRNA|5S_rRNA|5S_rRNA,0.0,0,0.1336504758435892,0.30434782608695654,0.7,0.42424242424242425,0.5532093629999508,0.0012285510001674993,0.0,0.5544379140001183,tRNA
tRNA-tdbD00006258,tRNA,78,rnafm_faiss_guided_k14_lofo,faiss,1,consensus,0,14,RfamFamily|5S_rRNA|5S_rRNA|5S_rRNA|RfamFamily|5S_rRNA|5S_rRNA|5S_rRNA|5S_rRNA|5S_rRNA|5S_rRNA|5S_rRNA|5S_rRNA|5S_rRNA,0.0,0,0.10835746308502384,0.3181818181818182,0.4375,0.3684210526315789,0.5752078329996948,0.0006235020000531222,0.0,0.5758313349997479,tRNA
tRNA-tdbD00005278,tRNA,71,rnafm_faiss_guided_k14_lofo,faiss,1,consensus,0,14,RfamFamily|5S_rRNA|RfamFamily|5S_rRNA|5S_rRNA|5S_rRNA|5S_rRNA|5S_rRNA|5S_rRNA|5S_rRNA|5S_rRNA|5S_rRNA|5S_rRNA|5S_rRNA,0.0,0,0.12468748122499028,0.23809523809523808,0.38461538461538464,0.2941176470588235,0.410099798000374,0.0009005829997477122,0.0,0.4110003810001217,tRNA
tRNA-tdbD00005106,tRNA,76,rnafm_faiss_guided_k14_lofo,faiss,1,consensus,0,14,5S_rRNA|5S_rRNA|5S_rRNA|5S_rRNA|5S_rRNA|5S_rRNA|5S_rRNA|RfamFamily|5S_rRNA|5S_rRNA|5S_rRNA|5S_rRNA|5S_rRNA|5S_rRNA,0.0,0,0.14329321581477786,0.3,0.3333333333333333,0.3157894736842105,0.4633732480006074,0.0007840700000087963,0.0,0.4641573180006162,tRNA
tRNA-tdbR00000192-Saccharomyces_cerevisiae-4932-Lys-CUU,tRNA,76,rnafm_faiss_guided_k14_lofo,faiss,1,consensus,0,14,5S_rRNA|5S_rRNA|5S_rRNA|5S_rRNA|5S_rRNA|5S_rRNA|5S_rRNA|5S_rRNA|RfamFamily|5S_rRNA|5S_rRNA|5S_rRNA|RfamFamily|5S_rRNA,0.0,0,0.14762815822593497,0.3333333333333333,0.4666666666666667,0.3888888888888889,0.47086182800012466,0.0007511379999414203,0.0,0.4716129660000661,tRNA
tRNA-tdbD00003993,tRNA,76,rnafm_faiss_guided_k14_lofo,faiss,1,consensus,0,14,RfamFamily|5S_rRNA|5S_rRNA|5S_rRNA|5S_rRNA|5S_rRNA|5S_rRNA|5S_rRNA|5S_rRNA|RfamFamily|5S_rRNA|5S_rRNA|5S_rRNA|5S_rRNA,0.0,0,0.12011376141306662,0.3333333333333333,0.3333333333333333,0.3333333333333333,0.45207227899936697,0.0007819329994163127,0.0,0.4528542119987833,tRNA
tRNA-tdbR00000211-Haloferax_volcanii-2246-Leu-CAA,tRNA,87,rnafm_faiss_guided_k14_lofo,faiss,1,consensus,0,14,RfamFamily|5S_rRNA|5S_rRNA|5S_rRNA|5S_rRNA|5S_rRNA|RfamFamily|5S_rRNA|5S_rRNA|5S_rRNA|5S_rRNA|5S_rRNA|5S_rRNA|5S_rRNA,0.0,0,0.1235680010623725,0.35,0.4375,0.38888888888888884,0.5147522560000652,0.0008030560002225684,0.0,0.5155553120002878,tRNA
tRNA-tdbD00006084,tRNA,73,rnafm_faiss_guided_k14_lofo,faiss,1,consensus,0,14,RfamFamily|RfamFamily|5S_rRNA|5S_rRNA|5S_rRNA|5S_rRNA|5S_rRNA|5S_rRNA|RfamFamily|5S_rRNA|5S_rRNA|5S_rRNA|5S_rRNA|5S_rRNA,0.0,0,0.12702575507635322,0.3333333333333333,0.30434782608695654,0.31818181818181823,0.4470399940000789,0.0007913409999673604,0.0,0.44783133500004624,tRNA
tRNA-tdbR00000467-Pichia_jadinii-4903-Val-IAC,tRNA,77,rnafm_faiss_guided_k14_lofo,faiss,1,consensus,0,14,5S_rRNA|5S_rRNA|5S_rRNA|5S_rRNA|5S_rRNA|5S_rRNA|5S_rRNA|5S_rRNA|RfamFamily|5S_rRNA|5S_rRNA|5S_rRNA|5S_rRNA|5S_rRNA,0.0,0,0.17414455775134097,0.35,0.875,0.4999999999999999,0.4864198949999263,0.0007780669993735501,0.0,0.4871979619992999,tRNA
tRNA-tdbD00011012,tRNA,72,rnafm_faiss_guided_k14_lofo,faiss,1,consensus,0,14,5S_rRNA|5S_rRNA|5S_rRNA|5S_rRNA|5S_rRNA|5S_rRNA|5S_rRNA|5S_rRNA|5S_rRNA|5S_rRNA|5S_rRNA|5S_rRNA|5S_rRNA|5S_rRNA,0.0,0,0.15780986854790593,0.35,0.35,0.35,0.4284291470003154,0.0007823349997124751,0.0,0.4292114820000279,tRNA
tRNA-tdbD00005683,tRNA,74,rnafm_faiss_guided_k14_lofo,faiss,1,consensus,0,14,RfamFamily|5S_rRNA|5S_rRNA|5S_rRNA|5S_rRNA|5S_rRNA|5S_rRNA|5S_rRNA|RfamFamily|5S_rRNA|5S_rRNA|5S_rRNA|5S_rRNA|5S_rRNA,0.0,0,0.12794281793927262,0.38095238095238093,1.0,0.5517241379310345,0.45297483800004557,0.0007722589998593321,0.0,0.4537470969999049,tRNA
tRNA-tdbD00003408,tRNA,75,rnafm_faiss_guided_k14_lofo,faiss,1,consensus,0,14,RfamFamily|5S_rRNA|5S_rRNA|5S_rRNA|5S_rRNA|5S_rRNA|5S_rRNA|5S_rRNA|5S_rRNA|RfamFamily|5S_rRNA|5S_rRNA|5S_rRNA|5S_rRNA,0.0,0,0.14742363507935488,0.0,0.0,0.0,0.4570950620000076,0.0009010379999381257,0.0,0.4579960999999457,tRNA
tRNA-tdbD00004521,tRNA,77,rnafm_faiss_guided_k14_lofo,faiss,1,consensus,0,14,RfamFamily|5S_rRNA|5S_rRNA|5S_rRNA|5S_rRNA|5S_rRNA|5S_rRNA|5S_rRNA|RfamFamily|5S_rRNA|5S_rRNA|5S_rRNA|5S_rRNA|5S_rRNA,0.0,0,0.11918334486718891,0.3333333333333333,0.3684210526315789,0.35,0.45744768799977464,0.0008727509994059801,0.0,0.4583204389991806,tRNA
tRNA-tdbD00007778,tRNA,73,rnafm_faiss_guided_k14_lofo,faiss,1,consensus,0,14,RfamFamily|5S_rRNA|5S_rRNA|5S_rRNA|5S_rRNA|5S_rRNA|5S_rRNA|5S_rRNA|5S_rRNA|RfamFamily|5S_rRNA|5S_rRNA|5S_rRNA|5S_rRNA,0.0,0,0.19681997570785664,0.35,1.0,0.5185185185185185,0.464114962000167,0.0008334180001838831,0.0,0.4649483800003509,tRNA
tRNA-tdbD00009120,tRNA,72,rnafm_faiss_guided_k14_lofo,faiss,1,consensus,0,14,5S_rRNA|5S_rRNA|5S_rRNA|5S_rRNA|5S_rRNA|5S_rRNA|5S_rRNA|5S_rRNA|5S_rRNA|RfamFamily|5S_rRNA|5S_rRNA|5S_rRNA|5S_rRNA,0.0,0,0.1905244801004277,0.3181818181818182,1.0,0.4827586206896552,0.439679649000027,0.0008205989997804863,0.0,0.44050024799980747,tRNA
tRNA-tdbD00009470,tRNA,74,rnafm_faiss_guided_k14_lofo,faiss,1,consensus,0,14,5S_rRNA|5S_rRNA|5S_rRNA|5S_rRNA|5S_rRNA|5S_rRNA|5S_rRNA|5S_rRNA|RfamFamily|5S_rRNA|5S_rRNA|5S_rRNA|5S_rRNA|5S_rRNA,0.0,0,0.1478993631737014,0.3333333333333333,1.0,0.5,0.4553245239994794,0.0007922479999251664,0.0,0.4561167719994046,tRNA
tRNA-tdbD00011255,tRNA,73,rnafm_faiss_guided_k14_lofo,faiss,1,consensus,0,14,RfamFamily|5S_rRNA|5S_rRNA|5S_rRNA|5S_rRNA|5S_rRNA|5S_rRNA|5S_rRNA|RfamFamily|5S_rRNA|5S_rRNA|5S_rRNA|5S_rRNA|5S_rRNA,0.0,0,0.16187034300592137,0.35,0.35,0.35,0.4479766109998309,0.0007823220003047027,0.0,0.4487589330001356,tRNA
tRNA-tdbD00003517,tRNA,82,rnafm_faiss_guided_k14_lofo,faiss,1,consensus,0,14,RfamFamily|RfamFamily|5S_rRNA|5S_rRNA|5S_rRNA|5S_rRNA|5S_rRNA|5S_rRNA|5S_rRNA|5S_rRNA|5S_rRNA|5S_rRNA|5S_rRNA|5S_rRNA,0.0,0,0.13893788922643746,0.2916666666666667,0.875,0.43750000000000006,0.4893862809994971,0.0008183969994206564,0.0,0.49020467799891776,tRNA
tRNA-tdbD00004215,tRNA,72,rnafm_faiss_guided_k14_lofo,faiss,1,consensus,0,14,RfamFamily|5S_rRNA|5S_rRNA|5S_rRNA|5S_rRNA|5S_rRNA|5S_rRNA|RfamFamily|5S_rRNA|5S_rRNA|RfamFamily|5S_rRNA|5S_rRNA|5S_rRNA,0.0,0,0.14193856999461268,0.3,0.6666666666666666,0.41379310344827586,0.4301997639995534,0.00086194399955275,0.0,0.43106170799910615,tRNA
tRNA-tdbD00004716,tRNA,72,rnafm_faiss_guided_k14_lofo,faiss,1,consensus,0,14,5S_rRNA|5S_rRNA|5S_rRNA|5S_rRNA|5S_rRNA|5S_rRNA|5S_rRNA|RfamFamily|5S_rRNA|5S_rRNA|5S_rRNA|5S_rRNA|5S_rRNA|RfamFamily,0.0,0,0.15120820158359502,0.2727272727272727,0.3333333333333333,0.3,0.43183918399972754,0.0008391809997192468,0.0,0.4326783649994468,tRNA
tRNA-tdbD00010464,tRNA,77,rnafm_faiss_guided_k14_lofo,faiss,1,consensus,0,14,RfamFamily|5S_rRNA|5S_rRNA|5S_rRNA|5S_rRNA|5S_rRNA|5S_rRNA|5S_rRNA|5S_rRNA|5S_rRNA|5S_rRNA|5S_rRNA|5S_rRNA|RfamFamily,0.0,0,0.10239901483672634,0.3333333333333333,0.3684210526315789,0.35,0.4743390220000947,0.0007813289994373918,0.0,0.4751203509995321,tRNA
tRNA-tdbD00004665,tRNA,76,rnafm_faiss_guided_k14_lofo,faiss,1,consensus,0,14,RfamFamily|5S_rRNA|5S_rRNA|5S_rRNA|5S_rRNA|5S_rRNA|5S_rRNA|5S_rRNA|5S_rRNA|5S_rRNA|5S_rRNA|RfamFamily|5S_rRNA|5S_rRNA,0.0,0,0.12847998375133665,0.3181818181818182,0.35,0.3333333333333333,0.5012551440004245,0.001022833999741124,0.0,0.5022779780001656,tRNA
tRNA-tdbD00006415,tRNA,73,rnafm_faiss_guided_k14_lofo,faiss,1,consensus,0,14,RfamFamily|5S_rRNA|5S_rRNA|5S_rRNA|5S_rRNA|5S_rRNA|5S_rRNA|5S_rRNA|5S_rRNA|RfamFamily|5S_rRNA|5S_rRNA|5S_rRNA|5S_rRNA,0.0,0,0.1269927558376794,0.3333333333333333,0.4375,0.37837837837837834,0.678914263000479,0.0008875200001057237,0.0,0.6798017830005847,tRNA
tRNA-tdbD00000404,tRNA,77,rnafm_faiss_guided_k14_lofo,faiss,1,consensus,0,14,RfamFamily|5S_rRNA|5S_rRNA|5S_rRNA|5S_rRNA|5S_rRNA|5S_rRNA|5S_rRNA|5S_rRNA|5S_rRNA|RfamFamily|5S_rRNA|5S_rRNA|5S_rRNA,0.0,0,0.12199286084589966,0.3333333333333333,1.0,0.5,0.8311533149999377,0.0008756449997235904,0.0,0.8320289599996613,tRNA
tRNA-tdbD00010224,tRNA,90,rnafm_faiss_guided_k14_lofo,faiss,1,consensus,0,14,RfamFamily|5S_rRNA|5S_rRNA|5S_rRNA|5S_rRNA|5S_rRNA|5S_rRNA|5S_rRNA|RfamFamily|5S_rRNA|5S_rRNA|5S_rRNA|5S_rRNA|5S_rRNA,0.0,0,0.1291636650142444,0.2222222222222222,0.6666666666666666,0.3333333333333333,0.7358435500000269,0.0009793970002647256,0.0,0.7368229470002916,tRNA
tRNA-tdbD00008704,tRNA,75,rnafm_faiss_guided_k14_lofo,faiss,1,consensus,0,14,RfamFamily|5S_rRNA|5S_rRNA|5S_rRNA|5S_rRNA|5S_rRNA|5S_rRNA|5S_rRNA|5S_rRNA|5S_rRNA|RfamFamily|5S_rRNA|5S_rRNA|5S_rRNA,0.0,0,0.12931153998240527,0.3,1.0,0.4615384615384615,0.6692950299993754,0.0008828310001263162,0.0,0.6701778609995017,tRNA
tRNA-tdbD00005436,tRNA,75,rnafm_faiss_guided_k14_lofo,faiss,1,consensus,0,14,RfamFamily|5S_rRNA|5S_rRNA|5S_rRNA|5S_rRNA|5S_rRNA|5S_rRNA|5S_rRNA|5S_rRNA|5S_rRNA|RfamFamily|5S_rRNA|5S_rRNA|5S_rRNA,0.0,0,0.12229616826688397,0.2857142857142857,0.4,0.3333333333333333,0.6584687829999893,0.0008757739997236058,0.0,0.659344556999713,tRNA
tRNA-tdbD00007693,tRNA,77,rnafm_faiss_guided_k14_lofo,faiss,1,consensus,0,14,5S_rRNA|5S_rRNA|5S_rRNA|5S_rRNA|5S_rRNA|5S_rRNA|5S_rRNA|5S_rRNA|5S_rRNA|RfamFamily|5S_rRNA|5S_rRNA|5S_rRNA|5S_rRNA,0.0,0,0.1356659736532049,0.3,1.0,0.4615384615384615,0.6624344169995311,0.0008686040000611683,0.0,0.6633030209995923,tRNA
tRNA-tdbD00005701,tRNA,78,rnafm_faiss_guided_k14_lofo,faiss,1,consensus,0,14,RfamFamily|5S_rRNA|5S_rRNA|5S_rRNA|RfamFamily|RfamFamily|RfamFamily|RfamFamily|RfamFamily|RfamFamily|RfamFamily|RfamFamily|SRP|5S_rRNA,0.0,0,0.12896241255884722,0.38095238095238093,0.5714285714285714,0.4571428571428571,0.6754589259999193,0.0009422020002602949,0.0,0.6764011280001796,tRNA
tRNA-tdbD00009151,tRNA,72,rnafm_faiss_guided_k14_lofo,faiss,1,consensus,0,14,RfamFamily|5S_rRNA|5S_rRNA|5S_rRNA|RfamFamily|RfamFamily|RfamFamily|SRP|RfamFamily|SRP|RfamFamily|RfamFamily|RfamFamily|5S_rRNA,0.0,0,0.14740705062294798,0.3333333333333333,0.3684210526315789,0.35,0.6248987549997764,0.000940072999583208,0.0,0.6258388279993596,tRNA
tRNA-tdbD00004750,tRNA,75,rnafm_faiss_guided_k14_lofo,faiss,1,consensus,0,14,RfamFamily|RfamFamily|5S_rRNA|5S_rRNA|5S_rRNA|5S_rRNA|5S_rRNA|5S_rRNA|5S_rRNA|5S_rRNA|5S_rRNA|5S_rRNA|5S_rRNA|5S_rRNA,0.0,0,0.12721075880800775,0.2857142857142857,0.42857142857142855,0.34285714285714286,0.5020376740003485,0.0007903380001152982,0.0,0.5028280120004638,tRNA
tRNA-tdbD00007292,tRNA,74,rnafm_faiss_guided_k14_lofo,faiss,1,consensus,0,14,RfamFamily|RfamFamily|5S_rRNA|5S_rRNA|5S_rRNA|5S_rRNA|5S_rRNA|5S_rRNA|5S_rRNA|RfamFamily|5S_rRNA|5S_rRNA|5S_rRNA|5S_rRNA,0.0,0,0.12626254113979038,0.3333333333333333,1.0,0.5,0.4456727589995353,0.0007466739998562844,0.0,0.4464194329993916,tRNA
tRNA-tdbD00005769,tRNA,78,rnafm_faiss_guided_k14_lofo,faiss,1,consensus,0,14,RfamFamily|5S_rRNA|5S_rRNA|5S_rRNA|5S_rRNA|5S_rRNA|5S_rRNA|5S_rRNA|5S_rRNA|5S_rRNA|5S_rRNA|5S_rRNA|5S_rRNA|5S_rRNA,0.0,0,0.13357054405845079,0.38095238095238093,1.0,0.5517241379310345,0.4748461799999859,0.0008305670007757726,0.0,0.4756767470007617,tRNA
tRNA-tdbD00008012,tRNA,75,rnafm_faiss_guided_k14_lofo,faiss,1,consensus,0,14,RfamFamily|5S_rRNA|5S_rRNA|5S_rRNA|RfamFamily|5S_rRNA|5S_rRNA|5S_rRNA|5S_rRNA|5S_rRNA|5S_rRNA|5S_rRNA|5S_rRNA|5S_rRNA,0.0,0,0.1590478173581575,0.2857142857142857,0.4,0.3333333333333333,0.44627725499958615,0.0008042330000535003,0.0,0.44708148799963965,tRNA
tRNA-tdbD00008172,tRNA,77,rnafm_faiss_guided_k14_lofo,faiss,1,consensus,0,14,5S_rRNA|5S_rRNA|RfamFamily|5S_rRNA|RfamFamily|5S_rRNA|5S_rRNA|5S_rRNA|5S_rRNA|5S_rRNA|5S_rRNA|5S_rRNA|5S_rRNA|5S_rRNA,0.0,0,0.12456921355674054,0.3333333333333333,0.2916666666666667,0.3111111111111111,0.4752655780002897,0.0008034310003495193,0.0,0.4760690090006392,tRNA
tRNA-tdbD00006830,tRNA,84,rnafm_faiss_guided_k14_lofo,faiss,1,consensus,0,14,RfamFamily|5S_rRNA|5S_rRNA|5S_rRNA|5S_rRNA|5S_rRNA|RfamFamily|5S_rRNA|5S_rRNA|5S_rRNA|5S_rRNA|5S_rRNA|5S_rRNA|5S_rRNA,0.0,0,0.1380106003346217,0.2916666666666667,0.35,0.31818181818181823,0.4903319539998847,0.0007714870007475838,0.0,0.4911034410006323,tRNA
tRNA-tdbD00001530,tRNA,82,rnafm_faiss_guided_k14_lofo,faiss,1,consensus,0,14,5S_rRNA|5S_rRNA|5S_rRNA|RfamFamily|5S_rRNA|5S_rRNA|5S_rRNA|5S_rRNA|5S_rRNA|5S_rRNA|5S_rRNA|5S_rRNA|5S_rRNA|5S_rRNA,0.0,0,0.1396877314620032,0.2916666666666667,0.3181818181818182,0.30434782608695654,0.49009879900040687,0.0008262549999926705,0.0,0.49092505400039954,tRNA
tRNA-tdbD00002896,tRNA,82,rnafm_faiss_guided_k14_lofo,faiss,1,consensus,0,14,RfamFamily|5S_rRNA|5S_rRNA|5S_rRNA|RfamFamily|5S_rRNA|5S_rRNA|5S_rRNA|5S_rRNA|5S_rRNA|5S_rRNA|5S_rRNA|5S_rRNA|5S_rRNA,0.0,0,0.15246671640749893,0.2916666666666667,0.3684210526315789,0.32558139534883723,0.47453007900003286,0.0008075030000327388,0.0,0.4753375820000656,tRNA
tRNA-tdbD00003979,tRNA,76,rnafm_faiss_guided_k14_lofo,faiss,1,consensus,0,14,5S_rRNA|RfamFamily|5S_rRNA|5S_rRNA|5S_rRNA|RfamFamily|5S_rRNA|5S_rRNA|5S_rRNA|5S_rRNA|5S_rRNA|5S_rRNA|5S_rRNA|5S_rRNA,0.0,0,0.11203816813526882,0.3333333333333333,0.3333333333333333,0.3333333333333333,0.44988216900037514,0.0007633459999851766,0.0,0.4506455150003603,tRNA
tRNA-tdbD00003856,tRNA,72,rnafm_faiss_guided_k14_lofo,faiss,1,consensus,0,14,RfamFamily|5S_rRNA|5S_rRNA|5S_rRNA|5S_rRNA|5S_rRNA|5S_rRNA|5S_rRNA|RfamFamily|5S_rRNA|5S_rRNA|5S_rRNA|5S_rRNA|5S_rRNA,0.0,0,0.14502313190873686,0.2857142857142857,0.375,0.3243243243243243,0.4491934609995951,0.0010582349996184348,0.0,0.45025169599921355,tRNA
tRNA-tdbD00010370,tRNA,76,rnafm_faiss_guided_k14_lofo,faiss,1,consensus,0,14,5S_rRNA|RfamFamily|5S_rRNA|5S_rRNA|5S_rRNA|5S_rRNA|5S_rRNA|5S_rRNA|5S_rRNA|5S_rRNA|RfamFamily|5S_rRNA|5S_rRNA|5S_rRNA,0.0,0,0.11632577370810668,0.3333333333333333,0.3684210526315789,0.35,0.46715680499983137,0.0007975460002853652,0.0,0.46795435100011673,tRNA
tRNA-tdbD00004311,tRNA,74,rnafm_faiss_guided_k14_lofo,faiss,1,consensus,0,14,RfamFamily|RfamFamily|5S_rRNA|5S_rRNA|5S_rRNA|5S_rRNA|5S_rRNA|5S_rRNA|5S_rRNA|5S_rRNA|5S_rRNA|5S_rRNA|5S_rRNA|5S_rRNA,0.0,0,0.14516465374618842,0.2777777777777778,0.25,0.2631578947368421,0.5725782740000795,0.0008109140007945825,0.0,0.5733891880008741,tRNA
tRNA-tdbD00000985,tRNA,78,rnafm_faiss_guided_k14_lofo,faiss,1,consensus,0,14,RfamFamily|RfamFamily|5S_rRNA|5S_rRNA|5S_rRNA|5S_rRNA|5S_rRNA|5S_rRNA|5S_rRNA|5S_rRNA|5S_rRNA|5S_rRNA|5S_rRNA|5S_rRNA,0.0,0,0.12139822203879758,0.38095238095238093,1.0,0.5517241379310345,0.47670095800003764,0.000902264000615105,0.0,0.47760322200065275,tRNA
tRNA-tdbD00004976,tRNA,76,rnafm_faiss_guided_k14_lofo,faiss,1,consensus,0,14,5S_rRNA|5S_rRNA|5S_rRNA|5S_rRNA|5S_rRNA|5S_rRNA|5S_rRNA|5S_rRNA|RfamFamily|5S_rRNA|5S_rRNA|5S_rRNA|5S_rRNA|5S_rRNA,0.0,0,0.1342536581499235,0.3333333333333333,0.4375,0.37837837837837834,0.46803863199966145,0.0007843189996492583,0.0,0.4688229509993107,tRNA
tRNA-tdbD00005512,tRNA,73,rnafm_faiss_guided_k14_lofo,faiss,1,consensus,0,14,5S_rRNA|5S_rRNA|5S_rRNA|5S_rRNA|5S_rRNA|5S_rRNA|5S_rRNA|RfamFamily|5S_rRNA|5S_rRNA|5S_rRNA|5S_rRNA|RfamFamily|5S_rRNA,0.0,0,0.12887444639147566,0.3333333333333333,1.0,0.5,0.446866651000164,0.0007851959999243263,0.0,0.4476518470000883,tRNA
tRNA-tdbD00007585,tRNA,74,rnafm_faiss_guided_k14_lofo,faiss,1,consensus,0,14,RfamFamily|5S_rRNA|5S_rRNA|5S_rRNA|5S_rRNA|5S_rRNA|5S_rRNA|RfamFamily|5S_rRNA|5S_rRNA|5S_rRNA|5S_rRNA|5S_rRNA|5S_rRNA,0.0,0,0.1615161770399669,0.3333333333333333,1.0,0.5,0.4538434270007201,0.000746648999665922,0.0,0.45459007600038603,tRNA
tRNA-tdbD00007488,tRNA,77,rnafm_faiss_guided_k14_lofo,faiss,1,consensus,0,14,RfamFamily|RfamFamily|5S_rRNA|5S_rRNA|5S_rRNA|5S_rRNA|5S_rRNA|5S_rRNA|5S_rRNA|5S_rRNA|5S_rRNA|5S_rRNA|5S_rRNA|5S_rRNA,0.0,0,0.14908663954185836,0.3,1.0,0.4615384615384615,0.4634799669993299,0.0008068050001384108,0.0,0.46428677199946833,tRNA
tRNA-tdbD00010773,tRNA,73,rnafm_faiss_guided_k14_lofo,faiss,1,consensus,0,14,RfamFamily|RfamFamily|5S_rRNA|RfamFamily|5S_rRNA|5S_rRNA|5S_rRNA|5S_rRNA|5S_rRNA|5S_rRNA|5S_rRNA|5S_rRNA|5S_rRNA|5S_rRNA,0.0,0,0.12029147712197306,0.35,0.5384615384615384,0.4242424242424242,0.4420870540006945,0.0007392420002361177,0.0,0.4428262960009306,tRNA
tRNA-tdbD00010932,tRNA,76,rnafm_faiss_guided_k14_lofo,faiss,1,consensus,0,14,RfamFamily|5S_rRNA|5S_rRNA|5S_rRNA|5S_rRNA|5S_rRNA|5S_rRNA|5S_rRNA|5S_rRNA|RfamFamily|5S_rRNA|5S_rRNA|5S_rRNA|5S_rRNA,0.0,0,0.11083310609093,0.3333333333333333,0.3333333333333333,0.3333333333333333,0.4627781409999443,0.0007887060000939528,0.0,0.46356684700003825,tRNA
tRNA-tdbD00006837,tRNA,85,rnafm_faiss_guided_k14_lofo,faiss,1,consensus,0,14,RfamFamily|RfamFamily|5S_rRNA|5S_rRNA|5S_rRNA|5S_rRNA|5S_rRNA|5S_rRNA|5S_rRNA|5S_rRNA|5S_rRNA|5S_rRNA|5S_rRNA|5S_rRNA,0.0,0,0.1344461981801513,0.2916666666666667,0.2916666666666667,0.2916666666666667,0.5014683539993712,0.0008327519999511424,0.0,0.5023011059993223,tRNA
tRNA-tdbD00000056,tRNA,73,rnafm_faiss_guided_k14_lofo,faiss,1,consensus,0,14,RfamFamily|5S_rRNA|5S_rRNA|5S_rRNA|5S_rRNA|5S_rRNA|5S_rRNA|5S_rRNA|5S_rRNA|5S_rRNA|RfamFamily|5S_rRNA|5S_rRNA|5S_rRNA,0.0,0,0.1323841527199073,0.3333333333333333,0.3181818181818182,0.3255813953488372,0.46004485199955525,0.0007864569997764193,0.0,0.46083130899933167,tRNA
tRNA-tdbD00006330,tRNA,73,rnafm_faiss_guided_k14_lofo,faiss,1,consensus,0,14,5S_rRNA|5S_rRNA|5S_rRNA|5S_rRNA|5S_rRNA|5S_rRNA|5S_rRNA|5S_rRNA|5S_rRNA|5S_rRNA|5S_rRNA|5S_rRNA|RfamFamily|5S_rRNA,0.0,0,0.1300027846063884,0.3333333333333333,0.3333333333333333,0.3333333333333333,0.591888112999186,0.0009599499999239924,0.0,0.59284806299911,tRNA
tRNA-tdbD00010250,tRNA,82,rnafm_faiss_guided_k14_lofo,faiss,1,consensus,0,14,5S_rRNA|5S_rRNA|5S_rRNA|RfamFamily|5S_rRNA|5S_rRNA|5S_rRNA|5S_rRNA|RfamFamily|5S_rRNA|5S_rRNA|5S_rRNA|5S_rRNA|5S_rRNA,0.0,0,0.17019187303208286,0.2916666666666667,0.5,0.3684210526315789,0.7122723800002859,0.0008619359996373532,0.0,0.7131343159999233,tRNA
tRNA-tdbD00008624,tRNA,71,rnafm_faiss_guided_k14_lofo,faiss,1,consensus,0,14,5S_rRNA|5S_rRNA|5S_rRNA|5S_rRNA|5S_rRNA|5S_rRNA|5S_rRNA|5S_rRNA|5S_rRNA|5S_rRNA|5S_rRNA|5S_rRNA|5S_rRNA|RfamFamily,0.0,0,0.13897994620508675,0.3,0.3333333333333333,0.3157894736842105,0.6135729520001405,0.0009697420000520651,0.0,0.6145426940001926,tRNA
tRNA-tdbD00008292,tRNA,77,rnafm_faiss_guided_k14_lofo,faiss,1,consensus,0,14,5S_rRNA|5S_rRNA|RfamFamily|5S_rRNA|5S_rRNA|RfamFamily|5S_rRNA|5S_rRNA|5S_rRNA|5S_rRNA|5S_rRNA|5S_rRNA|5S_rRNA|5S_rRNA,0.0,0,0.12189777499084142,0.3333333333333333,0.4117647058823529,0.36842105263157887,0.664349931000288,0.0009022630001709331,0.0,0.665252194000459,tRNA
tRNA-tdbD00008458,tRNA,72,rnafm_faiss_guided_k14_lofo,faiss,1,consensus,0,14,RfamFamily|5S_rRNA|5S_rRNA|5S_rRNA|5S_rRNA|5S_rRNA|5S_rRNA|5S_rRNA|5S_rRNA|RfamFamily|5S_rRNA|5S_rRNA|5S_rRNA|5S_rRNA,0.0,0,0.14685596823829275,0.2857142857142857,0.5,0.36363636363636365,0.6485074610000083,0.0008910060005291598,0.0,0.6493984670005375,tRNA
tRNA-tdbD00005062,tRNA,76,rnafm_faiss_guided_k14_lofo,faiss,1,consensus,0,14,RfamFamily|5S_rRNA|5S_rRNA|5S_rRNA|5S_rRNA|5S_rRNA|5S_rRNA|5S_rRNA|5S_rRNA|5S_rRNA|RfamFamily|5S_rRNA|5S_rRNA|5S_rRNA,0.0,0,0.12060112629531303,0.3333333333333333,0.4666666666666667,0.3888888888888889,0.6435348129998602,0.0008918759995140135,0.0,0.6444266889993742,tRNA
tRNA-tdbD00003953,tRNA,76,rnafm_faiss_guided_k14_lofo,faiss,1,consensus,0,14,RfamFamily|5S_rRNA|5S_rRNA|5S_rRNA|5S_rRNA|5S_rRNA|5S_rRNA|5S_rRNA|5S_rRNA|5S_rRNA|RfamFamily|5S_rRNA|5S_rRNA|5S_rRNA,0.0,0,0.13677414386026862,0.3333333333333333,0.3181818181818182,0.3255813953488372,0.6677820179993432,0.0008803529999568127,0.0,0.6686623709993,tRNA
tRNA-tdbD00005766,tRNA,74,rnafm_faiss_guided_k14_lofo,faiss,1,consensus,0,14,RfamFamily|RfamFamily|5S_rRNA|5S_rRNA|5S_rRNA|5S_rRNA|5S_rRNA|5S_rRNA|5S_rRNA|5S_rRNA|5S_rRNA|5S_rRNA|5S_rRNA|5S_rRNA,0.0,0,0.11204444787235275,0.36363636363636365,1.0,0.5333333333333333,0.6375203400002647,0.0009344449999844073,0.0,0.6384547850002491,tRNA
tRNA-tdbD00004289,tRNA,71,rnafm_faiss_guided_k14_lofo,faiss,1,consensus,0,14,RfamFamily|5S_rRNA|5S_rRNA|5S_rRNA|5S_rRNA|RfamFamily|5S_rRNA|5S_rRNA|5S_rRNA|5S_rRNA|5S_rRNA|5S_rRNA|5S_rRNA|5S_rRNA,0.0,0,0.15387135561479143,0.25,1.0,0.4,0.6534725510000499,0.0009526760004519019,0.0,0.6544252270005018,tRNA
tRNA-tdbD00006373,tRNA,77,rnafm_faiss_guided_k14_lofo,faiss,1,consensus,0,14,RfamFamily|5S_rRNA|5S_rRNA|5S_rRNA|5S_rRNA|5S_rRNA|RfamFamily|5S_rRNA|5S_rRNA|5S_rRNA|5S_rRNA|5S_rRNA|5S_rRNA|5S_rRNA,0.0,0,0.13111413769324168,0.36363636363636365,1.0,0.5333333333333333,0.471326422999482,0.0008118340001601609,0.0,0.4721382569996422,tRNA
tRNA-tdbD00010663,tRNA,76,rnafm_faiss_guided_k14_lofo,faiss,1,consensus,0,14,5S_rRNA|5S_rRNA|5S_rRNA|5S_rRNA|5S_rRNA|5S_rRNA|5S_rRNA|RfamFamily|5S_rRNA|5S_rRNA|5S_rRNA|5S_rRNA|5S_rRNA|5S_rRNA,0.0,0,0.1565671721160951,0.35,0.4375,0.38888888888888884,0.484107498999947,0.0008408359999521053,0.0,0.4849483349998991,tRNA
tRNA-tdbD00009795,tRNA,86,rnafm_faiss_guided_k14_lofo,faiss,1,consensus,0,14,RfamFamily|5S_rRNA|5S_rRNA|RfamFamily|5S_rRNA|SRP|RfamFamily|RfamFamily|RfamFamily|RfamFamily|5S_rRNA|RfamFamily|5S_rRNA|RfamFamily,0.0,0,0.12078880846608421,0.2692307692307692,0.3684210526315789,0.3111111111111111,0.48921329299992067,0.0008018750004339381,0.0,0.4900151680003546,tRNA
tRNA-tdbD00001798,tRNA,73,rnafm_faiss_guided_k14_lofo,faiss,1,consensus,0,14,RfamFamily|RfamFamily|5S_rRNA|5S_rRNA|5S_rRNA|5S_rRNA|5S_rRNA|5S_rRNA|5S_rRNA|5S_rRNA|5S_rRNA|5S_rRNA|5S_rRNA|5S_rRNA,0.0,0,0.1255590577222657,0.3333333333333333,0.4117647058823529,0.36842105263157887,0.4566757430002326,0.0008315079994645203,0.0,0.45750725099969713,tRNA
tRNA-tdbD00007407,tRNA,76,rnafm_faiss_guided_k14_lofo,faiss,1,consensus,0,14,RfamFamily|5S_rRNA|RfamFamily|5S_rRNA|5S_rRNA|5S_rRNA|5S_rRNA|5S_rRNA|RfamFamily|5S_rRNA|5S_rRNA|5S_rRNA|5S_rRNA|5S_rRNA,0.0,0,0.14544860139561916,0.35,1.0,0.5185185185185185,0.45186569900033646,0.0008111429997370578,0.0,0.4526768420000735,tRNA
tRNA-tdbD00010380,tRNA,76,rnafm_faiss_guided_k14_lofo,faiss,1,consensus,0,14,RfamFamily|5S_rRNA|5S_rRNA|5S_rRNA|5S_rRNA|5S_rRNA|5S_rRNA|5S_rRNA|5S_rRNA|5S_rRNA|5S_rRNA|5S_rRNA|5S_rRNA|5S_rRNA,0.0,0,0.13195914781279705,0.3333333333333333,0.5384615384615384,0.41176470588235287,0.46844629299994267,0.0007806599996911245,0.0,0.4692269529996338,tRNA
tRNA-tdbD00008588,tRNA,71,rnafm_faiss_guided_k14_lofo,faiss,1,consensus,0,14,5S_rRNA|5S_rRNA|RfamFamily|SRP|SRP|RfamFamily|RNaseP|RNaseP|SRP|RNaseP|RNaseP|RNaseP|RNaseP|RNaseP,0.0,0,0.1345879250698396,0.5263157894736842,0.47619047619047616,0.5,0.42993569299960654,0.000770118999753322,0.0,0.43070581199935987,tRNA
tRNA-tdbD00004886,tRNA,72,rnafm_faiss_guided_k14_lofo,faiss,1,consensus,0,14,RfamFamily|5S_rRNA|5S_rRNA|5S_rRNA|5S_rRNA|5S_rRNA|5S_rRNA|5S_rRNA|5S_rRNA|RfamFamily|5S_rRNA|5S_rRNA|5S_rRNA|5S_rRNA,0.0,0,0.15806345283760606,0.2857142857142857,0.4,0.3333333333333333,0.45022165899990796,0.0007797680000294349,0.0,0.4510014269999374,tRNA
tRNA-tdbD00011094,tRNA,76,rnafm_faiss_guided_k14_lofo,faiss,1,consensus,0,14,RfamFamily|5S_rRNA|5S_rRNA|5S_rRNA|5S_rRNA|RfamFamily|5S_rRNA|5S_rRNA|5S_rRNA|5S_rRNA|5S_rRNA|5S_rRNA|5S_rRNA|5S_rRNA,0.0,0,0.14894615557818502,0.3333333333333333,0.3333333333333333,0.3333333333333333,0.4562074630002826,0.0008710440006325371,0.0,0.4570785070009151,tRNA
tRNA-tdbD00008537,tRNA,72,rnafm_faiss_guided_k14_lofo,faiss,1,consensus,0,14,RfamFamily|5S_rRNA|5S_rRNA|5S_rRNA|5S_rRNA|5S_rRNA|RfamFamily|5S_rRNA|5S_rRNA|5S_rRNA|5S_rRNA|5S_rRNA|5S_rRNA|5S_rRNA,0.0,0,0.14395673736579462,0.3,0.4,0.34285714285714286,0.4416869369997585,0.0007876599993323907,0.0,0.44247459699909086,tRNA
tRNA-tdbD00011138,tRNA,75,rnafm_faiss_guided_k14_lofo,faiss,1,consensus,0,14,5S_rRNA|5S_rRNA|5S_rRNA|RfamFamily|RfamFamily|5S_rRNA|5S_rRNA|5S_rRNA|5S_rRNA|5S_rRNA|5S_rRNA|5S_rRNA|5S_rRNA|5S_rRNA,0.0,0,0.13392857165969946,0.2857142857142857,0.5454545454545454,0.37499999999999994,0.4759008889996039,0.0007979000001796521,0.0,0.4766987889997836,tRNA
tRNA-tdbD00005837,tRNA,72,rnafm_faiss_guided_k14_lofo,faiss,1,consensus,0,14,RfamFamily|5S_rRNA|5S_rRNA|5S_rRNA|5S_rRNA|5S_rRNA|5S_rRNA|5S_rRNA|5S_rRNA|RfamFamily|5S_rRNA|5S_rRNA|5S_rRNA|5S_rRNA,0.0,0,0.16043353890308515,0.2857142857142857,0.375,0.3243243243243243,0.4385243269998682,0.0009474520002186182,0.0,0.4394717790000868,tRNA
tRNA-tdbD00000826,tRNA,72,rnafm_faiss_guided_k14_lofo,faiss,1,consensus,0,14,RfamFamily|5S_rRNA|5S_rRNA|5S_rRNA|RfamFamily|5S_rRNA|5S_rRNA|5S_rRNA|5S_rRNA|5S_rRNA|5S_rRNA|5S_rRNA|5S_rRNA|5S_rRNA,0.0,0,0.1530603600512966,0.2857142857142857,0.4,0.3333333333333333,0.4460183920000418,0.0008273100002043066,0.0,0.4468457020002461,tRNA
tRNA-tdbD00010648,tRNA,76,rnafm_faiss_guided_k14_lofo,faiss,1,consensus,0,14,5S_rRNA|5S_rRNA|5S_rRNA|5S_rRNA|RfamFamily|5S_rRNA|5S_rRNA|5S_rRNA|5S_rRNA|5S_rRNA|RfamFamily|5S_rRNA|5S_rRNA|5S_rRNA,0.0,0,0.12122208041914208,0.3333333333333333,0.4666666666666667,0.3888888888888889,0.4578339780000533,0.0008899269996618386,0.0,0.45872390499971516,tRNA
tRNA-tdbD00008724,tRNA,72,rnafm_faiss_guided_k14_lofo,faiss,1,consensus,0,14,RfamFamily|5S_rRNA|5S_rRNA|5S_rRNA|5S_rRNA|5S_rRNA|5S_rRNA|5S_rRNA|5S_rRNA|5S_rRNA|5S_rRNA|5S_rRNA|RfamFamily|5S_rRNA,0.0,0,0.14008412260615583,0.2857142857142857,0.5454545454545454,0.37499999999999994,0.45087243800026044,0.0007601009992868057,0.0,0.45163253899954725,tRNA
tRNA-tdbD00000502,tRNA,72,rnafm_faiss_guided_k14_lofo,faiss,1,consensus,0,14,5S_rRNA|5S_rRNA|5S_rRNA|5S_rRNA|5S_rRNA|5S_rRNA|5S_rRNA|5S_rRNA|5S_rRNA|5S_rRNA|5S_rRNA|5S_rRNA|5S_rRNA|RfamFamily,0.0,0,0.1349411753892776,0.2857142857142857,1.0,0.4444444444444445,0.42946396300067136,0.0008056440001382725,0.0,0.43026960700080963,tRNA
tRNA-tdbD00006190,tRNA,72,rnafm_faiss_guided_k14_lofo,faiss,1,consensus,0,14,5S_rRNA|5S_rRNA|5S_rRNA|5S_rRNA|5S_rRNA|5S_rRNA|5S_rRNA|5S_rRNA|5S_rRNA|RfamFamily|5S_rRNA|5S_rRNA|5S_rRNA|5S_rRNA,0.0,0,0.15787334558886656,0.3333333333333333,0.3684210526315789,0.35,0.4384962069998437,0.0007987180006239214,0.0,0.43929492500046763,tRNA
tRNA-tdbD00011437,tRNA,74,rnafm_faiss_guided_k14_lofo,faiss,1,consensus,0,14,5S_rRNA|5S_rRNA|5S_rRNA|RfamFamily|5S_rRNA|5S_rRNA|5S_rRNA|5S_rRNA|5S_rRNA|5S_rRNA|5S_rRNA|5S_rRNA|5S_rRNA|5S_rRNA,0.0,0,0.1480878320390784,0.22727272727272727,1.0,0.37037037037037035,0.4619677569999112,0.0008441520003543701,0.0,0.4628119090002656,tRNA
tRNA-tdbD00007895,tRNA,74,rnafm_faiss_guided_k14_lofo,faiss,1,consensus,0,14,RfamFamily|5S_rRNA|5S_rRNA|5S_rRNA|5S_rRNA|5S_rRNA|RfamFamily|5S_rRNA|5S_rRNA|5S_rRNA|5S_rRNA|5S_rRNA|5S_rRNA|5S_rRNA,0.0,0,0.17980436041420686,0.3333333333333333,1.0,0.5,0.46369055200011644,0.0008518620006725541,0.0,0.464542414000789,tRNA
tRNA-tdbD00004894,tRNA,72,rnafm_faiss_guided_k14_lofo,faiss,1,consensus,0,14,5S_rRNA|RfamFamily|5S_rRNA|5S_rRNA|SRP|RNaseP|SRP|SRP|RNaseP|RNaseP|RNaseP|RNaseP|5S_rRNA|5S_rRNA,0.0,0,0.10373178338787432,0.3888888888888889,0.4117647058823529,0.39999999999999997,0.44782067899996036,0.0007679270001972327,0.0,0.4485886060001576,tRNA
tRNA-tdbD00007948,tRNA,74,rnafm_faiss_guided_k14_lofo,faiss,1,consensus,0,14,5S_rRNA|5S_rRNA|RfamFamily|5S_rRNA|RfamFamily|5S_rRNA|5S_rRNA|5S_rRNA|5S_rRNA|5S_rRNA|5S_rRNA|5S_rRNA|5S_rRNA|5S_rRNA,0.0,0,0.1425267561854313,0.35,1.0,0.5185185185185185,0.4525556119997418,0.0008421900001849281,0.0,0.45339780199992674,tRNA
tRNA-tdbD00004551,tRNA,77,rnafm_faiss_guided_k14_lofo,faiss,1,consensus,0,14,5S_rRNA|5S_rRNA|5S_rRNA|5S_rRNA|5S_rRNA|5S_rRNA|RfamFamily|5S_rRNA|RfamFamily|5S_rRNA|5S_rRNA|5S_rRNA|5S_rRNA|5S_rRNA,0.0,0,0.11523437792783284,0.3333333333333333,0.35,0.3414634146341463,0.7712006359997758,0.0009755400005815318,0.0,0.7721761760003574,tRNA
tRNA-tdbD00002382,tRNA,72,rnafm_faiss_guided_k14_lofo,faiss,1,consensus,0,14,RfamFamily|5S_rRNA|RfamFamily|RfamFamily|RfamFamily|RfamFamily|SRP|5S_rRNA|SRP|RfamFamily|RfamFamily|RfamFamily|group_I_intron|group_I_intron,0.0,0,0.1443982290636349,0.5263157894736842,0.43478260869565216,0.47619047619047616,0.6609173839997311,0.0009332889994766447,0.0,0.6618506729992077,tRNA
tRNA-tdbD00001516,tRNA,84,rnafm_faiss_guided_k14_lofo,faiss,1,consensus,0,14,RfamFamily|5S_rRNA|5S_rRNA|5S_rRNA|5S_rRNA|5S_rRNA|5S_rRNA|5S_rRNA|5S_rRNA|5S_rRNA|5S_rRNA|5S_rRNA|5S_rRNA|5S_rRNA,0.0,0,0.1527517806989683,0.28,0.2692307692307692,0.27450980392156865,0.6937454070002786,0.0009792369992283056,0.0,0.694724643999507,tRNA
tRNA-tdbD00004921,tRNA,73,rnafm_faiss_guided_k14_lofo,faiss,1,consensus,0,14,5S_rRNA|5S_rRNA|5S_rRNA|5S_rRNA|5S_rRNA|5S_rRNA|5S_rRNA|5S_rRNA|5S_rRNA|5S_rRNA|RfamFamily|5S_rRNA|5S_rRNA|RfamFamily,0.0,0,0.13398720742426068,0.3333333333333333,0.4666666666666667,0.3888888888888889,0.643285955000465,0.0009380980000059935,0.0,0.644224053000471,tRNA
tRNA-tdbD00007376,tRNA,74,rnafm_faiss_guided_k14_lofo,faiss,1,consensus,0,14,5S_rRNA|5S_rRNA|5S_rRNA|5S_rRNA|5S_rRNA|5S_rRNA|5S_rRNA|RfamFamily|5S_rRNA|5S_rRNA|5S_rRNA|5S_rRNA|5S_rRNA|5S_rRNA,0.0,0,0.13077788870073745,0.35,0.35,0.35,0.6308287149995522,0.0008885979996193782,0.0,0.6317173129991716,tRNA
tRNA-tdbD00006670,tRNA,85,rnafm_faiss_guided_k14_lofo,faiss,1,consensus,0,14,5S_rRNA|5S_rRNA|5S_rRNA|5S_rRNA|5S_rRNA|5S_rRNA|5S_rRNA|5S_rRNA|5S_rRNA|5S_rRNA|5S_rRNA|5S_rRNA|5S_rRNA|RfamFamily,0.0,0,0.14153577912720192,0.2916666666666667,0.4117647058823529,0.34146341463414637,0.7311855289999585,0.0009701479993964313,0.0,0.7321556769993549,tRNA
tRNA-tdbD00010967,tRNA,77,rnafm_faiss_guided_k14_lofo,faiss,1,consensus,0,14,RfamFamily|RfamFamily|5S_rRNA|5S_rRNA|5S_rRNA|5S_rRNA|5S_rRNA|5S_rRNA|5S_rRNA|5S_rRNA|5S_rRNA|5S_rRNA|5S_rRNA|5S_rRNA,0.0,0,0.09722059357353836,0.35,0.2692307692307692,0.3043478260869565,0.693378087000383,0.0008610329996372457,0.0,0.6942391200000202,tRNA
tmRNA-uncu.bact._TRW-1760,tmRNA,367,rnafm_faiss_guided_k14_lofo,faiss,1,consensus,0,14,group_I_intron|group_I_intron|group_I_intron|SRP|group_I_intron|SRP|SRP|RfamFamily|RfamFamily|SRP|group_I_intron|group_I_intron|RfamFamily|group_I_intron,0.0,0,0.36543570783259904,0.15384615384615385,0.1348314606741573,0.1437125748502994,1.6387907680000353,0.0008320280003317748,0.0,1.639622796000367,tmRNA
tmRNA-uncu.bact._TRW-32033-1,tmRNA,354,rnafm_faiss_guided_k14_lofo,faiss,1,consensus,0,14,RfamFamily|SRP|RfamFamily|SRP|SRP|SRP|SRP|SRP|SRP|SRP|SRP|RfamFamily|SRP|SRP,0.0,0,0.10251438527020067,0.16666666666666666,0.17,0.16831683168316833,1.3419870790003188,0.0008372009997401619,0.0,1.342824280000059,tmRNA
tmRNA-Fuso.nucl._AE009951,tmRNA,344,rnafm_faiss_guided_k14_lofo,faiss,1,consensus,0,14,RfamFamily|SRP|RfamFamily|RNaseP|SRP|RfamFamily|RNaseP|SRP|RfamFamily|SRP|RfamFamily|SRP|RNaseP|RNaseP,0.0,0,0.10679981496646253,0.12745098039215685,0.13,0.12871287128712872,1.3223813060003522,0.0008653830000184826,0.0,1.3232466890003707,tmRNA
tmRNA-Myco.malm._TRW-1780,tmRNA,368,rnafm_faiss_guided_k14_lofo,faiss,1,consensus,0,14,RNaseP|group_I_intron|group_I_intron|group_I_intron|RNaseP|group_I_intron|group_I_intron|group_I_intron|group_I_intron|group_I_intron|group_I_intron|group_I_intron|group_I_intron|group_I_intron,0.0,0,0.753191065765752,0.2441860465116279,0.2079207920792079,0.2245989304812834,1.4750322820000292,0.0008560979995309026,0.0,1.4758883799995601,tmRNA
tmRNA-Camp.lari._TRW-306263_1-359,tmRNA,359,rnafm_faiss_guided_k14_lofo,faiss,1,consensus,0,14,RfamFamily|SRP|SRP|RNaseP|SRP|SRP|SRP|RfamFamily|RfamFamily|SRP|RfamFamily|RfamFamily|SRP|SRP,0.0,0,0.0955188207745318,0.11214953271028037,0.14634146341463414,0.126984126984127,1.2873734670001795,0.0008342860000993824,0.0,1.288207753000279,tmRNA
tmRNA-Shig.dyse._TRW-358708,tmRNA,363,rnafm_faiss_guided_k14_lofo,faiss,1,consensus,0,14,RfamFamily|SRP|SRP|SRP|SRP|SRP|SRP|SRP|RNaseP|SRP|SRP|SRP|SRP|SRP,0.0,0,0.09505623451748245,0.11650485436893204,0.15789473684210525,0.1340782122905028,1.2818026430004466,0.0008603779997429228,0.0,1.2826630210001895,tmRNA
tmRNA-Noca.farc._AP006618,tmRNA,368,rnafm_faiss_guided_k14_lofo,faiss,1,consensus,0,14,RfamFamily|RfamFamily|SRP|SRP|SRP|SRP|SRP|SRP|SRP|SRP|SRP|SRP|SRP|SRP,0.0,0,0.11955602940876975,0.17391304347826086,0.1415929203539823,0.15609756097560976,1.3185368000004019,0.0008457290005026152,0.0,1.3193825290009045,tmRNA
tmRNA-Myco.capr._S67602,tmRNA,408,rnafm_faiss_guided_k14_lofo,faiss,1,consensus,0,14,RfamFamily|RfamFamily|SRP|RfamFamily|RfamFamily|RfamFamily|RfamFamily|RfamFamily|RfamFamily|SRP|RfamFamily|RfamFamily|SRP|RfamFamily,0.0,0,0.16343417588847634,0.19047619047619047,0.17391304347826086,0.1818181818181818,1.8113572060001388,0.0009546920000502723,0.0,1.812311898000189,tmRNA
tmRNA-Yers.inte._TRW-349965_1-381,tmRNA,381,rnafm_faiss_guided_k14_lofo,faiss,1,consensus,0,14,RfamFamily|RNaseP|SRP|SRP|RNaseP|RNaseP|RNaseP|SRP|RfamFamily|SRP|SRP|SRP|RNaseP|RNaseP,0.0,0,0.10345381630767259,0.12244897959183673,0.12121212121212122,0.1218274111675127,1.9398073819993442,0.00198904799981392,0.0,1.9417964299991581,tmRNA
tmRNA-Haem.infl._TRW-262727,tmRNA,366,rnafm_faiss_guided_k14_lofo,faiss,1,consensus,0,14,RfamFamily|SRP|RNaseP|SRP|SRP|SRP|RNaseP|RNaseP|RNaseP|RfamFamily|SRP|SRP|SRP|SRP,0.0,0,0.09061996963967676,0.16,0.17582417582417584,0.16753926701570682,1.8417984269999579,0.0009746080004333635,0.0,1.8427730350003912,tmRNA
tmRNA-envi.sequ._TRW-259292_1-355,tmRNA,355,rnafm_faiss_guided_k14_lofo,faiss,1,consensus,0,14,RfamFamily|SRP|RfamFamily|SRP|SRP|SRP|SRP|SRP|RNaseP|SRP|RNaseP|SRP|SRP|SRP,0.0,0,0.11938761117099604,0.19387755102040816,0.18811881188118812,0.19095477386934673,1.3116381569998339,0.0008534250000593602,0.0,1.3124915819998932,tmRNA
tmRNA-uncu.bact._AF389948,tmRNA,363,rnafm_faiss_guided_k14_lofo,faiss,1,consensus,0,14,RNaseP|RNaseP|SRP|RNaseP|SRP|SRP|SRP|SRP|SRP|RNaseP|SRP|SRP|SRP|RNaseP,0.0,0,0.1473326382387218,0.09090909090909091,0.09411764705882353,0.09248554913294797,1.3014288329995907,0.0010747309997896082,0.0,1.3025035639993803,tmRNA
tmRNA-uncu.bact._AF389946,tmRNA,363,rnafm_faiss_guided_k14_lofo,faiss,1,consensus,0,14,SRP|SRP|SRP|SRP|SRP|SRP|SRP|RNaseP|RNaseP|RNaseP|RNaseP|SRP|SRP|SRP,0.0,0,0.14337160682296116,0.0,0.0,0.0,1.3208189970000603,0.0008480209999106592,0.0,1.321667017999971,tmRNA
tmRNA-Chla.pneu._TRW-83558,tmRNA,426,rnafm_faiss_guided_k14_lofo,faiss,1,consensus,0,14,RfamFamily|SRP|group_I_intron|SRP|RfamFamily|group_I_intron|SRP|group_I_intron|RfamFamily|RfamFamily|group_I_intron|group_I_intron|group_I_intron|RfamFamily,0.0,0,0.43541270527695214,0.2540983606557377,0.2540983606557377,0.2540983606557377,1.297768449000614,0.0008264380003311089,0.0,1.2985948870009452,tmRNA
tmRNA-Para.symb._BX908798,tmRNA,405,rnafm_faiss_guided_k14_lofo,faiss,1,consensus,0,14,RfamFamily|RfamFamily|RfamFamily|SRP|RNaseP|RNaseP|RNaseP|SRP|RfamFamily|group_I_intron|RfamFamily|RfamFamily|RfamFamily|SRP,0.0,0,0.22773626458330856,0.10810810810810811,0.18461538461538463,0.13636363636363635,1.328541196000515,0.0008473739999317331,0.0,1.3293885700004466,tmRNA
tmRNA-Sulf.azor._TRW-204536,tmRNA,351,rnafm_faiss_guided_k14_lofo,faiss,1,consensus,0,14,RfamFamily|group_I_intron|group_I_intron|group_I_intron|group_I_intron|group_I_intron|group_I_intron|group_I_intron|group_I_intron|group_I_intron|SRP|group_I_intron|SRP|RfamFamily,0.0,0,0.20707074163389097,0.28,0.2828282828282828,0.2814070351758794,1.3235442260001946,0.0008466059998681885,0.0,1.3243908320000628,tmRNA
tmRNA-Baci.clau._AP006627,tmRNA,355,rnafm_faiss_guided_k14_lofo,faiss,1,consensus,0,14,RfamFamily|SRP|SRP|SRP|SRP|SRP|SRP|RNaseP|SRP|SRP|RNaseP|SRP|SRP|SRP,0.0,0,0.11927328499396136,0.16666666666666666,0.14953271028037382,0.15763546798029554,1.8241809920000378,0.0015675770000598277,0.0,1.8257485690000976,tmRNA
tmRNA-Tric.eryt._CP000393_1-398,tmRNA,398,rnafm_faiss_guided_k14_lofo,faiss,1,consensus,0,14,RfamFamily|SRP|SRP|group_I_intron|SRP|SRP|SRP|RNaseP|group_I_intron|SRP|SRP|SRP|SRP|SRP,0.0,0,0.13413149899277357,0.24528301886792453,0.2222222222222222,0.23318385650224216,1.9807378929999686,0.0009988789997805725,0.0,1.9817367719997492,tmRNA
tmRNA-Heli.ganm._DQ250622,tmRNA,370,rnafm_faiss_guided_k14_lofo,faiss,1,consensus,0,14,RNaseP|group_I_intron|group_I_intron|group_I_intron|group_I_intron|group_I_intron|group_I_intron|group_I_intron|group_I_intron|group_I_intron|group_I_intron|group_I_intron|group_I_intron|group_I_intron,0.0,0,0.7838157218035535,0.0963855421686747,0.08695652173913043,0.09142857142857143,1.7059000640001614,0.0008421130005444866,0.0,1.7067421770007059,tmRNA
tmRNA-Emil.huxl._AY741371_1-291,tmRNA,291,rnafm_faiss_guided_k14_lofo,faiss,1,consensus,0,14,SRP|RfamFamily|RfamFamily|group_I_intron|group_I_intron|RfamFamily|RfamFamily|RfamFamily|RfamFamily|RNaseP|RNaseP|RNaseP|group_I_intron|RfamFamily,0.0,0,0.33417734682819333,0.16666666666666666,0.4666666666666667,0.2456140350877193,1.3372507459998815,0.0009896100000332808,0.0,1.3382403559999148,tmRNA
tmRNA-Xant.camp._AM039952,tmRNA,397,rnafm_faiss_guided_k14_lofo,faiss,1,consensus,0,14,RfamFamily|SRP|RfamFamily|SRP|SRP|SRP|SRP|SRP|SRP|SRP|SRP|RNaseP|RfamFamily|SRP,0.0,0,0.10808060417162703,0.11009174311926606,0.10619469026548672,0.10810810810810811,1.3769675900002767,0.0011304409999866039,0.0,1.3780980310002633,tmRNA
tmRNA-Myco.micr._TRW-1806-2,tmRNA,368,rnafm_faiss_guided_k14_lofo,faiss,1,consensus,0,14,RNaseP|group_I_intron|RNaseP|group_I_intron|group_I_intron|RNaseP|group_I_intron|SRP|group_I_intron|group_I_intron|group_I_intron|group_I_intron|RNaseP|group_I_intron,0.0,0,0.37429799270396824,0.2261904761904762,0.18627450980392157,0.20430107526881722,1.344187136999608,0.0008711269993000315,0.0,1.345058263998908,tmRNA
tmRNA-Frag.pinn._AF550351,tmRNA,335,rnafm_faiss_guided_k14_lofo,faiss,1,consensus,0,14,group_I_intron|group_I_intron|group_I_intron|group_I_intron|group_I_intron|group_I_intron|RfamFamily|group_I_intron|group_I_intron|group_I_intron|group_I_intron|group_I_intron|group_I_intron|group_I_intron,0.0,0,0.6095740403325427,0.7142857142857143,0.2777777777777778,0.4,1.3422460229994613,0.0009168710002995795,0.0,1.3431628939997609,tmRNA
tmRNA-List.mono._AL591983,tmRNA,370,rnafm_faiss_guided_k14_lofo,faiss,1,consensus,0,14,RfamFamily|SRP|SRP|SRP|SRP|SRP|SRP|SRP|SRP|SRP|SRP|SRP|SRP|SRP,0.0,0,0.10357252393455856,0.31683168316831684,0.2857142857142857,0.3004694835680751,1.3048311570000806,0.0008645819998491788,0.0,1.3056957389999297,tmRNA
tmRNA-Dich.nodo._TRW-35819,tmRNA,352,rnafm_faiss_guided_k14_lofo,faiss,1,consensus,0,14,RfamFamily|SRP|SRP|SRP|group_I_intron|RfamFamily|RfamFamily|group_I_intron|RfamFamily|group_I_intron|SRP|group_I_intron|SRP|group_I_intron,0.0,0,0.15423777253503085,0.1188118811881188,0.13043478260869565,0.12435233160621761,1.2748956529994757,0.0009130189991992665,0.0,1.275808671998675,tmRNA
tmRNA-Psyc.arct._CP000082,tmRNA,359,rnafm_faiss_guided_k14_lofo,faiss,1,consensus,0,14,RfamFamily|SRP|SRP|RfamFamily|RNaseP|SRP|RfamFamily|SRP|SRP|SRP|RNaseP|SRP|RNaseP|group_I_intron,0.0,0,0.12739939900204478,0.1276595744680851,0.11428571428571428,0.12060301507537688,1.776497895999455,0.0009638789997552522,0.0,1.7774617749992103,tmRNA
tmRNA-envi.sequ._TRW-259292,tmRNA,355,rnafm_faiss_guided_k14_lofo,faiss,1,consensus,0,14,RfamFamily|SRP|RfamFamily|SRP|SRP|SRP|SRP|SRP|RNaseP|SRP|RNaseP|SRP|SRP|SRP,0.0,0,0.11938761117099604,0.19387755102040816,0.18811881188118812,0.19095477386934673,2.119071738000457,0.0010238210006718873,0.0,2.120095559001129,tmRNA
tmRNA-Rals.sola._AL646061,tmRNA,357,rnafm_faiss_guided_k14_lofo,faiss,1,consensus,0,14,RfamFamily|RfamFamily|SRP|SRP|RNaseP|SRP|SRP|group_I_intron|group_I_intron|SRP|SRP|group_I_intron|RNaseP|SRP,0.0,0,0.12702281725569256,0.41237113402061853,0.36036036036036034,0.38461538461538464,1.771346242000618,0.0008250119999502203,0.0,1.7721712540005683,tmRNA
tmRNA-Esch.coli._CP000468,tmRNA,363,rnafm_faiss_guided_k14_lofo,faiss,1,consensus,0,14,RfamFamily|SRP|SRP|SRP|SRP|SRP|SRP|SRP|RNaseP|SRP|SRP|SRP|SRP|SRP,0.0,0,0.09505623451748245,0.11538461538461539,0.15584415584415584,0.13259668508287295,1.309004251999795,0.0008553870002288022,0.0,1.309859639000024,tmRNA
tmRNA-uncu.bact._TRW-220137-4,tmRNA,359,rnafm_faiss_guided_k14_lofo,faiss,1,consensus,0,14,group_I_intron|group_I_intron|group_I_intron|group_I_intron|RNaseP|group_I_intron|group_I_intron|group_I_intron|group_I_intron|group_I_intron|group_I_intron|group_I_intron|group_I_intron|group_I_intron,0.0,0,0.4856390548852896,0.18604651162790697,0.13559322033898305,0.1568627450980392,1.3117239060002248,0.0008170720002453891,0.0,1.3125409780004702,tmRNA
tmRNA-Wigg.glos._BA000021,tmRNA,365,rnafm_faiss_guided_k14_lofo,faiss,1,consensus,0,14,RfamFamily|group_I_intron|RfamFamily|group_I_intron|group_I_intron|SRP|group_I_intron|RfamFamily|group_I_intron|RfamFamily|SRP|RfamFamily|group_I_intron|SRP,0.0,0,0.18399087646728535,0.27184466019417475,0.30434782608695654,0.28717948717948716,1.3256480790005298,0.0008786210000835126,0.0,1.3265267000006133,tmRNA
tmRNA-Desu.desu._TRW-876,tmRNA,378,rnafm_faiss_guided_k14_lofo,faiss,1,consensus,0,14,RfamFamily|group_I_intron|group_I_intron|SRP|group_I_intron|group_I_intron|RfamFamily|RfamFamily|group_I_intron|group_I_intron|group_I_intron|SRP|group_I_intron|SRP,0.0,0,0.4558176946845768,0.3541666666666667,0.33663366336633666,0.3451776649746193,1.3094494380002288,0.0008425059995715856,0.0,1.3102919439998004,tmRNA
tmRNA-Lact.delb._AF440335,tmRNA,316,rnafm_faiss_guided_k14_lofo,faiss,1,consensus,0,14,group_I_intron|group_I_intron|RfamFamily|RNaseP|RNaseP|RNaseP|group_I_intron|RNaseP|group_I_intron|group_I_intron|group_I_intron|SRP|group_I_intron|SRP,0.0,0,0.5432114820712164,0.2619047619047619,0.24444444444444444,0.25287356321839083,1.4824867449997328,0.0008352899994861218,0.0,1.4833220349992189,tmRNA
tmRNA-Xyle.fast._AE004078,tmRNA,355,rnafm_faiss_guided_k14_lofo,faiss,1,consensus,0,14,RfamFamily|SRP|RfamFamily|SRP|SRP|SRP|RNaseP|SRP|SRP|SRP|SRP|SRP|SRP|SRP,0.0,0,0.11294007930600149,0.19,0.20212765957446807,0.19587628865979384,1.2976708169999256,0.0008378719994652783,0.0,1.2985086889993909,tmRNA
tmRNA-Prov.rett._AF440353,tmRNA,352,rnafm_faiss_guided_k14_lofo,faiss,1,consensus,0,14,SRP|SRP|SRP|SRP|SRP|SRP|SRP|SRP|SRP|SRP|SRP|RNaseP|RNaseP|RNaseP,0.0,0,0.15006167584349075,0.11235955056179775,0.136986301369863,0.12345679012345678,1.6838184099997306,0.0009243479998986004,0.0,1.6847427579996292,tmRNA
tmRNA-uncu.bact._AF389945,tmRNA,363,rnafm_faiss_guided_k14_lofo,faiss,1,consensus,0,14,SRP|SRP|SRP|SRP|SRP|SRP|SRP|RNaseP|RNaseP|RNaseP|RNaseP|SRP|SRP|SRP,0.0,0,0.14337160682296116,0.0,0.0,0.0,1.95001539399982,0.0009480099997745128,0.0,1.9509634039995944,tmRNA
tmRNA-Burk.fung._TRW-266265,tmRNA,370,rnafm_faiss_guided_k14_lofo,faiss,1,consensus,0,14,RfamFamily|RfamFamily|SRP|SRP|RfamFamily|RNaseP|SRP|SRP|RfamFamily|SRP|SRP|SRP|SRP|RfamFamily,0.0,0,0.11485661517938077,0.25,0.23214285714285715,0.24074074074074076,1.9696387690000847,0.003028321999408945,0.0,1.9726670909994937,tmRNA
tmRNA-Shew.frig._CP000447,tmRNA,356,rnafm_faiss_guided_k14_lofo,faiss,1,consensus,0,14,RfamFamily|SRP|SRP|RNaseP|SRP|RfamFamily|SRP|group_I_intron|RfamFamily|SRP|RNaseP|SRP|SRP|SRP,0.0,0,0.12816074690911014,0.18556701030927836,0.17307692307692307,0.17910447761194032,1.3181853810001485,0.0009124410007643746,0.0,1.3190978220009129,tmRNA
tmRNA-Carb.hydr._CP000141,tmRNA,359,rnafm_faiss_guided_k14_lofo,faiss,1,consensus,0,14,RfamFamily|group_I_intron|SRP|SRP|group_I_intron|group_I_intron|RfamFamily|group_I_intron|group_I_intron|group_I_intron|RNaseP|group_I_intron|RfamFamily|RfamFamily,0.0,0,0.18806629271322856,0.3055555555555556,0.2894736842105263,0.2972972972972973,1.4651430450003318,0.0008362990001842263,0.0,1.465979344000516,tmRNA
tmRNA-Geob.stea._TRW-1422,tmRNA,352,rnafm_faiss_guided_k14_lofo,faiss,1,consensus,0,14,RfamFamily|SRP|SRP|SRP|RNaseP|SRP|SRP|RNaseP|SRP|SRP|RNaseP|SRP|SRP|SRP,0.0,0,0.12499757772004803,0.3402061855670103,0.3113207547169811,0.32512315270935965,1.2817804260002958,0.0008505389996571466,0.0,1.282630964999953,tmRNA
tmRNA-Xyle.fast._TRW-155920,tmRNA,355,rnafm_faiss_guided_k14_lofo,faiss,1,consensus,0,14,RfamFamily|SRP|RfamFamily|SRP|SRP|SRP|SRP|RNaseP|SRP|SRP|SRP|SRP|SRP|SRP,0.0,0,0.11321821325538325,0.13,0.1326530612244898,0.1313131313131313,1.2852696050003942,0.0008438679997198051,0.0,1.286113473000114,tmRNA
tmRNA-Pseu.syri._CP000075_1-392,tmRNA,392,rnafm_faiss_guided_k14_lofo,faiss,1,consensus,0,14,RfamFamily|RfamFamily|SRP|RNaseP|SRP|RfamFamily|RfamFamily|SRP|SRP|SRP|SRP|SRP|SRP|SRP,0.0,0,0.10834231095377563,0.2616822429906542,0.2641509433962264,0.2629107981220657,1.313288456999544,0.0008395349996135337,0.0,1.3141279919991575,tmRNA
tmRNA-Lact.garv._AF375579,tmRNA,357,rnafm_faiss_guided_k14_lofo,faiss,1,consensus,0,14,group_I_intron|group_I_intron|group_I_intron|group_I_intron|group_I_intron|group_I_intron|group_I_intron|RNaseP|group_I_intron|group_I_intron|group_I_intron|group_I_intron|group_I_intron|RfamFamily,0.0,0,0.5275396892536444,0.05263157894736842,0.05,0.05128205128205128,1.243515178999587,0.0007848530003684573,0.0,1.2443000319999555,tmRNA
tmRNA-Ocea.ihey._BA000028_1-364,tmRNA,364,rnafm_faiss_guided_k14_lofo,faiss,1,consensus,0,14,RfamFamily|SRP|SRP|SRP|SRP|SRP|group_I_intron|SRP|SRP|RNaseP|RNaseP|SRP|RNaseP|group_I_intron,0.0,0,0.14132285505210068,0.38636363636363635,0.3269230769230769,0.35416666666666663,1.5666651740002635,0.0011125650007670629,0.0,1.5677777390010306,tmRNA
tmRNA-Fran.spec._CP000249_1-374,tmRNA,374,rnafm_faiss_guided_k14_lofo,faiss,1,consensus,0,14,RfamFamily|SRP|SRP|SRP|SRP|SRP|SRP|SRP|RNaseP|SRP|RfamFamily|RNaseP|group_I_intron|RNaseP,0.0,0,0.1576134318979166,0.3904761904761905,0.3504273504273504,0.3693693693693693,2.053458819000298,0.0010172090005653445,0.0,2.054476028000863,tmRNA
tmRNA-Stre.scab._TRW-1883,tmRNA,402,rnafm_faiss_guided_k14_lofo,faiss,1,consensus,0,14,RfamFamily|RfamFamily|SRP|SRP|SRP|SRP|SRP|SRP|SRP|SRP|RNaseP|SRP|RNaseP|SRP,0.0,0,0.13101582072500154,0.15555555555555556,0.11666666666666667,0.13333333333333333,1.9557837289994495,0.0010064460002467968,0.0,1.9567901749996963,tmRNA
tmRNA-Baci.mega._TRW-1404,tmRNA,360,rnafm_faiss_guided_k14_lofo,faiss,1,consensus,0,14,group_I_intron|group_I_intron|RNaseP|group_I_intron|group_I_intron|group_I_intron|group_I_intron|group_I_intron|group_I_intron|group_I_intron|group_I_intron|group_I_intron|SRP|group_I_intron,0.0,0,0.27894526868353303,0.07228915662650602,0.07058823529411765,0.07142857142857142,1.3001735870002449,0.0008378290003747679,0.0,1.3010114160006196,tmRNA
tmRNA-Salm.ente._CP000026,tmRNA,363,rnafm_faiss_guided_k14_lofo,faiss,1,consensus,0,14,RfamFamily|SRP|SRP|SRP|SRP|SRP|SRP|SRP|SRP|SRP|SRP|SRP|RNaseP|SRP,0.0,0,0.0955497721620204,0.11764705882352941,0.13953488372093023,0.1276595744680851,1.2953448820007907,0.0008715889998711646,0.0,1.2962164710006618,tmRNA
tmRNA-Camp.coli._AL111168_1-359,tmRNA,359,rnafm_faiss_guided_k14_lofo,faiss,1,consensus,0,14,RfamFamily|SRP|SRP|SRP|SRP|SRP|SRP|SRP|SRP|SRP|SRP|RfamFamily|SRP|RfamFamily,0.0,0,0.09135442495357396,0.10784313725490197,0.09401709401709402,0.1004566210045662,1.2833530970001448,0.0008205860003727139,0.0,1.2841736830005175,tmRNA
tmRNA-Clos.teta._AE015927,tmRNA,355,rnafm_faiss_guided_k14_lofo,faiss,1,consensus,0,14,RfamFamily|SRP|RfamFamily|RNaseP|SRP|SRP|SRP|SRP|SRP|RfamFamily|SRP|SRP|SRP|RfamFamily,0.0,0,0.1397528359917443,0.40404040404040403,0.4,0.4020100502512563,1.3244886360007513,0.000842066000586783,0.0,1.325330702001338,tmRNA
tmRNA-Stre.muta._TRW-210007,tmRNA,349,rnafm_faiss_guided_k14_lofo,faiss,1,consensus,0,14,RfamFamily|SRP|SRP|SRP|SRP|RNaseP|RfamFamily|SRP|SRP|RNaseP|SRP|RfamFamily|RNaseP|SRP,0.0,0,0.13064870303943454,0.36363636363636365,0.36,0.36180904522613067,1.3965915619992302,0.000924134999877424,0.0,1.3975156969991076,tmRNA
tmRNA-Acti.pleu._TRW-228399_1-366,tmRNA,366,rnafm_faiss_guided_k14_lofo,faiss,1,consensus,0,14,RfamFamily|RNaseP|SRP|SRP|SRP|RNaseP|SRP|RNaseP|RNaseP|RfamFamily|SRP|SRP|SRP|SRP,0.0,0,0.10214307721014868,0.19,0.18811881188118812,0.18905472636815923,1.3007731190000413,0.0008926170003178413,0.0,1.3016657360003592,tmRNA
tmRNA-Myco.pene._BA000026,tmRNA,405,rnafm_faiss_guided_k14_lofo,faiss,1,consensus,0,14,RfamFamily|RfamFamily|group_I_intron|RfamFamily|RNaseP|RNaseP|RNaseP|group_I_intron|RfamFamily|group_I_intron|group_I_intron|RNaseP|SRP|RfamFamily,0.0,0,0.2007683330689385,0.2391304347826087,0.18487394957983194,0.2085308056872038,1.5215426529994147,0.0010531000007176772,0.0,1.5225957530001324,tmRNA
tmRNA-uncu.bact._AF389950,tmRNA,363,rnafm_faiss_guided_k14_lofo,faiss,1,consensus,0,14,SRP|SRP|RNaseP|RNaseP|SRP|SRP|SRP|RNaseP|SRP|SRP|RNaseP|SRP|SRP|RNaseP,0.0,0,0.12709026877775967,0.09090909090909091,0.0963855421686747,0.09356725146198831,1.8884966019995773,0.0009578970002621645,0.0,1.8894544989998394,tmRNA
tmRNA-Myco.capr._D13067,tmRNA,411,rnafm_faiss_guided_k14_lofo,faiss,1,consensus,0,14,RfamFamily|RfamFamily|SRP|RfamFamily|RfamFamily|RfamFamily|RfamFamily|RfamFamily|RfamFamily|SRP|RfamFamily|RfamFamily|SRP|RfamFamily,0.0,0,0.16343417588847634,0.19047619047619047,0.17391304347826086,0.1818181818181818,1.8914251409996723,0.000998851999611361,0.0,1.8924239929992837,tmRNA
tmRNA-Phot.lumi._BX571870,tmRNA,364,rnafm_faiss_guided_k14_lofo,faiss,1,consensus,0,14,RfamFamily|SRP|SRP|SRP|RNaseP|SRP|SRP|SRP|SRP|SRP|SRP|SRP|SRP|SRP,0.0,0,0.09802135139974551,0.1188118811881188,0.1411764705882353,0.12903225806451613,1.3240385590006554,0.0008378989996344899,0.0,1.3248764580002899,tmRNA
tmRNA-Stre.pyog._AE010048_1-348,tmRNA,348,rnafm_faiss_guided_k14_lofo,faiss,1,consensus,0,14,RfamFamily|SRP|SRP|SRP|SRP|RfamFamily|SRP|SRP|SRP|RNaseP|RfamFamily|SRP|SRP|SRP,0.0,0,0.11334431516609267,0.3137254901960784,0.43243243243243246,0.36363636363636365,1.4144224819992814,0.0008260280001195497,0.0,1.415248509999401,tmRNA
tmRNA-Osci.sanc._AY911518,tmRNA,395,rnafm_faiss_guided_k14_lofo,faiss,1,consensus,0,14,group_I_intron|group_I_intron|group_I_intron|group_I_intron|group_I_intron|group_I_intron|group_I_intron|group_I_intron|group_I_intron|group_I_intron|group_I_intron|RNaseP|RNaseP|group_I_intron,0.0,0,0.9842616943841135,0.0,0.0,0.0,1.2984534380002515,0.0008251500003098045,0.0,1.2992785880005613,tmRNA
tmRNA-Borr.gari._CP000013,tmRNA,363,rnafm_faiss_guided_k14_lofo,faiss,1,consensus,0,14,RfamFamily|RfamFamily|RfamFamily|SRP|RfamFamily|RfamFamily|SRP|RfamFamily|SRP|group_I_intron|SRP|RfamFamily|group_I_intron|SRP,0.0,0,0.1853170965605415,0.3504273504273504,0.41414141414141414,0.3796296296296296,1.2466588509996654,0.0007957839998198324,0.0,1.2474546349994853,tmRNA
tmRNA-Stap.aure._AC074317,tmRNA,359,rnafm_faiss_guided_k14_lofo,faiss,1,consensus,0,14,RfamFamily|SRP|SRP|SRP|SRP|SRP|SRP|SRP|SRP|SRP|SRP|SRP|SRP|SRP,0.0,0,0.08986901200707395,0.1188118811881188,0.1875,0.14545454545454545,1.2944272180002372,0.0008471270002701203,0.0,1.2952743450005073,tmRNA
tmRNA-Prot.mira._TRW-584_1-367,tmRNA,367,rnafm_faiss_guided_k14_lofo,faiss,1,consensus,0,14,RfamFamily|SRP|SRP|RNaseP|SRP|RNaseP|SRP|SRP|SRP|SRP|SRP|SRP|SRP|SRP,0.0,0,0.09413647747923375,0.11538461538461539,0.11320754716981132,0.11428571428571428,1.272470599999906,0.0008382250007343828,0.0,1.2733088250006404,tmRNA
tmRNA-Ther.ther._TRW-300852,tmRNA,349,rnafm_faiss_guided_k14_lofo,faiss,1,consensus,0,14,group_I_intron|RNaseP|RfamFamily|group_I_intron|group_I_intron|group_I_intron|group_I_intron|group_I_intron|group_I_intron|group_I_intron|group_I_intron|group_I_intron|group_I_intron|group_I_intron,0.0,0,0.2062172907675311,0.11538461538461539,0.10810810810810811,0.11162790697674418,1.353450456000246,0.0009807910000745323,0.0,1.3544312470003206,tmRNA
tmRNA-uncu.bact._AF389966,tmRNA,363,rnafm_faiss_guided_k14_lofo,faiss,1,consensus,0,14,SRP|SRP|SRP|SRP|SRP|RNaseP|SRP|SRP|SRP|SRP|RNaseP|RNaseP|RNaseP|SRP,0.0,0,0.17587135072119434,0.0449438202247191,0.058823529411764705,0.05095541401273885,2.073553203999836,0.0010553329993854277,0.0,2.0746085369992215,tmRNA
tmRNA-Lact.plan._AL935259,tmRNA,372,rnafm_faiss_guided_k14_lofo,faiss,1,consensus,0,14,RfamFamily|SRP|SRP|SRP|SRP|RfamFamily|SRP|RNaseP|SRP|RfamFamily|SRP|SRP|SRP|SRP,0.0,0,0.1324182505392724,0.12244897959183673,0.11428571428571428,0.11822660098522167,1.9442909199997302,0.002005272000133118,0.0,1.9462961919998634,tmRNA
tmRNA-Shig.dyse._TRW-358708,tmRNA,363,rnafm_faiss_guided_k14_lofo,faiss,1,consensus,0,14,RfamFamily|SRP|SRP|SRP|SRP|SRP|SRP|SRP|RNaseP|SRP|SRP|SRP|SRP|SRP,0.0,0,0.09505623451748245,0.11650485436893204,0.15789473684210525,0.1340782122905028,1.48028740799964,0.0008714329997019377,0.0,1.481158840999342,tmRNA
tmRNA-Myco.bovi._TRW-1765,tmRNA,368,rnafm_faiss_guided_k14_lofo,faiss,1,consensus,0,14,RfamFamily|RfamFamily|SRP|SRP|SRP|SRP|SRP|SRP|SRP|SRP|SRP|SRP|RfamFamily|SRP,0.0,0,0.11345313704336658,0.14432989690721648,0.1206896551724138,0.13145539906103285,1.2836082369994983,0.0008290220002891147,0.0,1.2844372589997874,tmRNA
tmRNA-Leuc.lact._AF375569,tmRNA,358,rnafm_faiss_guided_k14_lofo,faiss,1,consensus,0,14,group_I_intron|RNaseP|RNaseP|RNaseP|group_I_intron|group_I_intron|group_I_intron|group_I_intron|group_I_intron|group_I_intron|group_I_intron|RfamFamily|group_I_intron|RfamFamily,0.0,0,0.4756920586219317,0.1686746987951807,0.15555555555555556,0.16184971098265896,1.2996858519991292,0.0008178049993148306,0.0,1.300503656998444,tmRNA
tmRNA-Soli.usit._CP000473,tmRNA,352,rnafm_faiss_guided_k14_lofo,faiss,1,consensus,0,14,RfamFamily|group_I_intron|SRP|SRP|group_I_intron|group_I_intron|group_I_intron|group_I_intron|group_I_intron|RfamFamily|group_I_intron|SRP|group_I_intron|RfamFamily,0.0,0,0.18447238828381166,0.41904761904761906,0.4074074074074074,0.4131455399061033,1.3451316880000377,0.0009256379998987541,0.0,1.3460573259999364,tmRNA
tmRNA-Neis.lact._TRW-486,tmRNA,362,rnafm_faiss_guided_k14_lofo,faiss,1,consensus,0,14,RfamFamily|SRP|SRP|RfamFamily|RNaseP|RfamFamily|SRP|SRP|SRP|SRP|SRP|SRP|RfamFamily|RfamFamily,0.0,0,0.11719760210560175,0.205607476635514,0.205607476635514,0.205607476635514,1.3886208210005861,0.00100247299997136,0.0,1.3896232940005575,tmRNA
tmRNA-Azot.vine._TRW-354_1-352,tmRNA,352,rnafm_faiss_guided_k14_lofo,faiss,1,consensus,0,14,RfamFamily|RfamFamily|RfamFamily|SRP|RfamFamily|SRP|SRP|SRP|RfamFamily|SRP|SRP|RNaseP|SRP|SRP,0.0,0,0.1017989652169735,0.17204301075268819,0.14953271028037382,0.16000000000000003,1.3017452459998822,0.0007862830007070443,0.0,1.3025315290005892,tmRNA
tmRNA-Clav.mich._TRW-31964,tmRNA,376,rnafm_faiss_guided_k14_lofo,faiss,1,consensus,0,14,RfamFamily|SRP|SRP|SRP|SRP|SRP|RfamFamily|SRP|SRP|SRP|SRP|RNaseP|SRP|RNaseP,0.0,0,0.13786438158173955,0.22448979591836735,0.1896551724137931,0.205607476635514,1.2915219169999546,0.000883248000718595,0.0,1.2924051650006732,tmRNA
tmRNA-Tann.fors._TRW-203275_1-400,tmRNA,400,rnafm_faiss_guided_k14_lofo,faiss,1,consensus,0,14,RfamFamily|SRP|SRP|SRP|RfamFamily|RfamFamily|SRP|SRP|SRP|SRP|RNaseP|RfamFamily|SRP|RfamFamily,0.0,0,0.12487459795135454,0.30434782608695654,0.2892561983471074,0.29661016949152547,1.945453536000059,0.00102387000060844,0.0,1.9464774060006675,tmRNA
tmRNA-Burk.viet._TRW-269482,tmRNA,370,rnafm_faiss_guided_k14_lofo,faiss,1,consensus,0,14,RfamFamily|RfamFamily|SRP|RfamFamily|SRP|SRP|SRP|SRP|SRP|SRP|RNaseP|RfamFamily|SRP|SRP,0.0,0,0.11403247890416572,0.24761904761904763,0.23636363636363636,0.24186046511627907,1.9549506160001329,0.0010165899993808125,0.0,1.9559672059995137,tmRNA
tmRNA-Mann.haem._TRW-272629,tmRNA,367,rnafm_faiss_guided_k14_lofo,faiss,1,consensus,0,14,RfamFamily|RNaseP|SRP|RNaseP|SRP|RNaseP|SRP|SRP|RNaseP|RNaseP|SRP|RfamFamily|RNaseP|SRP,0.0,0,0.10438646393403443,0.18181818181818182,0.1875,0.1846153846153846,1.4827410910002072,0.001141350999205315,0.0,1.4838824419994125,tmRNA
tmRNA-List.ivan._AF440342,tmRNA,321,rnafm_faiss_guided_k14_lofo,faiss,1,consensus,0,14,RfamFamily|SRP|SRP|SRP|SRP|SRP|SRP|SRP|SRP|SRP|SRP|SRP|SRP|SRP,0.0,0,0.1397430691098161,0.0,0.0,0.0,1.422468525000113,0.0008619669997642632,0.0,1.4233304919998773,tmRNA
tmRNA-uncu.bact._TRW-220137-3,tmRNA,372,rnafm_faiss_guided_k14_lofo,faiss,1,consensus,0,14,group_I_intron|group_I_intron|group_I_intron|group_I_intron|group_I_intron|group_I_intron|group_I_intron|group_I_intron|group_I_intron|group_I_intron|group_I_intron|group_I_intron|group_I_intron|group_I_intron,0.0,0,0.7890870719283152,0.27956989247311825,0.25,0.2639593908629442,1.305381000000125,0.0008975609998742584,0.0,1.3062785609999992,tmRNA
tmRNA-Rhod.balt._BX294141,tmRNA,380,rnafm_faiss_guided_k14_lofo,faiss,1,consensus,0,14,RfamFamily|group_I_intron|group_I_intron|RNaseP|RNaseP|RNaseP|group_I_intron|group_I_intron|group_I_intron|group_I_intron|SRP|group_I_intron|group_I_intron|SRP,0.0,0,0.24855156264867984,0.3939393939393939,0.35454545454545455,0.37320574162679426,1.3371071789997586,0.0009018869995998102,0.0,1.3380090659993584,tmRNA
tmRNA-Stre.pyog._TRW-1314-1,tmRNA,348,rnafm_faiss_guided_k14_lofo,faiss,1,consensus,0,14,RfamFamily|SRP|SRP|SRP|SRP|RfamFamily|SRP|SRP|SRP|RNaseP|RfamFamily|SRP|SRP|SRP,0.0,0,0.11334431516609267,0.3137254901960784,0.43243243243243246,0.36363636363636365,1.3036828750000495,0.0009360650001326576,0.0,1.3046189400001822,tmRNA
tmRNA-uncu.bact._AF389946,tmRNA,363,rnafm_faiss_guided_k14_lofo,faiss,1,consensus,0,14,SRP|SRP|SRP|SRP|SRP|SRP|SRP|RNaseP|RNaseP|RNaseP|RNaseP|SRP|SRP|SRP,0.0,0,0.14337160682296116,0.0,0.0,0.0,1.2958326309999393,0.000935088000005635,0.0,1.296767718999945,tmRNA
tmRNA-Geob.stea._TRW-1422,tmRNA,352,rnafm_faiss_guided_k14_lofo,faiss,1,consensus,0,14,RfamFamily|SRP|SRP|SRP|RNaseP|SRP|SRP|RNaseP|SRP|SRP|RNaseP|SRP|SRP|SRP,0.0,0,0.12499757772004803,0.3402061855670103,0.3113207547169811,0.32512315270935965,1.2977300709999327,0.0009203830004480551,0.0,1.2986504540003807,tmRNA
tmRNA-Ente.saka._TRW-28141,tmRNA,364,rnafm_faiss_guided_k14_lofo,faiss,1,consensus,0,14,RfamFamily|SRP|SRP|SRP|SRP|SRP|SRP|SRP|SRP|SRP|RNaseP|SRP|SRP|SRP,0.0,0,0.09434571861959366,0.15384615384615385,0.17582417582417584,0.1641025641025641,2.0620089020003434,0.0025550420004947227,0.0,2.064563944000838,tmRNA
tmRNA-uncu.bact._TRW-80840-4,tmRNA,346,rnafm_faiss_guided_k14_lofo,faiss,1,consensus,0,14,RNaseP|RNaseP|RNaseP|SRP|RfamFamily|RNaseP|group_I_intron|RNaseP|RNaseP|RNaseP|RNaseP|RNaseP|RNaseP|group_I_intron,0.0,0,0.029467825350982364,0.0,0.0,0.0,1.9916548029996193,0.000951539000197954,0.0,1.9926063419998172,tmRNA
tmRNA-Croc.wats._TRW-165597_1-386,tmRNA,386,rnafm_faiss_guided_k14_lofo,faiss,1,consensus,0,14,RfamFamily|group_I_intron|SRP|SRP|SRP|group_I_intron|SRP|group_I_intron|SRP|group_I_intron|group_I_intron|SRP|RNaseP|SRP,0.0,0,0.13464046487862122,0.06796116504854369,0.06422018348623854,0.0660377358490566,1.7353412450001997,0.0008297169997604215,0.0,1.7361709619999601,tmRNA
tmRNA-Stre.pyog._AE006568,tmRNA,345,rnafm_faiss_guided_k14_lofo,faiss,1,consensus,0,14,RfamFamily|SRP|SRP|SRP|SRP|RfamFamily|SRP|SRP|SRP|RNaseP|RfamFamily|SRP|SRP|SRP,0.0,0,0.11334431516609267,0.3137254901960784,0.43243243243243246,0.36363636363636365,1.2870867860001454,0.0009138129998973454,0.0,1.2880005990000427,tmRNA
tmRNA-Rhod.balt._BX294141,tmRNA,380,rnafm_faiss_guided_k14_lofo,faiss,1,consensus,0,14,RfamFamily|group_I_intron|group_I_intron|RNaseP|RNaseP|RNaseP|group_I_intron|group_I_intron|group_I_intron|group_I_intron|SRP|group_I_intron|group_I_intron|SRP,0.0,0,0.24855156264867984,0.3939393939393939,0.35454545454545455,0.37320574162679426,1.2885474229997271,0.0008501720003550872,0.0,1.2893975950000822,tmRNA
tmRNA-Neis.meni._TRW-122587,tmRNA,363,rnafm_faiss_guided_k14_lofo,faiss,1,consensus,0,14,RfamFamily|SRP|SRP|RfamFamily|RNaseP|RfamFamily|SRP|SRP|SRP|SRP|SRP|RfamFamily|SRP|RfamFamily,0.0,0,0.11971226119168064,0.23853211009174313,0.2549019607843137,0.24644549763033174,1.3178198569994493,0.0009158000002571498,0.0,1.3187356569997064,tmRNA
tmRNA-Pseu.ento._CT573326_1-392,tmRNA,392,rnafm_faiss_guided_k14_lofo,faiss,1,consensus,0,14,RfamFamily|RfamFamily|SRP|SRP|SRP|RfamFamily|RfamFamily|SRP|RNaseP|SRP|SRP|SRP|SRP|SRP,0.0,0,0.10299432020286337,0.18446601941747573,0.24358974358974358,0.2099447513812155,1.4019023430000743,0.000850160000481992,0.0,1.4027525030005563,tmRNA
tmRNA-envi.sequ._TRW-356-1,tmRNA,289,rnafm_faiss_guided_k14_lofo,faiss,1,consensus,0,14,RNaseP|RfamFamily|RNaseP|SRP|RfamFamily|RNaseP|RNaseP|RNaseP|RNaseP|SRP|RNaseP|RfamFamily|SRP|RNaseP,0.0,0,0.08684516510204625,0.4266666666666667,0.3950617283950617,0.41025641025641024,1.3064482899999348,0.000875558000188903,0.0,1.3073238480001237,tmRNA
tmRNA-Myxo.xant._TRW-34,tmRNA,366,rnafm_faiss_guided_k14_lofo,faiss,1,consensus,0,14,RfamFamily|SRP|SRP|RNaseP|SRP|group_I_intron|RNaseP|SRP|SRP|SRP|group_I_intron|group_I_intron|SRP|SRP,0.0,0,0.13905249802664557,0.11,0.09565217391304348,0.10232558139534885,1.294715492999785,0.0008469360000162851,0.0,1.2955624289998013,tmRNA
tmRNA-uncu.bact._AF389961,tmRNA,364,rnafm_faiss_guided_k14_lofo,faiss,1,consensus,0,14,SRP|SRP|SRP|SRP|SRP|SRP|RNaseP|RNaseP|RNaseP|SRP|SRP|RNaseP|SRP|RNaseP,0.0,0,0.12309812890974736,0.11235955056179775,0.10989010989010989,0.1111111111111111,1.6932095290003417,0.0009711859993331018,0.0,1.6941807149996748,tmRNA
tmRNA-Lept.spec._TRW-261385,tmRNA,359,rnafm_faiss_guided_k14_lofo,faiss,1,consensus,0,14,RfamFamily|group_I_intron|SRP|group_I_intron|group_I_intron|group_I_intron|RfamFamily|SRP|group_I_intron|group_I_intron|group_I_intron|group_I_intron|group_I_intron|group_I_intron,0.0,0,0.19124336584136095,0.11320754716981132,0.10909090909090909,0.1111111111111111,1.9194658189999245,0.0010555190001468873,0.0,1.9205213380000714,tmRNA
tmRNA-Rals.eutr._CP000090_1-360,tmRNA,360,rnafm_faiss_guided_k14_lofo,faiss,1,consensus,0,14,RfamFamily|SRP|RfamFamily|SRP|SRP|SRP|SRP|SRP|RNaseP|SRP|RfamFamily|SRP|RNaseP|RfamFamily,0.0,0,0.11915722359585401,0.18,0.16981132075471697,0.17475728155339804,1.8398678919993472,0.0008938070004660403,0.0,1.8407616989998132,tmRNA
tmRNA-Soda.glos._AP008232,tmRNA,384,rnafm_faiss_guided_k14_lofo,faiss,1,consensus,0,14,RfamFamily|RNaseP|SRP|RNaseP|SRP|SRP|SRP|RNaseP|SRP|group_I_intron|RNaseP|SRP|SRP|SRP,0.0,0,0.111363906705956,0.11538461538461539,0.11428571428571428,0.11483253588516745,1.4145966630003386,0.0008414100002482883,0.0,1.4154380730005869,tmRNA
tmRNA-uncu.bact._TRW-300695-1,tmRNA,384,rnafm_faiss_guided_k14_lofo,faiss,1,consensus,0,14,RfamFamily|group_I_intron|group_I_intron|group_I_intron|group_I_intron|group_I_intron|SRP|group_I_intron|group_I_intron|SRP|SRP|group_I_intron|RfamFamily|SRP,0.0,0,0.16747934508972875,0.20408163265306123,0.11627906976744186,0.14814814814814814,1.2873741530002007,0.0009142449998762459,0.0,1.288288398000077,tmRNA
tmRNA-Shew.balt._TRW-325240,tmRNA,356,rnafm_faiss_guided_k14_lofo,faiss,1,consensus,0,14,RfamFamily|SRP|SRP|SRP|RfamFamily|RNaseP|SRP|SRP|RfamFamily|SRP|SRP|SRP|SRP|SRP,0.0,0,0.11668661810627053,0.1717171717171717,0.15315315315315314,0.16190476190476188,1.2891478219999044,0.0008426479998888681,0.0,1.2899904699997933,tmRNA
tmRNA-Rubr.xyla._CP000386,tmRNA,360,rnafm_faiss_guided_k14_lofo,faiss,1,consensus,0,14,RfamFamily|group_I_intron|group_I_intron|group_I_intron|group_I_intron|group_I_intron|group_I_intron|group_I_intron|group_I_intron|RNaseP|group_I_intron|group_I_intron|group_I_intron|group_I_intron,0.0,0,0.1959194410910307,0.0707070707070707,0.0603448275862069,0.06511627906976744,1.2856525950001014,0.0008657339994897484,0.0,1.2865183289995912,tmRNA
tmRNA-Clos.diff._TRW-367459_1-350,tmRNA,350,rnafm_faiss_guided_k14_lofo,faiss,1,consensus,0,14,RfamFamily|SRP|SRP|SRP|SRP|RfamFamily|RNaseP|SRP|SRP|SRP|SRP|SRP|SRP|SRP,0.0,0,0.11211722470872375,0.1875,0.18181818181818182,0.1846153846153846,1.2824071909999475,0.000892373000169755,0.0,1.2832995640001172,tmRNA
tmRNA-Rals.sola._AL646061,tmRNA,357,rnafm_faiss_guided_k14_lofo,faiss,1,consensus,0,14,RfamFamily|RfamFamily|SRP|SRP|RNaseP|SRP|SRP|group_I_intron|group_I_intron|SRP|SRP|group_I_intron|RNaseP|SRP,0.0,0,0.12702281725569256,0.41237113402061853,0.36036036036036034,0.38461538461538464,1.2850489910006218,0.0008384710008613183,0.0,1.285887462001483,tmRNA
tmRNA-Ther.yell._TRW-289376,tmRNA,350,rnafm_faiss_guided_k14_lofo,faiss,1,consensus,0,14,RfamFamily|group_I_intron|group_I_intron|SRP|group_I_intron|SRP|group_I_intron|group_I_intron|SRP|group_I_intron|group_I_intron|SRP|RfamFamily|group_I_intron,0.0,0,0.19177987379094336,0.36538461538461536,0.35514018691588783,0.36018957345971564,1.621080219999385,0.0009927150003932184,0.0,1.6220729349997782,tmRNA
tmRNA-Desu.acet._TRW-281689,tmRNA,353,rnafm_faiss_guided_k14_lofo,faiss,1,consensus,0,14,RfamFamily|SRP|group_I_intron|SRP|SRP|group_I_intron|group_I_intron|group_I_intron|group_I_intron|SRP|group_I_intron|group_I_intron|RfamFamily|SRP,0.0,0,0.18453550573512376,0.18478260869565216,0.17346938775510204,0.1789473684210526,2.0118878670000413,0.0009336100001746672,0.0,2.012821477000216,tmRNA
tmRNA-Lept.ferr._TRW-180,tmRNA,364,rnafm_faiss_guided_k14_lofo,faiss,1,consensus,0,14,group_I_intron|group_I_intron|group_I_intron|RfamFamily|group_I_intron|group_I_intron|group_I_intron|group_I_intron|RNaseP|group_I_intron|group_I_intron|RfamFamily|group_I_intron|RNaseP,0.0,0,0.9104062557156695,0.25742574257425743,0.25742574257425743,0.25742574257425743,1.8947145120000641,0.0010115659997609328,0.0,1.895726077999825,tmRNA
tmRNA-List.gray._AF440336,tmRNA,321,rnafm_faiss_guided_k14_lofo,faiss,1,consensus,0,14,RfamFamily|SRP|SRP|SRP|SRP|SRP|SRP|SRP|RNaseP|group_I_intron|SRP|SRP|RNaseP|SRP,0.0,0,0.14707187212137499,0.26582278481012656,0.23333333333333334,0.2485207100591716,1.290483623,0.0008380210001632804,0.0,1.2913216440001634,tmRNA
tmRNA-Yers.berc._TRW-349968,tmRNA,381,rnafm_faiss_guided_k14_lofo,faiss,1,consensus,0,14,RfamFamily|RNaseP|SRP|SRP|RNaseP|RNaseP|SRP|RNaseP|RfamFamily|SRP|SRP|SRP|RNaseP|RNaseP,0.0,0,0.10371483117355106,0.12121212121212122,0.1276595744680851,0.1243523316062176,1.303161939000347,0.0010098860002472065,0.0,1.3041718250005943,tmRNA
tmRNA-Yers.pest._AE009952,tmRNA,364,rnafm_faiss_guided_k14_lofo,faiss,1,consensus,0,14,RfamFamily|RNaseP|SRP|SRP|RNaseP|SRP|RNaseP|RNaseP|SRP|SRP|SRP|SRP|SRP|SRP,0.0,0,0.10314466479609141,0.1188118811881188,0.11214953271028037,0.11538461538461538,1.2899933389999205,0.0008917929999370244,0.0,1.2908851319998575,tmRNA
tmRNA-Nitr.mult._CP000103,tmRNA,362,rnafm_faiss_guided_k14_lofo,faiss,1,consensus,0,14,RfamFamily|SRP|SRP|RfamFamily|SRP|RNaseP|group_I_intron|group_I_intron|RNaseP|RNaseP|SRP|RNaseP|RNaseP|RNaseP,0.0,0,0.12305904559161819,0.2358490566037736,0.25,0.24271844660194175,1.4091775460001372,0.0008220550007536076,0.0,1.4099996010008908,tmRNA
tmRNA-Idio.loih._AE017340,tmRNA,359,rnafm_faiss_guided_k14_lofo,faiss,1,consensus,0,14,RfamFamily|SRP|group_I_intron|RNaseP|SRP|group_I_intron|SRP|group_I_intron|SRP|SRP|group_I_intron|SRP|group_I_intron|RfamFamily,0.0,0,0.12856799511754843,0.3076923076923077,0.2916666666666667,0.2994652406417112,1.314509929000451,0.0009390060004079714,0.0,1.315448935000859,tmRNA
tmRNA-Rubr.xyla._TRW-266117,tmRNA,360,rnafm_faiss_guided_k14_lofo,faiss,1,consensus,0,14,RfamFamily|group_I_intron|group_I_intron|group_I_intron|group_I_intron|group_I_intron|group_I_intron|group_I_intron|group_I_intron|RNaseP|group_I_intron|group_I_intron|group_I_intron|group_I_intron,0.0,0,0.1959194410910307,0.0707070707070707,0.0603448275862069,0.06511627906976744,1.3059213720007392,0.0009062380004252191,0.0,1.3068276100011644,tmRNA
tmRNA-Lact.lact._AF176556,tmRNA,359,rnafm_faiss_guided_k14_lofo,faiss,1,consensus,0,14,RfamFamily|SRP|SRP|SRP|SRP|RNaseP|RfamFamily|SRP|SRP|RfamFamily|SRP|SRP|RNaseP|SRP,0.0,0,0.1272807689774114,0.43956043956043955,0.39603960396039606,0.4166666666666667,1.5422647629993662,0.0009312499996667611,0.0,1.543196012999033,tmRNA
tmRNA-Salm.ente._TRW-321314_1-363,tmRNA,363,rnafm_faiss_guided_k14_lofo,faiss,1,consensus,0,14,RfamFamily|SRP|SRP|SRP|SRP|SRP|SRP|SRP|SRP|SRP|SRP|SRP|RNaseP|SRP,0.0,0,0.0948603826162531,0.11764705882352941,0.14285714285714285,0.12903225806451615,1.921638437999718,0.0009476899995206622,0.0,1.9225861279992387,tmRNA
tmRNA-Haem.infl._L42023,tmRNA,366,rnafm_faiss_guided_k14_lofo,faiss,1,consensus,0,14,RfamFamily|SRP|RNaseP|SRP|SRP|RNaseP|RNaseP|SRP|SRP|SRP|SRP|RNaseP|RfamFamily|SRP,0.0,0,0.09050279769642668,0.19,0.19791666666666666,0.19387755102040816,1.8885836600002222,0.0009670879999248427,0.0,1.889550748000147,tmRNA
tmRNA-Leuc.mese._AF375574,tmRNA,307,rnafm_faiss_guided_k14_lofo,faiss,1,consensus,0,14,group_I_intron|group_I_intron|group_I_intron|RNaseP|SRP|RNaseP|group_I_intron|group_I_intron|group_I_intron|SRP|group_I_intron|group_I_intron|SRP|group_I_intron,0.0,0,0.9958893641260591,0.0,0.0,0.0,1.3675109580008211,0.0008165240005837404,0.0,1.3683274820014049,tmRNA
tmRNA-Plec.bory._AY082652,tmRNA,391,rnafm_faiss_guided_k14_lofo,faiss,1,consensus,0,14,group_I_intron|group_I_intron|group_I_intron|group_I_intron|group_I_intron|group_I_intron|group_I_intron|group_I_intron|group_I_intron|group_I_intron|group_I_intron|group_I_intron|group_I_intron|group_I_intron,0.0,0,0.6150619838523065,0.11363636363636363,0.1111111111111111,0.11235955056179774,1.2900618180001402,0.0008490479995089117,0.0,1.290910865999649,tmRNA
tmRNA-Synt.acid._CP000252,tmRNA,356,rnafm_faiss_guided_k14_lofo,faiss,1,consensus,0,14,RfamFamily|SRP|RfamFamily|group_I_intron|SRP|group_I_intron|RfamFamily|SRP|RfamFamily|SRP|group_I_intron|group_I_intron|group_I_intron|RfamFamily,0.0,0,0.1855890689779532,0.16666666666666666,0.11009174311926606,0.13259668508287295,1.260140835999664,0.0008896760000425274,0.0,1.2610305119997065,tmRNA
tmRNA-Desu.vulg._AE017285,tmRNA,352,rnafm_faiss_guided_k14_lofo,faiss,1,consensus,0,14,RfamFamily|group_I_intron|SRP|SRP|group_I_intron|RfamFamily|group_I_intron|group_I_intron|RNaseP|group_I_intron|group_I_intron|group_I_intron|group_I_intron|group_I_intron,0.0,0,0.16999021740518452,0.0,0.0,0.0,1.3059810110007675,0.0008153499993568403,0.0,1.3067963610001243,tmRNA
tmRNA-Ther.fusc._CP000088,tmRNA,372,rnafm_faiss_guided_k14_lofo,faiss,1,consensus,0,14,RfamFamily|SRP|SRP|RfamFamily|SRP|SRP|SRP|SRP|SRP|SRP|RNaseP|SRP|RNaseP|SRP,0.0,0,0.1382681623287383,0.35514018691588783,0.3220338983050847,0.33777777777777773,1.295477930000743,0.0008119160002024728,0.0,1.2962898460009455,tmRNA
tmRNA-Pseu.atla._CP000388,tmRNA,357,rnafm_faiss_guided_k14_lofo,faiss,1,consensus,0,14,RfamFamily|SRP|SRP|RNaseP|SRP|RNaseP|SRP|SRP|group_I_intron|SRP|SRP|RNaseP|RfamFamily|RNaseP,0.0,0,0.12946893630501993,0.2247191011235955,0.2127659574468085,0.2185792349726776,1.28673052799968,0.0008992289995148894,0.0,1.2876297569991948,tmRNA
tmRNA-Lact.lact._AF375552,tmRNA,359,rnafm_faiss_guided_k14_lofo,faiss,1,consensus,0,14,group_I_intron|group_I_intron|group_I_intron|group_I_intron|group_I_intron|RNaseP|group_I_intron|group_I_intron|group_I_intron|group_I_intron|group_I_intron|group_I_intron|group_I_intron|group_I_intron,0.0,0,0.5628796174015146,0.0,0.0,0.0,1.3159664380000322,0.0009752949999892735,0.0,1.3169417330000215,tmRNA
tmRNA-Chla.muri._TRW-83560,tmRNA,421,rnafm_faiss_guided_k14_lofo,faiss,1,consensus,0,14,RfamFamily|SRP|group_I_intron|SRP|SRP|group_I_intron|RfamFamily|group_I_intron|SRP|group_I_intron|RfamFamily|group_I_intron|group_I_intron|SRP,0.0,0,0.4578851584576161,0.2540983606557377,0.248,0.2510121457489879,2.180571570000211,0.000984971000434598,0.0,2.1815565410006457,tmRNA
tmRNA-Heli.pylo._TRW-85962,tmRNA,386,rnafm_faiss_guided_k14_lofo,faiss,1,consensus,0,14,RfamFamily|SRP|SRP|SRP|SRP|SRP|SRP|SRP|SRP|SRP|SRP|SRP|SRP|SRP,0.0,0,0.09436307459605502,0.25961538461538464,0.24324324324324326,0.25116279069767444,1.9362999059994763,0.0009671330008131918,0.0,1.9372670390002895,tmRNA
tmRNA-Chla.trac._TRW-813-2,tmRNA,420,rnafm_faiss_guided_k14_lofo,faiss,1,consensus,0,14,RfamFamily|SRP|group_I_intron|SRP|SRP|group_I_intron|SRP|group_I_intron|RfamFamily|group_I_intron|SRP|group_I_intron|group_I_intron|RfamFamily,0.0,0,0.3847507846615022,0.21487603305785125,0.208,0.2113821138211382,1.3472679570004402,0.0008386330000575981,0.0,1.3481065900004978,tmRNA
tmRNA-Prev.inte._TRW-246198,tmRNA,400,rnafm_faiss_guided_k14_lofo,faiss,1,consensus,0,14,RfamFamily|RfamFamily|SRP|SRP|RfamFamily|SRP|SRP|RNaseP|RfamFamily|RfamFamily|RfamFamily|SRP|SRP|SRP,0.0,0,0.12236025805760795,0.25961538461538464,0.216,0.23580786026200873,1.3192651090002983,0.0009950360008588177,0.0,1.320260145001157,tmRNA
tmRNA-Trem.prin._TRW-189385-4,tmRNA,265,rnafm_faiss_guided_k14_lofo,faiss,1,consensus,0,14,RNaseP|group_I_intron|group_I_intron|group_I_intron|group_I_intron|group_I_intron|group_I_intron|RNaseP|group_I_intron|group_I_intron|group_I_intron|group_I_intron|group_I_intron|group_I_intron,0.0,0,0.5299928934674175,0.2765957446808511,0.19402985074626866,0.2280701754385965,1.2628415319995838,0.0008581089996368974,0.0,1.2636996409992207,tmRNA
tmRNA-Ther.yell._TRW-289376_1-350,tmRNA,350,rnafm_faiss_guided_k14_lofo,faiss,1,consensus,0,14,RfamFamily|group_I_intron|group_I_intron|SRP|group_I_intron|SRP|group_I_intron|group_I_intron|SRP|group_I_intron|group_I_intron|SRP|RfamFamily|group_I_intron,0.0,0,0.19177987379094336,0.36538461538461536,0.35514018691588783,0.36018957345971564,1.4237655309998445,0.000861895000525692,0.0,1.4246274260003702,tmRNA
tmRNA-Heli.must._DQ250625,tmRNA,366,rnafm_faiss_guided_k14_lofo,faiss,1,consensus,0,14,RfamFamily|RfamFamily|RfamFamily|RfamFamily|SRP|group_I_intron|RNaseP|RNaseP|RNaseP|group_I_intron|SRP|group_I_intron|SRP|RfamFamily,0.0,0,0.2023720180338329,0.36633663366336633,0.3557692307692308,0.3609756097560976,1.3217163990002518,0.000882629999978235,0.0,1.32259902900023,tmRNA
tmRNA-Myco.Bxz1._AY129337,tmRNA,437,rnafm_faiss_guided_k14_lofo,faiss,1,consensus,0,14,RfamFamily|group_I_intron|group_I_intron|group_I_intron|group_I_intron|group_I_intron|group_I_intron|group_I_intron|group_I_intron|group_I_intron|group_I_intron|group_I_intron|group_I_intron|group_I_intron,0.0,0,0.2307183510075645,0.29333333333333333,0.18333333333333332,0.22564102564102562,1.323586806000094,0.0008678049998707138,0.0,1.3244546109999646,tmRNA
tmRNA-Stre.aure._AY616521_1-382,tmRNA,382,rnafm_faiss_guided_k14_lofo,faiss,1,consensus,0,14,RfamFamily|SRP|RfamFamily|SRP|SRP|SRP|SRP|SRP|RNaseP|SRP|SRP|RNaseP|SRP|SRP,0.0,0,0.13486836858940524,0.06862745098039216,0.06542056074766354,0.06698564593301437,1.4910326629997144,0.0009935349999068421,0.0,1.4920261979996212,tmRNA
tmRNA-Idio.loih._AE017340,tmRNA,359,rnafm_faiss_guided_k14_lofo,faiss,1,consensus,0,14,RfamFamily|SRP|group_I_intron|RNaseP|SRP|group_I_intron|SRP|group_I_intron|SRP|SRP|group_I_intron|SRP|group_I_intron|RfamFamily,0.0,0,0.12856799511754843,0.3076923076923077,0.2916666666666667,0.2994652406417112,1.9216120640003282,0.0011059610005759168,0.0,1.9227180250009042,tmRNA
tmRNA-Leuc.lact._AF375569,tmRNA,358,rnafm_faiss_guided_k14_lofo,faiss,1,consensus,0,14,group_I_intron|RNaseP|RNaseP|RNaseP|group_I_intron|group_I_intron|group_I_intron|group_I_intron|group_I_intron|group_I_intron|group_I_intron|RfamFamily|group_I_intron|RfamFamily,0.0,0,0.4756920586219317,0.1686746987951807,0.15555555555555556,0.16184971098265896,1.8866450300001816,0.0009691140003269538,0.0,1.8876141440005085,tmRNA
tmRNA-Myxo.xant._TRW-34,tmRNA,366,rnafm_faiss_guided_k14_lofo,faiss,1,consensus,0,14,RfamFamily|SRP|SRP|RNaseP|SRP|group_I_intron|RNaseP|SRP|SRP|SRP|group_I_intron|group_I_intron|SRP|SRP,0.0,0,0.13905249802664557,0.11,0.09565217391304348,0.10232558139534885,1.3734861570001158,0.0009358440001960844,0.0,1.3744220010003119,tmRNA
tmRNA-Cald.sacc._TRW-351627,tmRNA,368,rnafm_faiss_guided_k14_lofo,faiss,1,consensus,0,14,RfamFamily|group_I_intron|group_I_intron|group_I_intron|group_I_intron|RfamFamily|RNaseP|RNaseP|RNaseP|RNaseP|RNaseP|group_I_intron|RfamFamily|SRP,0.0,0,0.9200706640158752,0.18811881188118812,0.17117117117117117,0.17924528301886797,1.3064485539998714,0.0008412239994868287,0.0,1.3072897779993582,tmRNA
tmRNA-uncu.bact._TRW-72274-1,tmRNA,359,rnafm_faiss_guided_k14_lofo,faiss,1,consensus,0,14,RfamFamily|SRP|SRP|SRP|SRP|SRP|SRP|RfamFamily|RfamFamily|SRP|RNaseP|RfamFamily|SRP|SRP,0.0,0,0.1063431033732585,0.13043478260869565,0.2,0.15789473684210528,1.2653053350004484,0.0008850029998939135,0.0,1.2661903380003423,tmRNA
tmRNA-Aero.hydr._AY442269,tmRNA,360,rnafm_faiss_guided_k14_lofo,faiss,1,consensus,0,14,RfamFamily|SRP|SRP|SRP|RNaseP|RfamFamily|SRP|SRP|RNaseP|SRP|SRP|SRP|SRP|SRP,0.0,0,0.10607698048228058,0.22826086956521738,0.23333333333333334,0.23076923076923078,1.2841070590002346,0.0008673409993207315,0.0,1.2849743999995553,tmRNA
tmRNA-Ther.comm._TRW-289377,tmRNA,355,rnafm_faiss_guided_k14_lofo,faiss,1,consensus,0,14,RfamFamily|group_I_intron|RfamFamily|RfamFamily|group_I_intron|group_I_intron|group_I_intron|group_I_intron|group_I_intron|group_I_intron|group_I_intron|SRP|SRP|group_I_intron,0.0,0,0.18542820766154403,0.33035714285714285,0.3523809523809524,0.3410138248847926,1.303575932000058,0.0008365359999515931,0.0,1.3044124680000095,tmRNA
tmRNA-uncu.bact._AF389963-1,tmRNA,363,rnafm_faiss_guided_k14_lofo,faiss,1,consensus,0,14,RfamFamily|SRP|SRP|SRP|SRP|SRP|SRP|SRP|SRP|SRP|SRP|SRP|SRP|SRP,0.0,0,0.1002288527671729,0.05154639175257732,0.05952380952380952,0.05524861878453038,1.2699771520001377,0.0009460209994358593,0.0,1.2709231729995736,tmRNA
tmRNA-Woli.succ._BX571661,tmRNA,369,rnafm_faiss_guided_k14_lofo,faiss,1,consensus,0,14,RfamFamily|group_I_intron|group_I_intron|group_I_intron|group_I_intron|group_I_intron|SRP|group_I_intron|group_I_intron|group_I_intron|RNaseP|RNaseP|RNaseP|group_I_intron,0.0,0,0.20881282222301492,0.3673469387755102,0.3673469387755102,0.36734693877551017,1.3159053310000672,0.0010633199999574572,0.0,1.3169686510000247,tmRNA
tmRNA-Camp.jeju._AL139078,tmRNA,356,rnafm_faiss_guided_k14_lofo,faiss,1,consensus,0,14,RfamFamily|SRP|SRP|SRP|SRP|SRP|SRP|SRP|SRP|SRP|SRP|RfamFamily|RfamFamily|SRP,0.0,0,0.0908822977988911,0.10784313725490197,0.09401709401709402,0.1004566210045662,2.107331506999799,0.0009656619995439542,0.0,2.108297168999343,tmRNA
tmRNA-Stap.aure._BX571856,tmRNA,362,rnafm_faiss_guided_k14_lofo,faiss,1,consensus,0,14,RfamFamily|SRP|SRP|SRP|SRP|SRP|SRP|SRP|SRP|SRP|SRP|SRP|SRP|SRP,0.0,0,0.09188162883370578,0.25742574257425743,0.26804123711340205,0.26262626262626265,1.89301695299946,0.0009573539991833968,0.0,1.8939743069986434,tmRNA
tmRNA-Clos.botu._TRW-36826,tmRNA,355,rnafm_faiss_guided_k14_lofo,faiss,1,consensus,0,14,RfamFamily|SRP|SRP|RfamFamily|RNaseP|RfamFamily|SRP|SRP|SRP|SRP|RfamFamily|SRP|SRP|RfamFamily,0.0,0,0.13401666713108565,0.32989690721649484,0.32653061224489793,0.3282051282051282,1.365478508999331,0.0008248800004366785,0.0,1.3663033889997678,tmRNA
tmRNA-Xyle.fast._AE009442,tmRNA,355,rnafm_faiss_guided_k14_lofo,faiss,1,consensus,0,14,RfamFamily|SRP|RfamFamily|SRP|SRP|SRP|SRP|RNaseP|SRP|SRP|SRP|SRP|SRP|SRP,0.0,0,0.11330040992396685,0.1919191919191919,0.20212765957446807,0.19689119170984454,1.2832341659996018,0.0008062159995461116,0.0,1.284040381999148,tmRNA
tmRNA-Buch.aphi._AE016826,tmRNA,367,rnafm_faiss_guided_k14_lofo,faiss,1,consensus,0,14,RfamFamily|SRP|SRP|RNaseP|RfamFamily|RNaseP|group_I_intron|SRP|RNaseP|RfamFamily|RNaseP|SRP|RNaseP|group_I_intron,0.0,0,0.12797397322490225,0.3113207547169811,0.3473684210526316,0.3283582089552239,1.2632431279998855,0.0008224169996537967,0.0,1.2640655449995393,tmRNA
tmRNA-Haem.infl._AY599475,tmRNA,366,rnafm_faiss_guided_k14_lofo,faiss,1,consensus,0,14,RfamFamily|SRP|RNaseP|SRP|SRP|RNaseP|RNaseP|SRP|SRP|SRP|SRP|RNaseP|RfamFamily|SRP,0.0,0,0.09050279769642668,0.19,0.19791666666666666,0.19387755102040816,1.2981483539997498,0.0009319599994341843,0.0,1.299080313999184,tmRNA
tmRNA-Ocea.ihey._BA000028,tmRNA,364,rnafm_faiss_guided_k14_lofo,faiss,1,consensus,0,14,RfamFamily|SRP|SRP|SRP|SRP|SRP|group_I_intron|SRP|SRP|RNaseP|RNaseP|SRP|RNaseP|group_I_intron,0.0,0,0.14132285505210068,0.38636363636363635,0.3269230769230769,0.35416666666666663,1.260698672000217,0.000819562999822665,0.0,1.2615182350000396,tmRNA
tmRNA-Bord.bron._TRW-257310,tmRNA,387,rnafm_faiss_guided_k14_lofo,faiss,1,consensus,0,14,RfamFamily|SRP|RfamFamily|SRP|SRP|SRP|SRP|RNaseP|RNaseP|SRP|group_I_intron|RNaseP|group_I_intron|group_I_intron,0.0,0,0.12017819351240058,0.24347826086956523,0.25,0.24669603524229075,1.2877391149995674,0.0008826729999782401,0.0,1.2886217879995456,tmRNA
tmRNA-Burk.fung._TRW-266265,tmRNA,370,rnafm_faiss_guided_k14_lofo,faiss,1,consensus,0,14,RfamFamily|RfamFamily|SRP|SRP|RfamFamily|RNaseP|SRP|SRP|RfamFamily|SRP|SRP|SRP|SRP|RfamFamily,0.0,0,0.11485661517938077,0.25,0.23214285714285715,0.24074074074074076,1.3463000570000077,0.001159858999926655,0.0,1.3474599159999343,tmRNA
tmRNA-Camp.fetu._TRW-196,tmRNA,359,rnafm_faiss_guided_k14_lofo,faiss,1,consensus,0,14,group_I_intron|RNaseP|group_I_intron|SRP|group_I_intron|group_I_intron|group_I_intron|group_I_intron|group_I_intron|group_I_intron|group_I_intron|group_I_intron|group_I_intron|group_I_intron,0.0,0,0.268815766391254,0.2247191011235955,0.19607843137254902,0.2094240837696335,1.9163149460000568,0.0009479370000917697,0.0,1.9172628830001486,tmRNA
tmRNA-Stap.aure._BA000033,tmRNA,362,rnafm_faiss_guided_k14_lofo,faiss,1,consensus,0,14,RfamFamily|SRP|SRP|SRP|SRP|SRP|SRP|SRP|SRP|SRP|SRP|SRP|SRP|SRP,0.0,0,0.08965175541177188,0.2079207920792079,0.30434782608695654,0.24705882352941178,1.9456671429998096,0.0010056190003524534,0.0,1.946672762000162,tmRNA
tmRNA-Kleb.aero._AX048500,tmRNA,365,rnafm_faiss_guided_k14_lofo,faiss,1,consensus,0,14,SRP|SRP|RNaseP|RNaseP|RNaseP|SRP|SRP|SRP|SRP|SRP|SRP|RNaseP|RNaseP|SRP,0.0,0,0.11949084266011446,0.0898876404494382,0.1,0.09467455621301776,1.546686136000062,0.0009479420004936401,0.0,1.5476340780005557,tmRNA
tmRNA-Tric.eryt._CP000393,tmRNA,398,rnafm_faiss_guided_k14_lofo,faiss,1,consensus,0,14,RfamFamily|SRP|SRP|group_I_intron|SRP|SRP|SRP|RNaseP|group_I_intron|SRP|SRP|SRP|SRP|SRP,0.0,0,0.13413149899277357,0.24528301886792453,0.2222222222222222,0.23318385650224216,1.2787693090003813,0.0008322000003317953,0.0,1.2796015090007131,tmRNA
tmRNA-Stap.aure._BX571856,tmRNA,362,rnafm_faiss_guided_k14_lofo,faiss,1,consensus,0,14,RfamFamily|SRP|SRP|SRP|SRP|SRP|SRP|SRP|SRP|SRP|SRP|SRP|SRP|SRP,0.0,0,0.09188162883370578,0.25742574257425743,0.26804123711340205,0.26262626262626265,1.2667619530002412,0.000845721999212401,0.0,1.2676076749994536,tmRNA
tmRNA-Myco.pulm._AL445565_1-387,tmRNA,387,rnafm_faiss_guided_k14_lofo,faiss,1,consensus,0,14,RfamFamily|RfamFamily|RfamFamily|group_I_intron|RfamFamily|RfamFamily|RfamFamily|RfamFamily|SRP|RfamFamily|RNaseP|RNaseP|RNaseP|RfamFamily,0.0,0,0.20329831507521437,0.12631578947368421,0.24489795918367346,0.16666666666666666,1.2820907830000579,0.0008412369998040958,0.0,1.282932019999862,tmRNA
tmRNA-Stre.coll._AY485228,tmRNA,386,rnafm_faiss_guided_k14_lofo,faiss,1,consensus,0,14,RfamFamily|RfamFamily|SRP|SRP|SRP|SRP|SRP|SRP|RfamFamily|RfamFamily|RfamFamily|SRP|SRP|SRP,0.0,0,0.11609399273743544,0.052083333333333336,0.09433962264150944,0.06711409395973154,1.2975921799998105,0.0008418600000368315,0.0,1.2984340399998473,tmRNA
tmRNA-List.mono._AL591983,tmRNA,370,rnafm_faiss_guided_k14_lofo,faiss,1,consensus,0,14,RfamFamily|SRP|SRP|SRP|SRP|SRP|SRP|SRP|SRP|SRP|SRP|SRP|SRP|SRP,0.0,0,0.10357252393455856,0.31683168316831684,0.2857142857142857,0.3004694835680751,1.271438044000206,0.0008604140002717031,0.0,1.2722984580004777,tmRNA
tmRNA-Bloc.flor._BX248583_1-393,tmRNA,393,rnafm_faiss_guided_k14_lofo,faiss,1,consensus,0,14,RfamFamily|RfamFamily|RfamFamily|group_I_intron|RfamFamily|RfamFamily|group_I_intron|RNaseP|group_I_intron|group_I_intron|group_I_intron|SRP|SRP|RfamFamily,0.0,0,0.16205232328818825,0.17475728155339806,0.1651376146788991,0.16981132075471697,1.316179282000121,0.0008724709996386082,0.0,1.3170517529997596,tmRNA
tmRNA-envi.sequ._TRW-32045-2,tmRNA,345,rnafm_faiss_guided_k14_lofo,faiss,1,consensus,0,14,RfamFamily|SRP|RfamFamily|RfamFamily|RfamFamily|group_I_intron|group_I_intron|group_I_intron|group_I_intron|SRP|RNaseP|RNaseP|RNaseP|group_I_intron,0.0,0,0.18611537406821707,0.2,0.18181818181818182,0.1904761904761905,2.183282548000534,0.0009733289998621331,0.0,2.184255877000396,tmRNA
tmRNA-Heli.pylo._TRW-85963,tmRNA,386,rnafm_faiss_guided_k14_lofo,faiss,1,consensus,0,14,RfamFamily|SRP|SRP|SRP|SRP|SRP|SRP|SRP|SRP|SRP|SRP|SRP|SRP|SRP,0.0,0,0.0950802210634427,0.22115384615384615,0.18699186991869918,0.2026431718061674,1.9096171910005069,0.0009722770000735181,0.0,1.9105894680005804,tmRNA
tmRNA-Lact.plan._AL935259_1-372,tmRNA,372,rnafm_faiss_guided_k14_lofo,faiss,1,consensus,0,14,RfamFamily|SRP|SRP|SRP|SRP|RfamFamily|SRP|RNaseP|SRP|RfamFamily|SRP|SRP|SRP|SRP,0.0,0,0.1324182505392724,0.12244897959183673,0.11428571428571428,0.11822660098522167,1.5467156499998964,0.0008375400002478273,0.0,1.5475531900001442,tmRNA
tmRNA-Stap.aure._AC074317,tmRNA,359,rnafm_faiss_guided_k14_lofo,faiss,1,consensus,0,14,RfamFamily|SRP|SRP|SRP|SRP|SRP|SRP|SRP|SRP|SRP|SRP|SRP|SRP|SRP,0.0,0,0.08986901200707395,0.1188118811881188,0.1875,0.14545454545454545,1.2744705639997846,0.0008353400007763412,0.0,1.275305904000561,tmRNA
tmRNA-uncu.bact._AF389951,tmRNA,362,rnafm_faiss_guided_k14_lofo,faiss,1,consensus,0,14,RNaseP|RNaseP|RNaseP|SRP|SRP|SRP|SRP|SRP|RNaseP|SRP|SRP|SRP|RNaseP|RNaseP,0.0,0,0.15177229055590483,0.10112359550561797,0.10344827586206896,0.10227272727272727,1.3020223379999152,0.0008360440006072167,0.0,1.3028583820005224,tmRNA
tmRNA-Fuso.nucl._TRW-209882_1-344,tmRNA,344,rnafm_faiss_guided_k14_lofo,faiss,1,consensus,0,14,RfamFamily|RNaseP|RfamFamily|SRP|SRP|RNaseP|RfamFamily|SRP|SRP|SRP|RNaseP|RfamFamily|RfamFamily|RNaseP,0.0,0,0.10894204007441356,0.4019607843137255,0.40594059405940597,0.40394088669950745,1.3050484499999584,0.0008305380006277119,0.0,1.305878988000586,tmRNA
tmRNA-Mann.succ._AE016827,tmRNA,367,rnafm_faiss_guided_k14_lofo,faiss,1,consensus,0,14,RfamFamily|RNaseP|SRP|SRP|SRP|SRP|RNaseP|RNaseP|RNaseP|SRP|SRP|SRP|SRP|SRP,0.0,0,0.09353479901197392,0.16666666666666666,0.1574074074074074,0.16190476190476188,1.3719234999998662,0.0010039449998657801,0.0,1.372927444999732,tmRNA
tmRNA-Frem.dipl._AY082653,tmRNA,389,rnafm_faiss_guided_k14_lofo,faiss,1,consensus,0,14,RNaseP|group_I_intron|group_I_intron|group_I_intron|group_I_intron|group_I_intron|group_I_intron|group_I_intron|group_I_intron|group_I_intron|group_I_intron|group_I_intron|group_I_intron|group_I_intron,0.0,0,0.7708814935114042,0.11702127659574468,0.11827956989247312,0.11764705882352942,1.3079700270000103,0.000854328999594145,0.0,1.3088243559996044,tmRNA
tmRNA-Myco.arth._TRW-243272_1-394,tmRNA,394,rnafm_faiss_guided_k14_lofo,faiss,1,consensus,0,14,RfamFamily|RfamFamily|SRP|group_I_intron|RfamFamily|RNaseP|RNaseP|RNaseP|group_I_intron|RfamFamily|RfamFamily|RfamFamily|group_I_intron|group_I_intron,0.0,0,0.2317895793901532,0.1111111111111111,0.11224489795918367,0.11167512690355329,1.29821210099999,0.0008789969997451408,0.0,1.2990910979997352,tmRNA
tmRNA-uncu.bact._TRW-45456,tmRNA,408,rnafm_faiss_guided_k14_lofo,faiss,1,consensus,0,14,RfamFamily|group_I_intron|group_I_intron|group_I_intron|group_I_intron|group_I_intron|SRP|group_I_intron|group_I_intron|SRP|group_I_intron|RfamFamily|group_I_intron|SRP,0.0,0,0.16608358393649028,0.13,0.10483870967741936,0.11607142857142856,1.9409330560001763,0.0009354479998364695,0.0,1.9418685040000128,tmRNA
tmRNA-uncu.bact._TRW-32033-3,tmRNA,357,rnafm_faiss_guided_k14_lofo,faiss,1,consensus,0,14,group_I_intron|group_I_intron|group_I_intron|group_I_intron|group_I_intron|group_I_intron|group_I_intron|SRP|group_I_intron|group_I_intron|SRP|group_I_intron|group_I_intron|SRP,0.0,0,0.7567725170886392,0.0,0.0,0.0,1.8973137900002257,0.0010809289997268934,0.0,1.8983947189999526,tmRNA
tmRNA-Cyan.para._TRW-2762,tmRNA,294,rnafm_faiss_guided_k14_lofo,faiss,1,consensus,0,14,RfamFamily|RfamFamily|SRP|SRP|RfamFamily|RfamFamily|RfamFamily|RfamFamily|RfamFamily|RfamFamily|group_I_intron|RNaseP|RfamFamily|RfamFamily,0.0,0,0.1844272884033873,0.2857142857142857,0.26666666666666666,0.2758620689655172,1.6400725110006533,0.0009293720004279749,0.0,1.6410018830010813,tmRNA
tmRNA-Leuc.mese._CP000414,tmRNA,358,rnafm_faiss_guided_k14_lofo,faiss,1,consensus,0,14,SRP|group_I_intron|group_I_intron|group_I_intron|group_I_intron|group_I_intron|RfamFamily|group_I_intron|SRP|SRP|group_I_intron|group_I_intron|group_I_intron|RfamFamily,0.0,0,0.31849329812004484,0.1836734693877551,0.17142857142857143,0.17733990147783252,1.2835679849995358,0.0007820370001354604,0.0,1.2843500219996713,tmRNA
tmRNA-Buch.aphi._AE016826_1-367,tmRNA,367,rnafm_faiss_guided_k14_lofo,faiss,1,consensus,0,14,RfamFamily|SRP|SRP|RNaseP|RfamFamily|RNaseP|group_I_intron|SRP|RNaseP|RfamFamily|RNaseP|SRP|RNaseP|group_I_intron,0.0,0,0.12797397322490225,0.3113207547169811,0.3473684210526316,0.3283582089552239,1.275474297999608,0.0008416800001214142,0.0,1.2763159779997295,tmRNA
tmRNA-Prym.parv._AF550354,tmRNA,289,rnafm_faiss_guided_k14_lofo,faiss,1,consensus,0,14,group_I_intron|group_I_intron|group_I_intron|group_I_intron|group_I_intron|group_I_intron|group_I_intron|group_I_intron|group_I_intron|group_I_intron|group_I_intron|RNaseP|group_I_intron|group_I_intron,0.0,0,0.6451269812250038,0.3181818181818182,0.11290322580645161,0.16666666666666666,1.283023886000592,0.0008310749999509426,0.0,1.283854961000543,tmRNA
tmRNA-Stre.pneu._AE008453,tmRNA,348,rnafm_faiss_guided_k14_lofo,faiss,1,consensus,0,14,RfamFamily|SRP|SRP|SRP|SRP|SRP|SRP|RfamFamily|SRP|SRP|SRP|SRP|SRP|SRP,0.0,0,0.1057694314250159,0.09278350515463918,0.10227272727272728,0.0972972972972973,1.2738255839994963,0.000829524999971909,0.0,1.2746551089994682,tmRNA
tmRNA-Soda.glos._AP008232,tmRNA,384,rnafm_faiss_guided_k14_lofo,faiss,1,consensus,0,14,RfamFamily|RNaseP|SRP|RNaseP|SRP|SRP|SRP|RNaseP|SRP|group_I_intron|RNaseP|SRP|SRP|SRP,0.0,0,0.111363906705956,0.11538461538461539,0.11428571428571428,0.11483253588516745,1.2735447439999916,0.0008314160004374571,0.0,1.274376160000429,tmRNA
tmRNA-Clos.perf._TRW-195102_1-361,tmRNA,361,rnafm_faiss_guided_k14_lofo,faiss,1,consensus,0,14,RfamFamily|SRP|RNaseP|SRP|RfamFamily|RfamFamily|SRP|SRP|RfamFamily|SRP|RNaseP|SRP|SRP|RfamFamily,0.0,0,0.147802313269586,0.061224489795918366,0.06060606060606061,0.06091370558375635,1.2973614399998041,0.0008793990000413032,0.0,1.2982408389998454,tmRNA
tmRNA-Myco.malm._TRW-1780,tmRNA,368,rnafm_faiss_guided_k14_lofo,faiss,1,consensus,0,14,RNaseP|group_I_intron|group_I_intron|group_I_intron|RNaseP|group_I_intron|group_I_intron|group_I_intron|group_I_intron|group_I_intron|group_I_intron|group_I_intron|group_I_intron|group_I_intron,0.0,0,0.753191065765752,0.2441860465116279,0.2079207920792079,0.2245989304812834,1.9408251380000365,0.0009859649999270914,0.0,1.9418111029999636,tmRNA
tmRNA-Nitr.mult._CP000103,tmRNA,362,rnafm_faiss_guided_k14_lofo,faiss,1,consensus,0,14,RfamFamily|SRP|SRP|RfamFamily|SRP|RNaseP|group_I_intron|group_I_intron|RNaseP|RNaseP|SRP|RNaseP|RNaseP|RNaseP,0.0,0,0.12305904559161819,0.2358490566037736,0.25,0.24271844660194175,1.9159967429995959,0.0009405729997524759,0.0,1.9169373159993484,tmRNA
tmRNA-Bdel.bact._BX842656,tmRNA,346,rnafm_faiss_guided_k14_lofo,faiss,1,consensus,0,14,RfamFamily|SRP|group_I_intron|RfamFamily|group_I_intron|group_I_intron|RNaseP|RNaseP|RNaseP|group_I_intron|group_I_intron|group_I_intron|SRP|SRP,0.0,0,0.1973959434699609,0.06060606060606061,0.05825242718446602,0.0594059405940594,1.7778065510001397,0.0008869539997249376,0.0,1.7786935049998647,tmRNA
tmRNA-uncu.bact._TRW-80840-2,tmRNA,379,rnafm_faiss_guided_k14_lofo,faiss,1,consensus,0,14,RfamFamily|SRP|RfamFamily|SRP|SRP|SRP|SRP|SRP|SRP|RNaseP|SRP|SRP|RNaseP|SRP,0.0,0,0.11554822116245589,0.25225225225225223,0.2413793103448276,0.24669603524229072,1.2643521299996792,0.0009242429996447754,0.0,1.265276372999324,tmRNA
tmRNA-Mann.haem._TRW-272629,tmRNA,367,rnafm_faiss_guided_k14_lofo,faiss,1,consensus,0,14,RfamFamily|RNaseP|SRP|RNaseP|SRP|RNaseP|SRP|SRP|RNaseP|RNaseP|SRP|RfamFamily|RNaseP|SRP,0.0,0,0.10438646393403443,0.18181818181818182,0.1875,0.1846153846153846,1.3165628630003994,0.000821994000034465,0.0,1.3173848570004338,tmRNA
tmRNA-Trem.prin._TRW-189385-5,tmRNA,265,rnafm_faiss_guided_k14_lofo,faiss,1,consensus,0,14,RNaseP|RNaseP|RNaseP|RNaseP|group_I_intron|group_I_intron|group_I_intron|group_I_intron|group_I_intron|group_I_intron|group_I_intron|group_I_intron|group_I_intron|group_I_intron,0.0,0,0.48787770026619637,0.28846153846153844,0.21739130434782608,0.24793388429752064,1.3182915800007322,0.0008426899994447012,0.0,1.319134270000177,tmRNA
tmRNA-Syne.spec._AB003477,tmRNA,394,rnafm_faiss_guided_k14_lofo,faiss,1,consensus,0,14,RfamFamily|group_I_intron|group_I_intron|group_I_intron|SRP|group_I_intron|group_I_intron|group_I_intron|group_I_intron|group_I_intron|group_I_intron|SRP|group_I_intron|SRP,0.0,0,0.13782654602942312,0.06930693069306931,0.061946902654867256,0.06542056074766356,1.391891100999601,0.0009754909997354844,0.0,1.3928665919993364,tmRNA
tmRNA-Shig.dyse._CP000034_1-363,tmRNA,363,rnafm_faiss_guided_k14_lofo,faiss,1,consensus,0,14,RfamFamily|SRP|SRP|SRP|SRP|SRP|SRP|SRP|RNaseP|SRP|SRP|SRP|SRP|SRP,0.0,0,0.09505623451748245,0.11650485436893204,0.15789473684210525,0.1340782122905028,1.3007909210000435,0.0008283639999717707,0.0,1.3016192850000152,tmRNA
tmRNA-Borr.gari._CP000013,tmRNA,363,rnafm_faiss_guided_k14_lofo,faiss,1,consensus,0,14,RfamFamily|RfamFamily|RfamFamily|SRP|RfamFamily|RfamFamily|SRP|RfamFamily|SRP|group_I_intron|SRP|RfamFamily|group_I_intron|SRP,0.0,0,0.1853170965605415,0.3504273504273504,0.41414141414141414,0.3796296296296296,1.2930462689992055,0.0008441119998678914,0.0,1.2938903809990734,tmRNA
tmRNA-Nost.spec._BA000019_1-390,tmRNA,390,rnafm_faiss_guided_k14_lofo,faiss,1,consensus,0,14,RfamFamily|SRP|SRP|SRP|SRP|RfamFamily|SRP|SRP|SRP|SRP|SRP|SRP|SRP|SRP,0.0,0,0.1123100791120254,0.11009174311926606,0.10810810810810811,0.10909090909090909,1.6852782530004333,0.0009027679998325766,0.0,1.686181021000266,tmRNA
tmRNA-uncu.bact._AF389943,tmRNA,363,rnafm_faiss_guided_k14_lofo,faiss,1,consensus,0,14,SRP|SRP|SRP|SRP|SRP|SRP|RNaseP|RNaseP|SRP|SRP|RNaseP|RNaseP|SRP|SRP,0.0,0,0.1489427352726287,0.07777777777777778,0.08045977011494253,0.0790960451977401,1.9102451480002856,0.0009245649998774752,0.0,1.911169713000163,tmRNA
tmRNA-Grac.tenu._AY673996_1-396,tmRNA,396,rnafm_faiss_guided_k14_lofo,faiss,1,consensus,0,14,group_I_intron|RfamFamily|SRP|group_I_intron|group_I_intron|group_I_intron|group_I_intron|group_I_intron|RfamFamily|group_I_intron|group_I_intron|RfamFamily|group_I_intron|group_I_intron,0.0,0,0.333839565882933,0.6176470588235294,0.1926605504587156,0.29370629370629375,1.981310391000079,0.0008302400001412025,0.0,1.9821406310002203,tmRNA
tmRNA-Syne.elon._TRW-32046,tmRNA,394,rnafm_faiss_guided_k14_lofo,faiss,1,consensus,0,14,RfamFamily|group_I_intron|group_I_intron|group_I_intron|SRP|group_I_intron|group_I_intron|group_I_intron|group_I_intron|group_I_intron|group_I_intron|SRP|group_I_intron|SRP,0.0,0,0.13782654602942312,0.06930693069306931,0.061946902654867256,0.06542056074766356,1.2850128789996234,0.0008381959996768273,0.0,1.2858510749993002,tmRNA
tmRNA-Stre.gord._TRW-29390,tmRNA,349,rnafm_faiss_guided_k14_lofo,faiss,1,consensus,0,14,RfamFamily|SRP|SRP|RfamFamily|SRP|RfamFamily|SRP|SRP|RNaseP|SRP|SRP|SRP|SRP|SRP,0.0,0,0.1148026106316211,0.1111111111111111,0.11224489795918367,0.11167512690355329,1.278036155999871,0.000857311999425292,0.0,1.2788934679992963,tmRNA
tmRNA-Stap.aure._BA000018_1-362,tmRNA,362,rnafm_faiss_guided_k14_lofo,faiss,1,consensus,0,14,RfamFamily|SRP|SRP|SRP|SRP|SRP|SRP|SRP|SRP|SRP|SRP|SRP|SRP|SRP,0.0,0,0.0914593355021199,0.26,0.2653061224489796,0.2626262626262626,1.2868754850005644,0.0009380600004078588,0.0,1.2878135450009722,tmRNA
tmRNA-Lept.ferr._TRW-180,tmRNA,364,rnafm_faiss_guided_k14_lofo,faiss,1,consensus,0,14,group_I_intron|group_I_intron|group_I_intron|RfamFamily|group_I_intron|group_I_intron|group_I_intron|group_I_intron|RNaseP|group_I_intron|group_I_intron|RfamFamily|group_I_intron|RNaseP,0.0,0,0.9104062557156695,0.25742574257425743,0.25742574257425743,0.25742574257425743,1.2844346850006332,0.000814367999737442,0.0,1.2852490530003706,tmRNA
tmRNA-Sulf.azor._TRW-204536,tmRNA,351,rnafm_faiss_guided_k14_lofo,faiss,1,consensus,0,14,RfamFamily|group_I_intron|group_I_intron|group_I_intron|group_I_intron|group_I_intron|group_I_intron|group_I_intron|group_I_intron|group_I_intron|SRP|group_I_intron|SRP|RfamFamily,0.0,0,0.20707074163389097,0.28,0.2828282828282828,0.2814070351758794,1.2797198709995428,0.0008249889997387072,0.0,1.2805448599992815,tmRNA
tmRNA-uncu.bact._AF389949,tmRNA,362,rnafm_faiss_guided_k14_lofo,faiss,1,consensus,0,14,SRP|SRP|SRP|SRP|SRP|SRP|RNaseP|RNaseP|RNaseP|SRP|RNaseP|SRP|SRP|SRP,0.0,0,0.13136608018462995,0.09195402298850575,0.09090909090909091,0.09142857142857144,1.275131763999525,0.0010324690001652925,0.0,1.2761642329996903,tmRNA
tmRNA-Myco.kans._TRW-1768,tmRNA,368,rnafm_faiss_guided_k14_lofo,faiss,1,consensus,0,14,RNaseP|RNaseP|group_I_intron|group_I_intron|group_I_intron|group_I_intron|group_I_intron|group_I_intron|group_I_intron|RNaseP|group_I_intron|SRP|group_I_intron|group_I_intron,0.0,0,0.3709299114550813,0.2823529411764706,0.25263157894736843,0.26666666666666666,1.7364701639999112,0.000948954000705271,0.0,1.7374191180006164,tmRNA
tmRNA-Salm.typh._AY316313,tmRNA,363,rnafm_faiss_guided_k14_lofo,faiss,1,consensus,0,14,RfamFamily|SRP|SRP|SRP|SRP|SRP|SRP|SRP|SRP|SRP|SRP|SRP|RNaseP|SRP,0.0,0,0.0955497721620204,0.11764705882352941,0.13953488372093023,0.1276595744680851,1.8842281490005917,0.0009062009994522668,0.0,1.885134350000044,tmRNA
tmRNA-Clos.ther._TRW-203119,tmRNA,387,rnafm_faiss_guided_k14_lofo,faiss,1,consensus,0,14,RfamFamily|SRP|RfamFamily|SRP|group_I_intron|SRP|SRP|group_I_intron|RfamFamily|group_I_intron|RfamFamily|RfamFamily|group_I_intron|RfamFamily,0.0,0,0.17959467977034418,0.06930693069306931,0.06140350877192982,0.06511627906976745,1.9371072290005031,0.001080322000234446,0.0,1.9381875510007376,tmRNA
tmRNA-uncu.bact._AF389959,tmRNA,364,rnafm_faiss_guided_k14_lofo,faiss,1,consensus,0,14,SRP|SRP|SRP|SRP|SRP|RNaseP|RNaseP|RNaseP|SRP|SRP|SRP|RNaseP|RNaseP|SRP,0.0,0,0.12295879533879331,0.11235955056179775,0.10869565217391304,0.11049723756906078,1.311280966000595,0.0008336740002050647,0.0,1.3121146400008001,tmRNA
tmRNA-Porp.purp._TRW-2787,tmRNA,323,rnafm_faiss_guided_k14_lofo,faiss,1,consensus,0,14,SRP|RfamFamily|RfamFamily|RfamFamily|group_I_intron|RfamFamily|RfamFamily|RNaseP|group_I_intron|RfamFamily|RNaseP|RNaseP|RNaseP|group_I_intron,0.0,0,0.2387206107497632,0.5818181818181818,0.3950617283950617,0.47058823529411764,1.28931460900003,0.0008890439994502231,0.0,1.2902036529994803,tmRNA
tmRNA-Shew.putr._TRW-319224,tmRNA,356,rnafm_faiss_guided_k14_lofo,faiss,1,consensus,0,14,RfamFamily|SRP|SRP|RfamFamily|SRP|SRP|RNaseP|SRP|RfamFamily|SRP|SRP|SRP|SRP|RfamFamily,0.0,0,0.1143127082867162,0.19801980198019803,0.18518518518518517,0.1913875598086124,1.3194265590000214,0.0008495000001857989,0.0,1.3202760590002072,tmRNA
tmRNA-Psyc.arct._CP000082,tmRNA,359,rnafm_faiss_guided_k14_lofo,faiss,1,consensus,0,14,RfamFamily|SRP|SRP|RfamFamily|RNaseP|SRP|RfamFamily|SRP|SRP|SRP|RNaseP|SRP|RNaseP|group_I_intron,0.0,0,0.12739939900204478,0.1276595744680851,0.11428571428571428,0.12060301507537688,1.3724190009997983,0.0009065210006156121,0.0,1.373325522000414,tmRNA
tmRNA-Acti.acti._TRW-272556,tmRNA,366,rnafm_faiss_guided_k14_lofo,faiss,1,consensus,0,14,RfamFamily|RNaseP|SRP|SRP|RNaseP|SRP|RNaseP|SRP|RNaseP|RfamFamily|SRP|SRP|SRP|SRP,0.0,0,0.09369988410204286,0.12,0.11764705882352941,0.1188118811881188,1.2842560819999562,0.0009108730000662035,0.0,1.2851669550000224,tmRNA
tmRNA-Stre.pneu._TRW-216600,tmRNA,348,rnafm_faiss_guided_k14_lofo,faiss,1,consensus,0,14,RfamFamily|SRP|SRP|SRP|SRP|SRP|SRP|RfamFamily|SRP|SRP|SRP|SRP|SRP|SRP,0.0,0,0.1057694314250159,0.16494845360824742,0.19047619047619047,0.17679558011049726,1.3429588340004557,0.001101734999792825,0.0,1.3440605690002485,tmRNA
tmRNA-Rumi.albu._TRW-246199,tmRNA,354,rnafm_faiss_guided_k14_lofo,faiss,1,consensus,0,14,RfamFamily|SRP|SRP|group_I_intron|group_I_intron|RfamFamily|group_I_intron|group_I_intron|SRP|group_I_intron|RfamFamily|group_I_intron|RNaseP|group_I_intron,0.0,0,0.17264434213943414,0.33695652173913043,0.30392156862745096,0.31958762886597936,1.478165276999789,0.0009383709993926459,0.0,1.4791036479991817,tmRNA
tmRNA-List.ivan._TRW-1638,tmRNA,370,rnafm_faiss_guided_k14_lofo,faiss,1,consensus,0,14,RNaseP|group_I_intron|group_I_intron|group_I_intron|group_I_intron|group_I_intron|group_I_intron|group_I_intron|group_I_intron|group_I_intron|group_I_intron|group_I_intron|group_I_intron|group_I_intron,0.0,0,0.5851626333101949,0.2222222222222222,0.20202020202020202,0.21164021164021166,1.9144107700003588,0.0009508089997325442,0.0,1.9153615790000913,tmRNA
